symbol,year,quarter,year_quarter,quarter_open,quarter_high,quarter_low,quarter_close,avg_close,total_volume,usd_sar,eur_sar,gbp_sar,cny_sar,aed_sar,gdp_value,gdp_growth_rate,inflation_rate,unemployment_rate
1120,2014,Q1,2014-Q1,18.2506,18.8131,17.3755,18.6881,18.0513171875,752506574,3.7499531255859297,5.13535658774955,6.203281535932509,0.6146730656409367,1.0211062665291577,762832.0,7.07,1.37,5.61
1120,2014,Q2,2014-Q2,18.6881,19.0006,17.401,18.2812,18.142144615384613,780544902,3.7499531255859297,5.143463054109231,6.307215454479925,0.602165280473368,1.0211062665291577,763677.0,5.82,2.03,5.7
1120,2014,Q3,2014-Q3,18.2812,21.5312,17.9427,19.2969,19.41649333333333,833427135,3.7499531255859297,4.971906028814358,6.261847313020899,0.6082294770482624,1.0211062665291577,759291.0,4.06,2.0,5.64
1120,2014,Q4,2014-Q4,19.3646,19.6354,13.1083,13.8802,16.58187868852459,1353487626,3.7499531255859297,4.685021426334404,5.936901066706247,0.6099428642651714,1.0211062665291577,666024.0,-7.86,1.97,5.72
1120,2015,Q1,2015-Q1,14.151,17.4687,13.4875,15.5729,16.04571111111111,875137529,3.7499531255859297,4.229134507623015,5.685558302873481,0.60178932024553,1.0211062665291577,669419.0,-12.25,1.53,5.68
1120,2015,Q2,2015-Q2,15.5052,18.6875,15.0312,16.4937,17.211827692307693,784831276,3.7499531255859297,4.143256508555142,5.742382823838839,0.6049622862521988,1.0211062665291577,684728.0,-10.34,1.23,5.74
1120,2015,Q3,2015-Q3,16.5208,17.9427,13.6094,14.8931,16.155904838709677,599077528,3.7499531255859297,4.1669025646832365,5.81146349074398,0.5950148106947445,1.0211062665291577,644479.0,-15.12,0.97,5.82
1120,2015,Q4,2015-Q4,14.8958,15.9115,12.6208,14.1077,14.036551515151515,729865447,3.7499531255859297,4.105224031446016,5.6907134360837,0.5865087683060861,1.0211062665291577,601678.0,-9.66,1.0,5.77
1120,2016,Q1,2016-Q1,14.0833,14.9635,12.1062,14.0508,13.945493846153846,610885145,3.7499531255859297,4.133366945328273,5.372446316863342,0.5732240134247804,1.0211062665291577,608587.0,-9.09,3.4,5.72
1120,2016,Q2,2016-Q2,14.0156,16.9948,13.5417,15.776,15.679330769230768,453891696,3.7499531255859297,4.232967654545184,5.381704805803252,0.5740741792158651,1.0211062665291577,654884.0,-4.36,3.17,5.7
1120,2016,Q3,2016-Q3,15.776,16.25,13.2979,13.9479,15.398676666666669,356432373,3.7499531255859297,4.1871263160433845,4.93156911808535,0.5625352731017034,1.0211062665291577,648526.0,0.63,2.93,5.81
1120,2016,Q4,2016-Q4,14.0156,17.6042,13.1625,17.0625,16.025201538461538,614998440,3.7499531255859297,4.047701279645562,4.660394046447919,0.5489941472450042,1.0211062665291577,672801.0,11.82,2.17,5.87
1120,2017,Q1,2017-Q1,17.0625,18.2812,16.7917,17.2656,17.361461538461537,468343959,3.7499531255859297,3.995255412239332,4.643373441761262,0.5444649391802415,1.0211062665291577,670636.0,10.2,-0.7,5.8
1120,2017,Q2,2017-Q2,17.1302,19.2021,16.5208,18.7687,17.264511475409837,773379926,3.7499531255859297,4.120729215109764,4.7913650125049365,0.5463913254672996,1.0211062665291577,682872.0,4.27,-0.77,6.0
1120,2017,Q3,2017-Q3,18.5521,19.4187,16.7104,17.9021,17.729576923076923,644077712,3.7499531255859297,4.399604609446621,4.902300351153905,0.5619010333482156,1.0211062665291577,697938.0,7.62,-0.9,5.8
1120,2017,Q4,2017-Q4,17.6312,18.3083,16.7375,17.4958,17.375998484848484,1002499533,3.7499531255859297,4.41559800395772,4.978007487572566,0.5669772716067643,1.0211062665291577,728302.0,8.25,-1.03,6.0
1120,2018,Q1,2018-Q1,17.4958,21.1792,17.3604,20.4208,19.652759375,904325245,3.7499531255859297,4.606775850666755,5.213870052978713,0.5894828401545231,1.0211062665291577,774359.0,15.47,2.97,6.1
1120,2018,Q2,2018-Q2,20.4208,25.025,20.0687,23.3729,22.51999076923077,658310942,3.7499531255859297,4.472570853386178,5.103697600869535,0.5882371953367658,1.0211062665291577,844768.0,23.71,2.47,6.0
1120,2018,Q3,2018-Q3,23.4542,24.4833,21.6937,23.8062,23.2933,452162643,3.7499531255859297,4.360108983767598,4.886170808847156,0.5510443788382188,1.0211062665291577,843111.0,20.8,2.3,6.0
1120,2018,Q4,2018-Q4,23.8062,24.2125,21.1792,23.6979,23.341316666666668,707614533,3.7499531255859297,4.28065858862964,4.825528303559299,0.5422638691352247,1.0211062665291577,862380.0,18.41,2.17,6.0
1120,2019,Q1,2019-Q1,23.6979,29.0875,23.3458,28.8708,27.0033515625,650624534,3.7499531255859297,4.259953736902418,4.879471629125458,0.5555847066049762,1.0211062665291577,791540.0,2.22,-2.93,5.7
1120,2019,Q2,2019-Q2,29.4125,32.0417,27.2083,29.0417,29.70076923076923,1261350570,3.7499531255859297,4.213555981953015,4.8196063705662935,0.5496529937967733,1.0211062665291577,846688.0,0.23,-2.5,5.6
1120,2019,Q3,2019-Q3,29.0833,30.3333,23.6667,26.375,27.51986769230769,1088855090,3.7499531255859297,4.170502849314746,4.62402411730144,0.5347938631241611,1.0211062665291577,837803.0,-0.63,-1.77,5.5
1120,2019,Q4,2019-Q4,26.375,27.875,23.625,27.25,25.981689393939394,970496232,3.7499531255859297,4.151993656475779,4.824275755602191,0.5325519484165552,1.0211062665291577,857307.0,-0.59,-0.97,5.7
1120,2020,Q1,2020-Q1,27.2083,27.875,21.25,22.4167,25.62949384615385,1083554308,3.7499531255859297,4.135388060725674,4.7995881847852,0.537373119415527,1.0211062665291577,739156.0,-6.62,0.8,5.7
1120,2020,Q2,2020-Q2,22.375,25.0,21.2917,23.5833,23.25763333333333,1001135217,3.7499531255859297,4.125167556599792,4.651638296784747,0.5288480817052852,1.0211062665291577,646000.0,-23.7,0.47,9.0
1120,2020,Q3,2020-Q3,23.5833,28.7083,23.5417,27.375,26.109725,626568638,3.7499531255859297,4.378371226867208,4.839364654543005,0.541610714943805,1.0211062665291577,733093.0,-12.5,5.9,8.5
1120,2020,Q4,2020-Q4,27.4583,31.5,26.6667,30.6667,29.502524242424244,552283206,3.7499531255859297,4.468998026354458,4.947845939136117,0.5659013670823787,1.0211062665291577,761568.0,-11.17,5.53,7.4
1120,2021,Q1,2021-Q1,30.6667,41.625,29.75,41.1667,34.6992234375,645035325,3.7499531255859297,4.522222199890261,5.168810478672052,0.5784065413923789,1.0211062665291577,823010.0,11.34,5.1,5.8
1120,2021,Q2,2021-Q2,41.1667,47.9167,37.375,46.25,42.4282737704918,525579304,3.7499531255859297,4.516243339161438,5.240190765977687,0.5802069107106196,1.0211062665291577,884785.0,36.96,5.83,6.3
1120,2021,Q3,2021-Q3,46.25,51.8333,44.0,51.0833,49.09861,371111493,3.7499531255859297,4.419953206147579,5.1704390264737725,0.5795527490643688,1.0211062665291577,961502.0,31.16,0.47,6.1
1120,2021,Q4,2021-Q4,51.0,62.9167,50.8333,59.0833,57.90384769230769,487863639,3.7499531255859297,4.288156670600584,5.054128618783559,0.5864635292992717,1.0211062665291577,1015682.0,33.37,1.33,6.3
1120,2022,Q1,2022-Q1,59.25,70.75,58.8333,66.9167,63.5612015625,635469184,3.7499531255859297,4.207579533772138,5.031668764127109,0.5906736567424741,1.0211062665291577,1071428.0,30.18,1.83,5.4
1120,2022,Q2,2022-Q2,67.4167,78.2667,54.4667,55.0,65.57278166666667,688075863,3.7499531255859297,3.998040520799696,4.717839499100241,0.5676048572005977,1.0211062665291577,1218947.0,37.77,2.33,5.1
1120,2022,Q3,2022-Q3,55.3333,61.8667,52.3333,54.2,57.71888333333333,440169664,3.7499531255859297,3.782527682346615,4.419033931936309,0.5477791425946512,1.0211062665291577,1199420.0,24.74,2.87,4.9
1120,2022,Q4,2022-Q4,54.2,59.1333,47.8667,50.1333,54.13645625,368897920,3.7499531255859297,3.821613717931676,4.39119431894008,0.5268595277964215,1.0211062665291577,1156737.0,13.89,3.17,4.1
1120,2023,Q1,2023-Q1,50.2667,54.8667,46.0,49.0,50.534378125,222002919,3.7499531255859297,4.021979672020964,4.554282493034478,0.5478258011343646,1.0211062665291577,1146388.0,7.0,3.23,4.3
1120,2023,Q2,2023-Q2,49.0,52.4,47.0667,48.6667,49.633934545454544,21467389,3.7499531255859297,4.0845914398633685,4.694668558979224,0.5354462473749896,1.0211062665291577,1126757.0,-7.56,2.83,4.1
1120,2023,Q3,2023-Q3,48.6667,50.8,44.2,45.2667,47.8729171875,401265808,3.7499531255859297,4.082737564292023,4.749845759084725,0.5179620221237343,1.0211062665291577,1143376.0,-4.67,2.13,4.2
1120,2023,Q4,2023-Q4,45.2667,58.6667,42.0667,57.6667,48.806060606060605,422254147,3.7499531255859297,4.03450554722586,4.654172237761424,0.5193274483749002,1.0211062665291577,1153172.0,-0.31,1.67,3.4
1120,2024,Q1,2024-Q1,86.5,92.5,81.7,82.3,87.253125,258918700,3.7499531255859297,4.073668033658347,4.757759461275236,0.5218614050802921,1.0211062665291577,1163668.0,1.51,1.5,3.5
1120,2024,Q2,2024-Q2,82.2,85.0,56.3333,81.5,79.43515090909091,260550616,3.7499531255859297,4.039403269164527,4.734533164624401,0.5180093640154264,1.0211062665291577,1186619.0,5.31,1.6,3.3
1120,2024,Q3,2024-Q3,80.0,91.0,78.6,87.2,85.51076923076923,264674629,3.7499531255859297,4.119438645886785,4.873929457287955,0.5235089667981508,1.0211062665291577,1165884.0,1.97,1.4,3.7
1120,2024,Q4,2024-Q4,87.2,96.0,80.1,94.6,89.73333333333333,290630365,3.7499531255859297,4.004769157705633,4.8105757370246485,0.5217850948684705,1.0211062665291577,1186857.0,2.92,1.47,3.5
1120,2025,Q1,2025-Q1,94.7,104.0,93.9,102.0,99.06721311475413,208690836,3.7499531255859297,3.944648689587705,4.722780647304315,0.515559883712604,1.0211062665291577,1198648.0,3.01,1.8,2.8
1120,2025,Q2,2025-Q2,100.6,102.4,87.8,94.6,95.17966101694915,216715179,3.7499531255859297,4.252356319422054,5.008368378152727,0.5187168427358837,1.0211062665291577,1175941.0,-0.9,2.07,3.2
1120,2025,Q3,2025-Q3,94.95,108.0,90.15,107.2,95.38307692307691,180959210,3.7499531255859297,4.381576233949501,5.058630628688814,0.524069904089511,1.0211062665291577,1191102.0,2.16,2.23,3.4
1120,2025,Q4,2025-Q4,105.0,110.0,64.3333,65.0,100.91363636363636,202063752,3.7499531255859297,4.367102427539328,4.990875377841815,0.5291023548505458,1.0211062665291577,1210139.0,1.96,2.07,3.5
1120,2026,Q1,2026-Q1,65.0,73.0667,63.3333,71.0667,68.73448620689655,311255313,3.7499531255859297,4.3894923357025215,5.0563104439777655,0.5417173523504213,1.0211062665291577,1273819.0,6.27,1.77,3.1
1211,2014,Q1,2014-Q1,10.0183,11.6521,9.2477,11.1589,10.381971875,734619830,3.7499531255859297,5.13535658774955,6.203281535932509,0.6146730656409367,1.0211062665291577,762832.0,7.07,1.37,5.61
1211,2014,Q2,2014-Q2,11.1897,12.0836,10.4807,10.5732,11.080610769230768,1162001356,3.7499531255859297,5.143463054109231,6.307215454479925,0.602165280473368,1.0211062665291577,763677.0,5.82,2.03,5.7
1211,2014,Q3,2014-Q3,10.6657,13.4708,10.5732,12.546,12.15968,972817037,3.7499531255859297,4.971906028814358,6.261847313020899,0.6082294770482624,1.0211062665291577,759291.0,4.06,2.0,5.64
1211,2014,Q4,2014-Q4,12.5152,12.6693,7.7333,10.1667,10.7085,1092519214,3.7499531255859297,4.685021426334404,5.936901066706247,0.6099428642651714,1.0211062665291577,666024.0,-7.86,1.97,5.72
1211,2015,Q1,2015-Q1,10.3333,15.4,9.4667,12.6667,12.83280476190476,2439894657,3.7499531255859297,4.229134507623015,5.685558302873481,0.60178932024553,1.0211062665291577,669419.0,-12.25,1.53,5.68
1211,2015,Q2,2015-Q2,12.7,16.1333,11.8333,13.2133,14.517329230769231,1058802135,3.7499531255859297,4.143256508555142,5.742382823838839,0.6049622862521988,1.0211062665291577,684728.0,-10.34,1.23,5.74
1211,2015,Q3,2015-Q3,13.2333,15.0667,9.4333,9.72,11.984682258064517,825303384,3.7499531255859297,4.1669025646832365,5.81146349074398,0.5950148106947445,1.0211062665291577,644479.0,-15.12,0.97,5.82
1211,2015,Q4,2015-Q4,9.7333,12.5,9.1667,11.0567,10.763184848484848,785771799,3.7499531255859297,4.105224031446016,5.6907134360837,0.5865087683060861,1.0211062665291577,601678.0,-9.66,1.0,5.77
1211,2016,Q1,2016-Q1,11.0667,11.5667,8.7,9.4667,10.12426153846154,346131051,3.7499531255859297,4.133366945328273,5.372446316863342,0.5732240134247804,1.0211062665291577,608587.0,-9.09,3.4,5.72
1211,2016,Q2,2016-Q2,9.4333,13.6,9.4,12.2333,11.941991228070174,337594989,3.7499531255859297,4.232967654545184,5.381704805803252,0.5740741792158651,1.0211062665291577,654884.0,-4.36,3.17,5.7
1211,2016,Q3,2016-Q3,12.5,13.3,9.2667,10.1333,11.695556666666668,159592929,3.7499531255859297,4.1871263160433845,4.93156911808535,0.5625352731017034,1.0211062665291577,648526.0,0.63,2.93,5.81
1211,2016,Q4,2016-Q4,10.1667,13.8,9.5333,13.0,12.448150793650797,286294848,3.7499531255859297,4.047701279645562,4.660394046447919,0.5489941472450042,1.0211062665291577,672801.0,11.82,2.17,5.87
1211,2017,Q1,2017-Q1,13.0333,14.6,12.8333,13.6333,13.473846153846154,154882005,3.7499531255859297,3.995255412239332,4.643373441761262,0.5444649391802415,1.0211062665291577,670636.0,10.2,-0.7,5.8
1211,2017,Q2,2017-Q2,13.5,16.45,13.1667,16.3667,14.039075409836066,225830349,3.7499531255859297,4.120729215109764,4.7913650125049365,0.5463913254672996,1.0211062665291577,682872.0,4.27,-0.77,6.0
1211,2017,Q3,2017-Q3,16.1,18.0,15.7,17.4333,16.768966153846154,138329163,3.7499531255859297,4.399604609446621,4.902300351153905,0.5619010333482156,1.0211062665291577,697938.0,7.62,-0.9,5.8
1211,2017,Q4,2017-Q4,17.0667,19.0,16.0,17.3667,17.40176818181818,122183904,3.7499531255859297,4.41559800395772,4.978007487572566,0.5669772716067643,1.0211062665291577,728302.0,8.25,-1.03,6.0
1211,2018,Q1,2018-Q1,17.0667,19.0333,16.1,18.2333,17.530465625,101317665,3.7499531255859297,4.606775850666755,5.213870052978713,0.5894828401545231,1.0211062665291577,774359.0,15.47,2.97,6.1
1211,2018,Q2,2018-Q2,18.1,20.0,17.4,19.0667,18.73231076923077,67218927,3.7499531255859297,4.472570853386178,5.103697600869535,0.5882371953367658,1.0211062665291577,844768.0,23.71,2.47,6.0
1211,2018,Q3,2018-Q3,19.0,19.7,15.9,17.2667,18.26540303030303,54760851,3.7499531255859297,4.360108983767598,4.886170808847156,0.5510443788382188,1.0211062665291577,843111.0,20.8,2.3,6.0
1211,2018,Q4,2018-Q4,17.2667,17.4333,13.6333,16.4333,16.00025303030303,100973208,3.7499531255859297,4.28065858862964,4.825528303559299,0.5422638691352247,1.0211062665291577,862380.0,18.41,2.17,6.0
1211,2019,Q1,2019-Q1,16.3333,18.6667,16.1333,18.2667,18.0934875,77464839,3.7499531255859297,4.259953736902418,4.879471629125458,0.5555847066049762,1.0211062665291577,791540.0,2.22,-2.93,5.7
1211,2019,Q2,2019-Q2,18.2333,19.8667,14.6,16.2167,17.66411076923077,285709044,3.7499531255859297,4.213555981953015,4.8196063705662935,0.5496529937967733,1.0211062665291577,846688.0,0.23,-2.5,5.6
1211,2019,Q3,2019-Q3,16.2167,16.7333,13.6667,15.1333,15.56872,191604177,3.7499531255859297,4.170502849314746,4.62402411730144,0.5347938631241611,1.0211062665291577,837803.0,-0.63,-1.77,5.5
1211,2019,Q4,2019-Q4,15.1167,15.15,13.2,14.8,14.240660606060606,112556517,3.7499531255859297,4.151993656475779,4.824275755602191,0.5325519484165552,1.0211062665291577,857307.0,-0.59,-0.97,5.7
1211,2020,Q1,2020-Q1,14.7167,15.5,9.2667,10.3333,12.729486153846151,126444474,3.7499531255859297,4.135388060725674,4.7995881847852,0.537373119415527,1.0211062665291577,739156.0,-6.62,0.8,5.7
1211,2020,Q2,2020-Q2,10.3333,13.0667,10.2667,11.6,11.867776666666666,120425961,3.7499531255859297,4.125167556599792,4.651638296784747,0.5288480817052852,1.0211062665291577,646000.0,-23.7,0.47,9.0
1211,2020,Q3,2020-Q3,11.5333,14.6667,11.5,13.9167,12.924166666666668,127002588,3.7499531255859297,4.378371226867208,4.839364654543005,0.541610714943805,1.0211062665291577,733093.0,-12.5,5.9,8.5
1211,2020,Q4,2020-Q4,13.9333,14.3833,12.3333,13.5,13.555560606060606,209953584,3.7499531255859297,4.468998026354458,4.947845939136117,0.5659013670823787,1.0211062665291577,761568.0,-11.17,5.53,7.4
1211,2021,Q1,2021-Q1,13.5,19.1333,13.2833,19.0,15.805984375,182637354,3.7499531255859297,4.522222199890261,5.168810478672052,0.5784065413923789,1.0211062665291577,823010.0,11.34,5.1,5.8
1211,2021,Q2,2021-Q2,18.8667,21.1,18.0333,21.0667,19.191801639344263,189334905,3.7499531255859297,4.516243339161438,5.240190765977687,0.5802069107106196,1.0211062665291577,884785.0,36.96,5.83,6.3
1211,2021,Q3,2021-Q3,21.0667,27.9333,20.7333,27.9333,24.00555333333333,180336783,3.7499531255859297,4.419953206147579,5.1704390264737725,0.5795527490643688,1.0211062665291577,961502.0,31.16,0.47,6.1
1211,2021,Q4,2021-Q4,27.9667,29.8333,22.8,26.1667,26.34563846153846,167926716,3.7499531255859297,4.288156670600584,5.054128618783559,0.5864635292992717,1.0211062665291577,1015682.0,33.37,1.33,6.3
1211,2022,Q1,2022-Q1,26.1333,46.0,25.8333,44.6667,34.545826562500004,293036778,3.7499531255859297,4.207579533772138,5.031668764127109,0.5906736567424741,1.0211062665291577,1071428.0,30.18,1.83,5.4
1211,2022,Q2,2022-Q2,44.6667,50.2667,32.8,33.2333,41.39611333333333,313811527,3.7499531255859297,3.998040520799696,4.717839499100241,0.5676048572005977,1.0211062665291577,1218947.0,37.77,2.33,5.1
1211,2022,Q3,2022-Q3,33.4667,53.5333,30.0667,46.4,42.59445,353131710,3.7499531255859297,3.782527682346615,4.419033931936309,0.5477791425946512,1.0211062665291577,1199420.0,24.74,2.87,4.9
1211,2022,Q4,2022-Q4,46.6667,57.7333,40.8667,43.1333,46.9239546875,261518227,3.7499531255859297,3.821613717931676,4.39119431894008,0.5268595277964215,1.0211062665291577,1156737.0,13.89,3.17,4.1
1211,2023,Q1,2023-Q1,43.5333,51.1333,40.0,42.6667,45.552090625,73240143,3.7499531255859297,4.021979672020964,4.554282493034478,0.5478258011343646,1.0211062665291577,1146388.0,7.0,3.23,4.3
1211,2023,Q2,2023-Q2,42.6667,67.8,40.8,42.2,44.53833636363636,4210003,3.7499531255859297,4.0845914398633685,4.694668558979224,0.5354462473749896,1.0211062665291577,1126757.0,-7.56,2.83,4.1
1211,2023,Q3,2023-Q3,42.5,45.7,37.65,40.35,41.46171875,95434035,3.7499531255859297,4.082737564292023,4.749845759084725,0.5179620221237343,1.0211062665291577,1143376.0,-4.67,2.13,4.2
1211,2023,Q4,2023-Q4,40.35,48.55,35.4,48.55,39.39545454545454,77127066,3.7499531255859297,4.03450554722586,4.654172237761424,0.5193274483749002,1.0211062665291577,1153172.0,-0.31,1.67,3.4
1211,2024,Q1,2024-Q1,51.4,54.0,43.7,49.0,49.09765625,176532963,3.7499531255859297,4.073668033658347,4.757759461275236,0.5218614050802921,1.0211062665291577,1163668.0,1.51,1.5,3.5
1211,2024,Q2,2024-Q2,49.0,56.4,42.8,43.05,48.907407407407405,110117231,3.7499531255859297,4.039403269164527,4.734533164624401,0.5180093640154264,1.0211062665291577,1186619.0,5.31,1.6,3.3
1211,2024,Q3,2024-Q3,42.5,49.75,39.0,48.8,42.36384615384616,172155782,3.7499531255859297,4.119438645886785,4.873929457287955,0.5235089667981508,1.0211062665291577,1165884.0,1.97,1.4,3.7
1211,2024,Q4,2024-Q4,48.8,57.4,46.65,50.3,51.975,143334306,3.7499531255859297,4.004769157705633,4.8105757370246485,0.5217850948684705,1.0211062665291577,1186857.0,2.92,1.47,3.5
1211,2025,Q1,2025-Q1,50.3,51.4,42.1,46.3,47.44590163934426,138308335,3.7499531255859297,3.944648689587705,4.722780647304315,0.515559883712604,1.0211062665291577,1198648.0,3.01,1.8,2.8
1211,2025,Q2,2025-Q2,45.5,54.1,37.85,53.6,48.48898305084746,153424931,3.7499531255859297,4.252356319422054,5.008368378152727,0.5187168427358837,1.0211062665291577,1175941.0,-0.9,2.07,3.2
1211,2025,Q3,2025-Q3,53.05,64.0,49.78,64.0,54.33692307692308,108690696,3.7499531255859297,4.381576233949501,5.058630628688814,0.524069904089511,1.0211062665291577,1191102.0,2.16,2.23,3.4
1211,2025,Q4,2025-Q4,62.5,68.45,56.65,60.95,62.309090909090905,101010777,3.7499531255859297,4.367102427539328,4.990875377841815,0.5291023548505458,1.0211062665291577,1210139.0,1.96,2.07,3.5
1211,2026,Q1,2026-Q1,61.2,79.9,59.0,64.8,70.29827586206896,129247983,3.7499531255859297,4.3894923357025215,5.0563104439777655,0.5417173523504213,1.0211062665291577,1273819.0,6.27,1.77,3.1
2010,2014,Q1,2014-Q1,111.5,118.75,110.5,117.5,114.34375,263940868,3.7499531255859297,5.13535658774955,6.203281535932509,0.6146730656409367,1.0211062665291577,762832.0,7.07,1.37,5.61
2010,2014,Q2,2014-Q2,117.75,121.0,112.25,114.5,116.27692307692308,251837883,3.7499531255859297,5.143463054109231,6.307215454479925,0.602165280473368,1.0211062665291577,763677.0,5.82,2.03,5.7
2010,2014,Q3,2014-Q3,115.0,136.5,115.0,131.25,127.6,209342185,3.7499531255859297,4.971906028814358,6.261847313020899,0.6082294770482624,1.0211062665291577,759291.0,4.06,2.0,5.64
2010,2014,Q4,2014-Q4,131.25,131.5,70.25,84.0,100.30737704918032,320797251,3.7499531255859297,4.685021426334404,5.936901066706247,0.6099428642651714,1.0211062665291577,666024.0,-7.86,1.97,5.72
2010,2015,Q1,2015-Q1,84.5,98.75,74.0,80.25,87.69269841269842,303820281,3.7499531255859297,4.229134507623015,5.685558302873481,0.60178932024553,1.0211062665291577,669419.0,-12.25,1.53,5.68
2010,2015,Q2,2015-Q2,80.25,110.5,78.25,95.09,99.31723076923076,350756254,3.7499531255859297,4.143256508555142,5.742382823838839,0.6049622862521988,1.0211062665291577,684728.0,-10.34,1.23,5.74
2010,2015,Q3,2015-Q3,95.25,105.75,70.5,78.68,88.10306451612904,371660402,3.7499531255859297,4.1669025646832365,5.81146349074398,0.5950148106947445,1.0211062665291577,644479.0,-15.12,0.97,5.82
2010,2015,Q4,2015-Q4,79.25,92.75,74.75,76.5,84.58378787878787,477815198,3.7499531255859297,4.105224031446016,5.6907134360837,0.5865087683060861,1.0211062665291577,601678.0,-9.66,1.0,5.77
2010,2016,Q1,2016-Q1,76.0,80.5,59.5,74.84,70.93061538461538,555231046,3.7499531255859297,4.133366945328273,5.372446316863342,0.5732240134247804,1.0211062665291577,608587.0,-9.09,3.4,5.72
2010,2016,Q2,2016-Q2,74.5,87.0,73.25,81.0,80.75561403508772,426690342,3.7499531255859297,4.232967654545184,5.381704805803252,0.5740741792158651,1.0211062665291577,654884.0,-4.36,3.17,5.7
2010,2016,Q3,2016-Q3,81.25,85.75,76.0,81.25,82.80416666666666,316095338,3.7499531255859297,4.1871263160433845,4.93156911808535,0.5625352731017034,1.0211062665291577,648526.0,0.63,2.93,5.81
2010,2016,Q4,2016-Q4,80.25,98.5,79.75,91.5,88.1984126984127,253234971,3.7499531255859297,4.047701279645562,4.660394046447919,0.5489941472450042,1.0211062665291577,672801.0,11.82,2.17,5.87
2010,2017,Q1,2017-Q1,91.75,98.5,91.25,96.75,95.54615384615384,210023129,3.7499531255859297,3.995255412239332,4.643373441761262,0.5444649391802415,1.0211062665291577,670636.0,10.2,-0.7,5.8
2010,2017,Q2,2017-Q2,96.75,105.4,94.25,102.0,98.9811475409836,239362038,3.7499531255859297,4.120729215109764,4.7913650125049365,0.5463913254672996,1.0211062665291577,682872.0,4.27,-0.77,6.0
2010,2017,Q3,2017-Q3,102.2,104.0,97.1,103.0,99.79692307692308,193137868,3.7499531255859297,4.399604609446621,4.902300351153905,0.5619010333482156,1.0211062665291577,697938.0,7.62,-0.9,5.8
2010,2017,Q4,2017-Q4,101.8,103.0,94.9,101.8,100.26515151515152,261252518,3.7499531255859297,4.41559800395772,4.978007487572566,0.5669772716067643,1.0211062665291577,728302.0,8.25,-1.03,6.0
2010,2018,Q1,2018-Q1,101.8,120.0,100.8,116.4,106.640625,293166333,3.7499531255859297,4.606775850666755,5.213870052978713,0.5894828401545231,1.0211062665291577,774359.0,15.47,2.97,6.1
2010,2018,Q2,2018-Q2,116.2,131.4,112.4,126.2,121.06461538461538,297204812,3.7499531255859297,4.472570853386178,5.103697600869535,0.5882371953367658,1.0211062665291577,844768.0,23.71,2.47,6.0
2010,2018,Q3,2018-Q3,126.8,130.6,114.8,125.4,124.88484848484848,269918495,3.7499531255859297,4.360108983767598,4.886170808847156,0.5510443788382188,1.0211062665291577,843111.0,20.8,2.3,6.0
2010,2018,Q4,2018-Q4,125.4,130.4,113.0,116.2,121.52307692307691,230200476,3.7499531255859297,4.28065858862964,4.825528303559299,0.5422638691352247,1.0211062665291577,862380.0,18.41,2.17,6.0
2010,2019,Q1,2019-Q1,116.8,127.6,115.4,123.8,122.440625,125191740,3.7499531255859297,4.259953736902418,4.879471629125458,0.5555847066049762,1.0211062665291577,791540.0,2.22,-2.93,5.7
2010,2019,Q2,2019-Q2,125.0,128.0,104.4,114.6,118.28615384615384,260429837,3.7499531255859297,4.213555981953015,4.8196063705662935,0.5496529937967733,1.0211062665291577,846688.0,0.23,-2.5,5.6
2010,2019,Q3,2019-Q3,114.8,115.6,87.7,92.0,103.77076923076925,212633482,3.7499531255859297,4.170502849314746,4.62402411730144,0.5347938631241611,1.0211062665291577,837803.0,-0.63,-1.77,5.5
2010,2019,Q4,2019-Q4,92.1,95.0,84.6,93.9,90.94848484848484,142714538,3.7499531255859297,4.151993656475779,4.824275755602191,0.5325519484165552,1.0211062665291577,857307.0,-0.59,-0.97,5.7
2010,2020,Q1,2020-Q1,94.0,94.0,61.9,70.0,80.94769230769231,131357524,3.7499531255859297,4.135388060725674,4.7995881847852,0.537373119415527,1.0211062665291577,739156.0,-6.62,0.8,5.7
2010,2020,Q2,2020-Q2,70.0,91.9,67.0,88.1,80.35166666666667,1161776468,3.7499531255859297,4.125167556599792,4.651638296784747,0.5288480817052852,1.0211062665291577,646000.0,-23.7,0.47,9.0
2010,2020,Q3,2020-Q3,88.1,91.5,86.1,88.4,88.475,82473226,3.7499531255859297,4.378371226867208,4.839364654543005,0.541610714943805,1.0211062665291577,733093.0,-12.5,5.9,8.5
2010,2020,Q4,2020-Q4,88.7,103.4,86.9,101.4,96.01666666666668,126954818,3.7499531255859297,4.468998026354458,4.947845939136117,0.5659013670823787,1.0211062665291577,761568.0,-11.17,5.53,7.4
2010,2021,Q1,2021-Q1,101.4,117.4,97.9,117.4,105.0890625,99928877,3.7499531255859297,4.522222199890261,5.168810478672052,0.5784065413923789,1.0211062665291577,823010.0,11.34,5.1,5.8
2010,2021,Q2,2021-Q2,117.4,128.2,113.6,121.8,121.28196721311475,76657761,3.7499531255859297,4.516243339161438,5.240190765977687,0.5802069107106196,1.0211062665291577,884785.0,36.96,5.83,6.3
2010,2021,Q3,2021-Q3,121.6,131.2,115.2,127.4,122.26666666666668,118198684,3.7499531255859297,4.419953206147579,5.1704390264737725,0.5795527490643688,1.0211062665291577,961502.0,31.16,0.47,6.1
2010,2021,Q4,2021-Q4,127.0,136.6,106.8,116.0,122.3753846153846,118682880,3.7499531255859297,4.288156670600584,5.054128618783559,0.5864635292992717,1.0211062665291577,1015682.0,33.37,1.33,6.3
2010,2022,Q1,2022-Q1,116.0,141.4,115.4,131.0,125.24375,170846867,3.7499531255859297,4.207579533772138,5.031668764127109,0.5906736567424741,1.0211062665291577,1071428.0,30.18,1.83,5.4
2010,2022,Q2,2022-Q2,131.4,136.0,99.0,101.6,118.01,152650224,3.7499531255859297,3.998040520799696,4.717839499100241,0.5676048572005977,1.0211062665291577,1218947.0,37.77,2.33,5.1
2010,2022,Q3,2022-Q3,103.8,107.4,86.1,88.8,98.56333333333332,144313615,3.7499531255859297,3.782527682346615,4.419033931936309,0.5477791425946512,1.0211062665291577,1199420.0,24.74,2.87,4.9
2010,2022,Q4,2022-Q4,88.8,95.9,79.2,89.4,86.528125,132789262,3.7499531255859297,3.821613717931676,4.39119431894008,0.5268595277964215,1.0211062665291577,1156737.0,13.89,3.17,4.1
2010,2023,Q1,2023-Q1,89.8,97.4,85.2,90.3,91.865625,57651327,3.7499531255859297,4.021979672020964,4.554282493034478,0.5478258011343646,1.0211062665291577,1146388.0,7.0,3.23,4.3
2010,2023,Q2,2023-Q2,90.3,95.0,87.4,88.2,90.66545454545457,4369160,3.7499531255859297,4.0845914398633685,4.694668558979224,0.5354462473749896,1.0211062665291577,1126757.0,-7.56,2.83,4.1
2010,2023,Q3,2023-Q3,88.2,91.0,82.0,82.5,86.859375,96340408,3.7499531255859297,4.082737564292023,4.749845759084725,0.5179620221237343,1.0211062665291577,1143376.0,-4.67,2.13,4.2
2010,2023,Q4,2023-Q4,82.5,84.3,75.3,83.5,79.92121212121212,93182865,3.7499531255859297,4.03450554722586,4.654172237761424,0.5193274483749002,1.0211062665291577,1153172.0,-0.31,1.67,3.4
2010,2024,Q1,2024-Q1,83.6,84.2,76.0,78.3,78.93125,82589984,3.7499531255859297,4.073668033658347,4.757759461275236,0.5218614050802921,1.0211062665291577,1163668.0,1.51,1.5,3.5
2010,2024,Q2,2024-Q2,78.3,89.0,73.4,73.5,78.7574074074074,95158393,3.7499531255859297,4.039403269164527,4.734533164624401,0.5180093640154264,1.0211062665291577,1186619.0,5.31,1.6,3.3
2010,2024,Q3,2024-Q3,74.1,83.4,72.2,74.9,75.40923076923077,134663286,3.7499531255859297,4.119438645886785,4.873929457287955,0.5235089667981508,1.0211062665291577,1165884.0,1.97,1.4,3.7
2010,2024,Q4,2024-Q4,75.0,76.3,66.5,67.0,70.64848484848486,100018298,3.7499531255859297,4.004769157705633,4.8105757370246485,0.5217850948684705,1.0211062665291577,1186857.0,2.92,1.47,3.5
2010,2025,Q1,2025-Q1,67.0,69.2,60.3,63.7,65.54426229508196,106974041,3.7499531255859297,3.944648689587705,4.722780647304315,0.515559883712604,1.0211062665291577,1198648.0,3.01,1.8,2.8
2010,2025,Q2,2025-Q2,63.7,64.0,54.0,54.65,58.514406779661016,98016408,3.7499531255859297,4.252356319422054,5.008368378152727,0.5187168427358837,1.0211062665291577,1175941.0,-0.9,2.07,3.2
2010,2025,Q3,2025-Q3,54.7,64.0,53.0,61.55,57.949230769230766,119994351,3.7499531255859297,4.381576233949501,5.058630628688814,0.524069904089511,1.0211062665291577,1191102.0,2.16,2.23,3.4
2010,2025,Q4,2025-Q4,61.8,62.4,50.65,51.3,57.05757575757576,82217899,3.7499531255859297,4.367102427539328,4.990875377841815,0.5291023548505458,1.0211062665291577,1210139.0,1.96,2.07,3.5
2010,2026,Q1,2026-Q1,51.4,61.0,48.2,60.3,55.57241379310344,123892784,3.7499531255859297,4.3894923357025215,5.0563104439777655,0.5417173523504213,1.0211062665291577,1273819.0,6.27,1.77,3.1
2080,2014,Q1,2014-Q1,26.5,28.5,25.5,28.5,26.9421875,12419420,3.7499531255859297,5.13535658774955,6.203281535932509,0.6146730656409367,1.0211062665291577,762832.0,7.07,1.37,5.61
2080,2014,Q2,2014-Q2,28.2,31.7,27.9,29.9,29.92923076923077,11817878,3.7499531255859297,5.143463054109231,6.307215454479925,0.602165280473368,1.0211062665291577,763677.0,5.82,2.03,5.7
2080,2014,Q3,2014-Q3,30.0,35.8,29.8,34.6,32.235,13394725,3.7499531255859297,4.971906028814358,6.261847313020899,0.6082294770482624,1.0211062665291577,759291.0,4.06,2.0,5.64
2080,2014,Q4,2014-Q4,34.5,34.5,27.1,32.8,32.41475409836065,7173953,3.7499531255859297,4.685021426334404,5.936901066706247,0.6099428642651714,1.0211062665291577,666024.0,-7.86,1.97,5.72
2080,2015,Q1,2015-Q1,32.3,33.9,30.1,31.6,32.53015873015873,5979968,3.7499531255859297,4.229134507623015,5.685558302873481,0.60178932024553,1.0211062665291577,669419.0,-12.25,1.53,5.68
2080,2015,Q2,2015-Q2,31.3,33.9,30.0,30.56,31.581692307692308,14700316,3.7499531255859297,4.143256508555142,5.742382823838839,0.6049622862521988,1.0211062665291577,684728.0,-10.34,1.23,5.74
2080,2015,Q3,2015-Q3,30.5,30.5,23.65,26.9,28.039193548387097,5656142,3.7499531255859297,4.1669025646832365,5.81146349074398,0.5950148106947445,1.0211062665291577,644479.0,-15.12,0.97,5.82
2080,2015,Q4,2015-Q4,27.0,28.1,21.5,25.43,25.34575757575757,7897331,3.7499531255859297,4.105224031446016,5.6907134360837,0.5865087683060861,1.0211062665291577,601678.0,-9.66,1.0,5.77
2080,2016,Q1,2016-Q1,25.4,26.3,18.5,21.77,21.102615384615387,8955962,3.7499531255859297,4.133366945328273,5.372446316863342,0.5732240134247804,1.0211062665291577,608587.0,-9.09,3.4,5.72
2080,2016,Q2,2016-Q2,21.5,29.4,20.7,27.0,23.173157894736843,22147492,3.7499531255859297,4.232967654545184,5.381704805803252,0.5740741792158651,1.0211062665291577,654884.0,-4.36,3.17,5.7
2080,2016,Q3,2016-Q3,25.5,29.8,23.4,24.5,27.28166666666667,11998584,3.7499531255859297,4.1871263160433845,4.93156911808535,0.5625352731017034,1.0211062665291577,648526.0,0.63,2.93,5.81
2080,2016,Q4,2016-Q4,24.4,33.9,23.0,33.1,28.16269841269841,14488797,3.7499531255859297,4.047701279645562,4.660394046447919,0.5489941472450042,1.0211062665291577,672801.0,11.82,2.17,5.87
2080,2017,Q1,2017-Q1,33.1,39.9,29.0,32.4,34.816923076923075,14600215,3.7499531255859297,3.995255412239332,4.643373441761262,0.5444649391802415,1.0211062665291577,670636.0,10.2,-0.7,5.8
2080,2017,Q2,2017-Q2,33.5,36.2,29.4,32.0,32.64918032786885,5160540,3.7499531255859297,4.120729215109764,4.7913650125049365,0.5463913254672996,1.0211062665291577,682872.0,4.27,-0.77,6.0
2080,2017,Q3,2017-Q3,32.5,36.85,31.3,31.7,32.91384615384616,4448653,3.7499531255859297,4.399604609446621,4.902300351153905,0.5619010333482156,1.0211062665291577,697938.0,7.62,-0.9,5.8
2080,2017,Q4,2017-Q4,31.65,33.9,28.0,30.55,30.96969696969697,7319477,3.7499531255859297,4.41559800395772,4.978007487572566,0.5669772716067643,1.0211062665291577,728302.0,8.25,-1.03,6.0
2080,2018,Q1,2018-Q1,30.7,31.5,29.95,30.25,30.54140625,4329098,3.7499531255859297,4.606775850666755,5.213870052978713,0.5894828401545231,1.0211062665291577,774359.0,15.47,2.97,6.1
2080,2018,Q2,2018-Q2,30.25,31.1,29.5,30.75,30.243076923076924,8743841,3.7499531255859297,4.472570853386178,5.103697600869535,0.5882371953367658,1.0211062665291577,844768.0,23.71,2.47,6.0
2080,2018,Q3,2018-Q3,30.8,30.8,24.92,27.0,27.689393939393938,8621199,3.7499531255859297,4.360108983767598,4.886170808847156,0.5510443788382188,1.0211062665291577,843111.0,20.8,2.3,6.0
2080,2018,Q4,2018-Q4,27.05,30.4,25.7,28.0,28.310769230769232,5293709,3.7499531255859297,4.28065858862964,4.825528303559299,0.5422638691352247,1.0211062665291577,862380.0,18.41,2.17,6.0
2080,2019,Q1,2019-Q1,28.1,31.65,28.0,31.6,29.696875,5916180,3.7499531255859297,4.259953736902418,4.879471629125458,0.5555847066049762,1.0211062665291577,791540.0,2.22,-2.93,5.7
2080,2019,Q2,2019-Q2,31.7,33.75,26.75,30.05,29.942307692307693,16154437,3.7499531255859297,4.213555981953015,4.8196063705662935,0.5496529937967733,1.0211062665291577,846688.0,0.23,-2.5,5.6
2080,2019,Q3,2019-Q3,30.1,30.5,29.05,29.85,29.704615384615384,11953585,3.7499531255859297,4.170502849314746,4.62402411730144,0.5347938631241611,1.0211062665291577,837803.0,-0.63,-1.77,5.5
2080,2019,Q4,2019-Q4,29.9,30.95,28.5,30.9,29.795454545454547,11633043,3.7499531255859297,4.151993656475779,4.824275755602191,0.5325519484165552,1.0211062665291577,857307.0,-0.59,-0.97,5.7
2080,2020,Q1,2020-Q1,30.9,32.85,28.55,29.45,30.98769230769231,9459923,3.7499531255859297,4.135388060725674,4.7995881847852,0.537373119415527,1.0211062665291577,739156.0,-6.62,0.8,5.7
2080,2020,Q2,2020-Q2,29.4,29.4,27.0,28.4,28.31583333333333,15889508,3.7499531255859297,4.125167556599792,4.651638296784747,0.5288480817052852,1.0211062665291577,646000.0,-23.7,0.47,9.0
2080,2020,Q3,2020-Q3,28.6,31.35,28.1,30.6,29.46916666666667,30499561,3.7499531255859297,4.378371226867208,4.839364654543005,0.541610714943805,1.0211062665291577,733093.0,-12.5,5.9,8.5
2080,2020,Q4,2020-Q4,30.6,32.4,28.95,30.5,30.34469696969697,40695485,3.7499531255859297,4.468998026354458,4.947845939136117,0.5659013670823787,1.0211062665291577,761568.0,-11.17,5.53,7.4
2080,2021,Q1,2021-Q1,30.55,33.4,29.3,32.45,30.58984375,22150129,3.7499531255859297,4.522222199890261,5.168810478672052,0.5784065413923789,1.0211062665291577,823010.0,11.34,5.1,5.8
2080,2021,Q2,2021-Q2,32.65,46.0,32.0,42.9,38.837704918032784,36975338,3.7499531255859297,4.516243339161438,5.240190765977687,0.5802069107106196,1.0211062665291577,884785.0,36.96,5.83,6.3
2080,2021,Q3,2021-Q3,42.8,64.5,39.8,59.1,50.58166666666667,34984063,3.7499531255859297,4.419953206147579,5.1704390264737725,0.5795527490643688,1.0211062665291577,961502.0,31.16,0.47,6.1
2080,2021,Q4,2021-Q4,59.5,62.0,52.7,54.2,57.17692307692308,14077838,3.7499531255859297,4.288156670600584,5.054128618783559,0.5864635292992717,1.0211062665291577,1015682.0,33.37,1.33,6.3
2080,2022,Q1,2022-Q1,54.2,56.5,50.4,50.7,53.1078125,14561453,3.7499531255859297,4.207579533772138,5.031668764127109,0.5906736567424741,1.0211062665291577,1071428.0,30.18,1.83,5.4
2080,2022,Q2,2022-Q2,50.6,51.6,40.0,42.35,46.20666666666667,14322739,3.7499531255859297,3.998040520799696,4.717839499100241,0.5676048572005977,1.0211062665291577,1218947.0,37.77,2.33,5.1
2080,2022,Q3,2022-Q3,42.0,63.5,39.45,56.4,48.6175,29586581,3.7499531255859297,3.782527682346615,4.419033931936309,0.5477791425946512,1.0211062665291577,1199420.0,24.74,2.87,4.9
2080,2022,Q4,2022-Q4,56.0,61.5,46.9,51.8,52.9171875,32914105,3.7499531255859297,3.821613717931676,4.39119431894008,0.5268595277964215,1.0211062665291577,1156737.0,13.89,3.17,4.1
2080,2023,Q1,2023-Q1,52.1,58.3,50.7,57.8,53.0765625,5165210,3.7499531255859297,4.021979672020964,4.554282493034478,0.5478258011343646,1.0211062665291577,1146388.0,7.0,3.23,4.3
2080,2023,Q2,2023-Q2,57.8,73.4,57.0,64.7,62.130909090909086,1080703,3.7499531255859297,4.0845914398633685,4.694668558979224,0.5354462473749896,1.0211062665291577,1126757.0,-7.56,2.83,4.1
2080,2023,Q3,2023-Q3,64.8,71.8,59.3,63.1,65.0703125,23213527,3.7499531255859297,4.082737564292023,4.749845759084725,0.5179620221237343,1.0211062665291577,1143376.0,-4.67,2.13,4.2
2080,2023,Q4,2023-Q4,63.1,69.4,56.1,68.0,60.89393939393939,12392637,3.7499531255859297,4.03450554722586,4.654172237761424,0.5193274483749002,1.0211062665291577,1153172.0,-0.31,1.67,3.4
2080,2024,Q1,2024-Q1,67.6,92.8,63.7,84.2,77.5546875,14601723,3.7499531255859297,4.073668033658347,4.757759461275236,0.5218614050802921,1.0211062665291577,1163668.0,1.51,1.5,3.5
2080,2024,Q2,2024-Q2,84.0,91.0,81.9,89.5,86.38,6458609,3.7499531255859297,4.039403269164527,4.734533164624401,0.5180093640154264,1.0211062665291577,1186619.0,5.31,1.6,3.3
2080,2024,Q3,2024-Q3,93.0,117.2,88.0,106.0,105.3876923076923,12247948,3.7499531255859297,4.119438645886785,4.873929457287955,0.5235089667981508,1.0211062665291577,1165884.0,1.97,1.4,3.7
2080,2024,Q4,2024-Q4,106.0,111.6,99.6,102.6,104.6878787878788,4511019,3.7499531255859297,4.004769157705633,4.8105757370246485,0.5217850948684705,1.0211062665291577,1186857.0,2.92,1.47,3.5
2080,2025,Q1,2025-Q1,102.4,117.2,88.1,93.0,101.39508196721312,5125710,3.7499531255859297,3.944648689587705,4.722780647304315,0.515559883712604,1.0211062665291577,1198648.0,3.01,1.8,2.8
2080,2025,Q2,2025-Q2,93.0,93.0,65.8,78.8,81.72372881355932,5197461,3.7499531255859297,4.252356319422054,5.008368378152727,0.5187168427358837,1.0211062665291577,1175941.0,-0.9,2.07,3.2
2080,2025,Q3,2025-Q3,79.0,83.4,66.05,82.5,75.89307692307693,4476303,3.7499531255859297,4.381576233949501,5.058630628688814,0.524069904089511,1.0211062665291577,1191102.0,2.16,2.23,3.4
2080,2025,Q4,2025-Q4,82.25,95.45,79.2,94.8,85.34015151515152,4854545,3.7499531255859297,4.367102427539328,4.990875377841815,0.5291023548505458,1.0211062665291577,1210139.0,1.96,2.07,3.5
2080,2026,Q1,2026-Q1,95.75,95.75,72.1,83.8,85.2344827586207,5856275,3.7499531255859297,4.3894923357025215,5.0563104439777655,0.5417173523504213,1.0211062665291577,1273819.0,6.27,1.77,3.1
2280,2014,Q1,2014-Q1,31.7293,40.0,31.2782,38.797,36.34633125,64345844,3.7499531255859297,5.13535658774955,6.203281535932509,0.6146730656409367,1.0211062665291577,762832.0,7.07,1.37,5.61
2280,2014,Q2,2014-Q2,38.6466,44.5113,38.0451,42.1053,41.22383692307693,69605336,3.7499531255859297,5.143463054109231,6.307215454479925,0.602165280473368,1.0211062665291577,763677.0,5.82,2.03,5.7
2280,2014,Q3,2014-Q3,42.1053,50.3759,41.8045,48.4211,45.38596166666667,60455376,3.7499531255859297,4.971906028814358,6.261847313020899,0.6082294770482624,1.0211062665291577,759291.0,4.06,2.0,5.64
2280,2014,Q4,2014-Q4,48.1203,49.9248,40.3008,46.3158,45.83507868852459,68657462,3.7499531255859297,4.685021426334404,5.936901066706247,0.6099428642651714,1.0211062665291577,666024.0,-7.86,1.97,5.72
2280,2015,Q1,2015-Q1,46.015,55.188,43.1579,52.3308,49.435588888888894,36926643,3.7499531255859297,4.229134507623015,5.685558302873481,0.60178932024553,1.0211062665291577,669419.0,-12.25,1.53,5.68
2280,2015,Q2,2015-Q2,52.3308,58.0451,48.8722,54.1053,54.47135692307692,28978577,3.7499531255859297,4.143256508555142,5.742382823838839,0.6049622862521988,1.0211062665291577,684728.0,-10.34,1.23,5.74
2280,2015,Q3,2015-Q3,53.985,58.9474,47.6692,50.6767,53.94033548387097,19989353,3.7499531255859297,4.1669025646832365,5.81146349074398,0.5950148106947445,1.0211062665291577,644479.0,-15.12,0.97,5.82
2280,2015,Q4,2015-Q4,50.5263,53.3835,43.609,47.0617,48.62766666666666,43515632,3.7499531255859297,4.105224031446016,5.6907134360837,0.5865087683060861,1.0211062665291577,601678.0,-9.66,1.0,5.77
2280,2016,Q1,2016-Q1,47.218,49.6241,32.782,41.9729,41.02236615384616,36732079,3.7499531255859297,4.133366945328273,5.372446316863342,0.5732240134247804,1.0211062665291577,608587.0,-9.09,3.4,5.72
2280,2016,Q2,2016-Q2,41.9549,46.8,40.0,43.8,44.08571228070176,23431757,3.7499531255859297,4.232967654545184,5.381704805803252,0.5740741792158651,1.0211062665291577,654884.0,-4.36,3.17,5.7
2280,2016,Q3,2016-Q3,43.4,47.4,41.2,42.4,43.79333333333333,21013808,3.7499531255859297,4.1871263160433845,4.93156911808535,0.5625352731017034,1.0211062665291577,648526.0,0.63,2.93,5.81
2280,2016,Q4,2016-Q4,42.6,54.8,41.2,54.8,49.08571428571429,144993666,3.7499531255859297,4.047701279645562,4.660394046447919,0.5489941472450042,1.0211062665291577,672801.0,11.82,2.17,5.87
2280,2017,Q1,2017-Q1,54.8,56.8,53.4,56.4,55.12307692307692,23686206,3.7499531255859297,3.995255412239332,4.643373441761262,0.5444649391802415,1.0211062665291577,670636.0,10.2,-0.7,5.8
2280,2017,Q2,2017-Q2,55.6,78.32,55.6,76.0,62.82032786885246,53206409,3.7499531255859297,4.120729215109764,4.7913650125049365,0.5463913254672996,1.0211062665291577,682872.0,4.27,-0.77,6.0
2280,2017,Q3,2017-Q3,77.12,78.64,55.84,57.04,64.19076923076922,45074752,3.7499531255859297,4.399604609446621,4.902300351153905,0.5619010333482156,1.0211062665291577,697938.0,7.62,-0.9,5.8
2280,2017,Q4,2017-Q4,56.8,58.5,51.8,53.8,55.330000000000005,29488800,3.7499531255859297,4.41559800395772,4.978007487572566,0.5669772716067643,1.0211062665291577,728302.0,8.25,-1.03,6.0
2280,2018,Q1,2018-Q1,53.5,56.5,50.0,55.2,52.7125,35101228,3.7499531255859297,4.606775850666755,5.213870052978713,0.5894828401545231,1.0211062665291577,774359.0,15.47,2.97,6.1
2280,2018,Q2,2018-Q2,55.3,62.8,53.0,60.4,58.82769230769231,30688080,3.7499531255859297,4.472570853386178,5.103697600869535,0.5882371953367658,1.0211062665291577,844768.0,23.71,2.47,6.0
2280,2018,Q3,2018-Q3,60.0,62.5,47.2,49.9,53.625,20026180,3.7499531255859297,4.360108983767598,4.886170808847156,0.5510443788382188,1.0211062665291577,843111.0,20.8,2.3,6.0
2280,2018,Q4,2018-Q4,49.9,52.3,40.8,48.0,48.05615384615385,19511680,3.7499531255859297,4.28065858862964,4.825528303559299,0.5422638691352247,1.0211062665291577,862380.0,18.41,2.17,6.0
2280,2019,Q1,2019-Q1,48.0,57.0,47.6,55.1,54.0984375,24605019,3.7499531255859297,4.259953736902418,4.879471629125458,0.5555847066049762,1.0211062665291577,791540.0,2.22,-2.93,5.7
2280,2019,Q2,2019-Q2,55.0,61.0,49.7,53.5,55.65076923076924,53683212,3.7499531255859297,4.213555981953015,4.8196063705662935,0.5496529937967733,1.0211062665291577,846688.0,0.23,-2.5,5.6
2280,2019,Q3,2019-Q3,53.8,53.8,47.85,49.75,50.83615384615384,46006004,3.7499531255859297,4.170502849314746,4.62402411730144,0.5347938631241611,1.0211062665291577,837803.0,-0.63,-1.77,5.5
2280,2019,Q4,2019-Q4,49.9,52.2,45.55,49.5,49.53484848484849,26478202,3.7499531255859297,4.151993656475779,4.824275755602191,0.5325519484165552,1.0211062665291577,857307.0,-0.59,-0.97,5.7
2280,2020,Q1,2020-Q1,50.0,50.0,36.5,47.0,46.175384615384615,31957576,3.7499531255859297,4.135388060725674,4.7995881847852,0.537373119415527,1.0211062665291577,739156.0,-6.62,0.8,5.7
2280,2020,Q2,2020-Q2,47.0,56.1,42.1,51.8,50.263333333333335,42451585,3.7499531255859297,4.125167556599792,4.651638296784747,0.5288480817052852,1.0211062665291577,646000.0,-23.7,0.47,9.0
2280,2020,Q3,2020-Q3,52.0,56.6,51.8,52.9,54.26166666666666,36008229,3.7499531255859297,4.378371226867208,4.839364654543005,0.541610714943805,1.0211062665291577,733093.0,-12.5,5.9,8.5
2280,2020,Q4,2020-Q4,53.0,58.4,50.9,54.9,54.53484848484849,46377998,3.7499531255859297,4.468998026354458,4.947845939136117,0.5659013670823787,1.0211062665291577,761568.0,-11.17,5.53,7.4
2280,2021,Q1,2021-Q1,54.8,57.0,50.0,52.0,52.490625,38414579,3.7499531255859297,4.522222199890261,5.168810478672052,0.5784065413923789,1.0211062665291577,823010.0,11.34,5.1,5.8
2280,2021,Q2,2021-Q2,52.2,64.9,51.5,63.4,56.39344262295082,60670926,3.7499531255859297,4.516243339161438,5.240190765977687,0.5802069107106196,1.0211062665291577,884785.0,36.96,5.83,6.3
2280,2021,Q3,2021-Q3,63.2,63.2,55.3,58.0,57.705000000000005,26323520,3.7499531255859297,4.419953206147579,5.1704390264737725,0.5795527490643688,1.0211062665291577,961502.0,31.16,0.47,6.1
2280,2021,Q4,2021-Q4,58.0,58.0,46.25,48.75,51.24384615384615,25796150,3.7499531255859297,4.288156670600584,5.054128618783559,0.5864635292992717,1.0211062665291577,1015682.0,33.37,1.33,6.3
2280,2022,Q1,2022-Q1,48.3,52.3,46.5,51.2,49.46640625,34563635,3.7499531255859297,4.207579533772138,5.031668764127109,0.5906736567424741,1.0211062665291577,1071428.0,30.18,1.83,5.4
2280,2022,Q2,2022-Q2,51.4,55.6,49.0,52.4,52.255833333333335,38241051,3.7499531255859297,3.998040520799696,4.717839499100241,0.5676048572005977,1.0211062665291577,1218947.0,37.77,2.33,5.1
2280,2022,Q3,2022-Q3,52.3,55.5,49.8,53.2,52.623333333333335,19224576,3.7499531255859297,3.782527682346615,4.419033931936309,0.5477791425946512,1.0211062665291577,1199420.0,24.74,2.87,4.9
2280,2022,Q4,2022-Q4,53.5,58.0,51.5,53.5,54.690625,18960228,3.7499531255859297,3.821613717931676,4.39119431894008,0.5268595277964215,1.0211062665291577,1156737.0,13.89,3.17,4.1
2280,2023,Q1,2023-Q1,53.5,56.5,51.5,56.4,54.1671875,8985438,3.7499531255859297,4.021979672020964,4.554282493034478,0.5478258011343646,1.0211062665291577,1146388.0,7.0,3.23,4.3
2280,2023,Q2,2023-Q2,56.4,69.2,54.5,60.7,58.025454545454544,3214222,3.7499531255859297,4.0845914398633685,4.694668558979224,0.5354462473749896,1.0211062665291577,1126757.0,-7.56,2.83,4.1
2280,2023,Q3,2023-Q3,61.3,71.0,60.7,63.6,64.9625,36356601,3.7499531255859297,4.082737564292023,4.749845759084725,0.5179620221237343,1.0211062665291577,1143376.0,-4.67,2.13,4.2
2280,2023,Q4,2023-Q4,63.6,65.2,53.2,55.8,56.68484848484848,43507888,3.7499531255859297,4.03450554722586,4.654172237761424,0.5193274483749002,1.0211062665291577,1153172.0,-0.31,1.67,3.4
2280,2024,Q1,2024-Q1,55.6,64.1,55.2,57.6,59.1375,70159281,3.7499531255859297,4.073668033658347,4.757759461275236,0.5218614050802921,1.0211062665291577,1163668.0,1.51,1.5,3.5
2280,2024,Q2,2024-Q2,57.7,59.2,51.6,56.7,55.577777777777776,33632655,3.7499531255859297,4.039403269164527,4.734533164624401,0.5180093640154264,1.0211062665291577,1186619.0,5.31,1.6,3.3
2280,2024,Q3,2024-Q3,56.2,61.2,53.8,55.2,57.081538461538464,40388965,3.7499531255859297,4.119438645886785,4.873929457287955,0.5235089667981508,1.0211062665291577,1165884.0,1.97,1.4,3.7
2280,2024,Q4,2024-Q4,55.3,61.5,52.1,57.2,56.43939393939394,52888203,3.7499531255859297,4.004769157705633,4.8105757370246485,0.5217850948684705,1.0211062665291577,1186857.0,2.92,1.47,3.5
2280,2025,Q1,2025-Q1,57.2,59.3,52.6,55.6,56.46557377049181,60137216,3.7499531255859297,3.944648689587705,4.722780647304315,0.515559883712604,1.0211062665291577,1198648.0,3.01,1.8,2.8
2280,2025,Q2,2025-Q2,54.6,55.4,47.65,50.7,51.95338983050848,51641394,3.7499531255859297,4.252356319422054,5.008368378152727,0.5187168427358837,1.0211062665291577,1175941.0,-0.9,2.07,3.2
2280,2025,Q3,2025-Q3,50.95,54.05,45.68,50.3,48.00307692307692,54050369,3.7499531255859297,4.381576233949501,5.058630628688814,0.524069904089511,1.0211062665291577,1191102.0,2.16,2.23,3.4
2280,2025,Q4,2025-Q4,50.75,51.65,42.06,43.26,46.574090909090906,36779559,3.7499531255859297,4.367102427539328,4.990875377841815,0.5291023548505458,1.0211062665291577,1210139.0,1.96,2.07,3.5
2280,2026,Q1,2026-Q1,43.1,45.6,38.18,43.9,42.74689655172414,41397567,3.7499531255859297,4.3894923357025215,5.0563104439777655,0.5417173523504213,1.0211062665291577,1273819.0,6.27,1.77,3.1
2310,2014,Q1,2014-Q1,31.8,33.1,29.0,32.5,31.0625,49040604,3.7499531255859297,5.13535658774955,6.203281535932509,0.6146730656409367,1.0211062665291577,762832.0,7.07,1.37,5.61
2310,2014,Q2,2014-Q2,32.7,33.3,29.6,31.7,31.22923076923077,49522746,3.7499531255859297,5.143463054109231,6.307215454479925,0.602165280473368,1.0211062665291577,763677.0,5.82,2.03,5.7
2310,2014,Q3,2014-Q3,31.8,44.4,31.7,42.9,38.50833333333333,44331416,3.7499531255859297,4.971906028814358,6.261847313020899,0.6082294770482624,1.0211062665291577,759291.0,4.06,2.0,5.64
2310,2014,Q4,2014-Q4,43.1,43.3,22.3,26.8,31.08606557377049,60473426,3.7499531255859297,4.685021426334404,5.936901066706247,0.6099428642651714,1.0211062665291577,666024.0,-7.86,1.97,5.72
2310,2015,Q1,2015-Q1,26.0,32.9,23.85,28.6,29.01809523809524,33741600,3.7499531255859297,4.229134507623015,5.685558302873481,0.60178932024553,1.0211062665291577,669419.0,-12.25,1.53,5.68
2310,2015,Q2,2015-Q2,28.3,36.1,25.7,31.64,31.79292307692308,32908489,3.7499531255859297,4.143256508555142,5.742382823838839,0.6049622862521988,1.0211062665291577,684728.0,-10.34,1.23,5.74
2310,2015,Q3,2015-Q3,31.5,32.7,18.3,18.84,25.187096774193545,45192979,3.7499531255859297,4.1669025646832365,5.81146349074398,0.5950148106947445,1.0211062665291577,644479.0,-15.12,0.97,5.82
2310,2015,Q4,2015-Q4,18.95,23.5,13.85,14.01,17.91969696969697,45297140,3.7499531255859297,4.105224031446016,5.6907134360837,0.5865087683060861,1.0211062665291577,601678.0,-9.66,1.0,5.77
2310,2016,Q1,2016-Q1,13.9,15.2,9.75,13.18,12.341538461538462,65745847,3.7499531255859297,4.133366945328273,5.372446316863342,0.5732240134247804,1.0211062665291577,608587.0,-9.09,3.4,5.72
2310,2016,Q2,2016-Q2,13.0,15.25,12.5,13.05,14.018947368421053,28402827,3.7499531255859297,4.232967654545184,5.381704805803252,0.5740741792158651,1.0211062665291577,654884.0,-4.36,3.17,5.7
2310,2016,Q3,2016-Q3,13.0,14.85,11.8,13.3,13.2925,17536592,3.7499531255859297,4.1871263160433845,4.93156911808535,0.5625352731017034,1.0211062665291577,648526.0,0.63,2.93,5.81
2310,2016,Q4,2016-Q4,13.45,19.75,11.95,18.85,14.882539682539685,49061128,3.7499531255859297,4.047701279645562,4.660394046447919,0.5489941472450042,1.0211062665291577,672801.0,11.82,2.17,5.87
2310,2017,Q1,2017-Q1,18.8,19.5,16.15,17.75,17.861538461538462,44526919,3.7499531255859297,3.995255412239332,4.643373441761262,0.5444649391802415,1.0211062665291577,670636.0,10.2,-0.7,5.8
2310,2017,Q2,2017-Q2,17.5,19.45,12.76,14.08,15.887540983606558,60759762,3.7499531255859297,4.120729215109764,4.7913650125049365,0.5463913254672996,1.0211062665291577,682872.0,4.27,-0.77,6.0
2310,2017,Q3,2017-Q3,14.5,15.88,13.92,15.8,14.46676923076923,54119385,3.7499531255859297,4.399604609446621,4.902300351153905,0.5619010333482156,1.0211062665291577,697938.0,7.62,-0.9,5.8
2310,2017,Q4,2017-Q4,15.58,17.96,13.8,17.44,15.51787878787879,43841891,3.7499531255859297,4.41559800395772,4.978007487572566,0.5669772716067643,1.0211062665291577,728302.0,8.25,-1.03,6.0
2310,2018,Q1,2018-Q1,17.4,21.98,16.94,21.16,18.848125,76848659,3.7499531255859297,4.606775850666755,5.213870052978713,0.5894828401545231,1.0211062665291577,774359.0,15.47,2.97,6.1
2310,2018,Q2,2018-Q2,21.26,24.3,19.86,22.42,21.539692307692302,77497588,3.7499531255859297,4.472570853386178,5.103697600869535,0.5882371953367658,1.0211062665291577,844768.0,23.71,2.47,6.0
2310,2018,Q3,2018-Q3,22.8,23.5,18.6,22.58,21.758484848484848,53487684,3.7499531255859297,4.360108983767598,4.886170808847156,0.5510443788382188,1.0211062665291577,843111.0,20.8,2.3,6.0
2310,2018,Q4,2018-Q4,22.6,23.2,18.96,19.96,20.78,58202752,3.7499531255859297,4.28065858862964,4.825528303559299,0.5422638691352247,1.0211062665291577,862380.0,18.41,2.17,6.0
2310,2019,Q1,2019-Q1,20.0,20.86,18.48,20.34,19.71875,38125320,3.7499531255859297,4.259953736902418,4.879471629125458,0.5555847066049762,1.0211062665291577,791540.0,2.22,-2.93,5.7
2310,2019,Q2,2019-Q2,20.22,22.7,19.9,20.86,21.25815384615385,95004108,3.7499531255859297,4.213555981953015,4.8196063705662935,0.5496529937967733,1.0211062665291577,846688.0,0.23,-2.5,5.6
2310,2019,Q3,2019-Q3,20.76,21.2,16.04,18.02,19.13138461538461,106114432,3.7499531255859297,4.170502849314746,4.62402411730144,0.5347938631241611,1.0211062665291577,837803.0,-0.63,-1.77,5.5
2310,2019,Q4,2019-Q4,18.08,18.14,14.82,17.96,16.57333333333333,120325555,3.7499531255859297,4.151993656475779,4.824275755602191,0.5325519484165552,1.0211062665291577,857307.0,-0.59,-0.97,5.7
2310,2020,Q1,2020-Q1,17.96,18.64,11.04,12.28,15.473230769230767,124467643,3.7499531255859297,4.135388060725674,4.7995881847852,0.537373119415527,1.0211062665291577,739156.0,-6.62,0.8,5.7
2310,2020,Q2,2020-Q2,12.28,15.98,12.14,14.42,14.095,215126451,3.7499531255859297,4.125167556599792,4.651638296784747,0.5288480817052852,1.0211062665291577,646000.0,-23.7,0.47,9.0
2310,2020,Q3,2020-Q3,14.38,16.64,14.2,16.52,15.434666666666669,199924561,3.7499531255859297,4.378371226867208,4.839364654543005,0.541610714943805,1.0211062665291577,733093.0,-12.5,5.9,8.5
2310,2020,Q4,2020-Q4,16.6,18.42,14.5,17.32,16.59121212121212,350447263,3.7499531255859297,4.468998026354458,4.947845939136117,0.5659013670823787,1.0211062665291577,761568.0,-11.17,5.53,7.4
2310,2021,Q1,2021-Q1,17.34,22.2,16.84,22.1,19.094375,181660362,3.7499531255859297,4.522222199890261,5.168810478672052,0.5784065413923789,1.0211062665291577,823010.0,11.34,5.1,5.8
2310,2021,Q2,2021-Q2,21.98,31.0,21.92,30.65,26.71639344262295,174470032,3.7499531255859297,4.516243339161438,5.240190765977687,0.5802069107106196,1.0211062665291577,884785.0,36.96,5.83,6.3
2310,2021,Q3,2021-Q3,30.0,44.0,29.3,43.8,34.03333333333333,226381460,3.7499531255859297,4.419953206147579,5.1704390264737725,0.5795527490643688,1.0211062665291577,961502.0,31.16,0.47,6.1
2310,2021,Q4,2021-Q4,44.0,48.85,38.05,42.0,43.136153846153846,260226184,3.7499531255859297,4.288156670600584,5.054128618783559,0.5864635292992717,1.0211062665291577,1015682.0,33.37,1.33,6.3
2310,2022,Q1,2022-Q1,42.05,56.2,39.8,53.7,46.375,203219973,3.7499531255859297,4.207579533772138,5.031668764127109,0.5906736567424741,1.0211062665291577,1071428.0,30.18,1.83,5.4
2310,2022,Q2,2022-Q2,54.3,60.0,45.1,50.2,53.20666666666667,162624000,3.7499531255859297,3.998040520799696,4.717839499100241,0.5676048572005977,1.0211062665291577,1218947.0,37.77,2.33,5.1
2310,2022,Q3,2022-Q3,50.5,52.3,38.8,41.85,47.2425,156476672,3.7499531255859297,3.782527682346615,4.419033931936309,0.5477791425946512,1.0211062665291577,1199420.0,24.74,2.87,4.9
2310,2022,Q4,2022-Q4,41.8,44.5,30.9,33.95,37.9046875,126961324,3.7499531255859297,3.821613717931676,4.39119431894008,0.5268595277964215,1.0211062665291577,1156737.0,13.89,3.17,4.1
2310,2023,Q1,2023-Q1,34.0,38.35,32.85,37.85,35.77265625,74496831,3.7499531255859297,4.021979672020964,4.554282493034478,0.5478258011343646,1.0211062665291577,1146388.0,7.0,3.23,4.3
2310,2023,Q2,2023-Q2,37.85,40.9,35.35,36.85,37.77363636363636,11093880,3.7499531255859297,4.0845914398633685,4.694668558979224,0.5354462473749896,1.0211062665291577,1126757.0,-7.56,2.83,4.1
2310,2023,Q3,2023-Q3,37.25,39.3,35.6,37.8,36.91015625,119375092,3.7499531255859297,4.082737564292023,4.749845759084725,0.5179620221237343,1.0211062665291577,1143376.0,-4.67,2.13,4.2
2310,2023,Q4,2023-Q4,37.8,37.8,31.1,34.05,33.500757575757575,105337094,3.7499531255859297,4.03450554722586,4.654172237761424,0.5193274483749002,1.0211062665291577,1153172.0,-0.31,1.67,3.4
2310,2024,Q1,2024-Q1,34.05,35.3,30.05,31.35,31.62109375,91592603,3.7499531255859297,4.073668033658347,4.757759461275236,0.5218614050802921,1.0211062665291577,1163668.0,1.51,1.5,3.5
2310,2024,Q2,2024-Q2,31.4,36.5,28.85,29.2,31.71759259259259,117816313,3.7499531255859297,4.039403269164527,4.734533164624401,0.5180093640154264,1.0211062665291577,1186619.0,5.31,1.6,3.3
2310,2024,Q3,2024-Q3,29.25,30.2,26.65,29.35,28.46692307692308,94409790,3.7499531255859297,4.119438645886785,4.873929457287955,0.5235089667981508,1.0211062665291577,1165884.0,1.97,1.4,3.7
2310,2024,Q4,2024-Q4,29.3,29.4,23.76,24.88,25.9319696969697,70729563,3.7499531255859297,4.004769157705633,4.8105757370246485,0.5217850948684705,1.0211062665291577,1186857.0,2.92,1.47,3.5
2310,2025,Q1,2025-Q1,24.88,24.9,20.26,20.8,22.425573770491805,75746993,3.7499531255859297,3.944648689587705,4.722780647304315,0.515559883712604,1.0211062665291577,1198648.0,3.01,1.8,2.8
2310,2025,Q2,2025-Q2,20.66,20.88,17.7,19.82,19.05593220338983,94434342,3.7499531255859297,4.252356319422054,5.008368378152727,0.5187168427358837,1.0211062665291577,1175941.0,-0.9,2.07,3.2
2310,2025,Q3,2025-Q3,19.81,21.23,17.68,20.4,18.847846153846152,116560728,3.7499531255859297,4.381576233949501,5.058630628688814,0.524069904089511,1.0211062665291577,1191102.0,2.16,2.23,3.4
2310,2025,Q4,2025-Q4,20.04,20.82,14.71,15.0,17.608636363636364,106336032,3.7499531255859297,4.367102427539328,4.990875377841815,0.5291023548505458,1.0211062665291577,1210139.0,1.96,2.07,3.5
2310,2026,Q1,2026-Q1,15.05,16.18,13.13,16.18,14.915,153299941,3.7499531255859297,4.3894923357025215,5.0563104439777655,0.5417173523504213,1.0211062665291577,1273819.0,6.27,1.77,3.1
3030,2014,Q1,2014-Q1,101.25,117.0,100.5,106.5,109.34765625,8842196,3.7499531255859297,5.13535658774955,6.203281535932509,0.6146730656409367,1.0211062665291577,762832.0,7.07,1.37,5.61
3030,2014,Q2,2014-Q2,106.25,115.5,105.0,115.5,110.01538461538462,7616512,3.7499531255859297,5.143463054109231,6.307215454479925,0.602165280473368,1.0211062665291577,763677.0,5.82,2.03,5.7
3030,2014,Q3,2014-Q3,115.0,127.0,109.25,115.0,116.0625,8008456,3.7499531255859297,4.971906028814358,6.261847313020899,0.6082294770482624,1.0211062665291577,759291.0,4.06,2.0,5.64
3030,2014,Q4,2014-Q4,114.25,118.0,89.0,96.0,106.3032786885246,7208720,3.7499531255859297,4.685021426334404,5.936901066706247,0.6099428642651714,1.0211062665291577,666024.0,-7.86,1.97,5.72
3030,2015,Q1,2015-Q1,96.75,102.5,88.5,90.0,96.06666666666666,8708093,3.7499531255859297,4.229134507623015,5.685558302873481,0.60178932024553,1.0211062665291577,669419.0,-12.25,1.53,5.68
3030,2015,Q2,2015-Q2,90.25,99.0,85.5,96.72,94.7993846153846,8639217,3.7499531255859297,4.143256508555142,5.742382823838839,0.6049622862521988,1.0211062665291577,684728.0,-10.34,1.23,5.74
3030,2015,Q3,2015-Q3,93.0,94.0,69.25,71.76,82.06516129032258,7156855,3.7499531255859297,4.1669025646832365,5.81146349074398,0.5950148106947445,1.0211062665291577,644479.0,-15.12,0.97,5.82
3030,2015,Q4,2015-Q4,72.0,74.0,62.25,64.87,68.11227272727272,6917410,3.7499531255859297,4.105224031446016,5.6907134360837,0.5865087683060861,1.0211062665291577,601678.0,-9.66,1.0,5.77
3030,2016,Q1,2016-Q1,65.0,69.0,47.0,63.08,59.55276923076923,8923525,3.7499531255859297,4.133366945328273,5.372446316863342,0.5732240134247804,1.0211062665291577,608587.0,-9.09,3.4,5.72
3030,2016,Q2,2016-Q2,61.5,67.0,58.5,63.25,63.27033898305084,22536815,3.7499531255859297,4.232967654545184,5.381704805803252,0.5740741792158651,1.0211062665291577,654884.0,-4.36,3.17,5.7
3030,2016,Q3,2016-Q3,63.0,64.0,50.75,55.5,59.09166666666667,4934038,3.7499531255859297,4.1871263160433845,4.93156911808535,0.5625352731017034,1.0211062665291577,648526.0,0.63,2.93,5.81
3030,2016,Q4,2016-Q4,55.0,71.5,47.0,71.0,59.13809523809523,10182045,3.7499531255859297,4.047701279645562,4.660394046447919,0.5489941472450042,1.0211062665291577,672801.0,11.82,2.17,5.87
3030,2017,Q1,2017-Q1,71.25,71.75,59.5,60.0,62.77692307692308,11695277,3.7499531255859297,3.995255412239332,4.643373441761262,0.5444649391802415,1.0211062665291577,670636.0,10.2,-0.7,5.8
3030,2017,Q2,2017-Q2,60.0,60.0,49.4,51.8,52.14590163934427,8123128,3.7499531255859297,4.120729215109764,4.7913650125049365,0.5463913254672996,1.0211062665291577,682872.0,4.27,-0.77,6.0
3030,2017,Q3,2017-Q3,52.0,54.0,41.8,41.85,47.49307692307693,4404220,3.7499531255859297,4.399604609446621,4.902300351153905,0.5619010333482156,1.0211062665291577,697938.0,7.62,-0.9,5.8
3030,2017,Q4,2017-Q4,41.5,49.75,37.2,47.5,40.56439393939394,10532691,3.7499531255859297,4.41559800395772,4.978007487572566,0.5669772716067643,1.0211062665291577,728302.0,8.25,-1.03,6.0
3030,2018,Q1,2018-Q1,46.3,60.4,46.3,56.0,51.1828125,6133004,3.7499531255859297,4.606775850666755,5.213870052978713,0.5894828401545231,1.0211062665291577,774359.0,15.47,2.97,6.1
3030,2018,Q2,2018-Q2,56.0,56.5,48.5,49.65,50.886153846153846,11342713,3.7499531255859297,4.472570853386178,5.103697600869535,0.5882371953367658,1.0211062665291577,844768.0,23.71,2.47,6.0
3030,2018,Q3,2018-Q3,49.7,50.3,39.05,44.8,44.13106060606061,3990930,3.7499531255859297,4.360108983767598,4.886170808847156,0.5510443788382188,1.0211062665291577,843111.0,20.8,2.3,6.0
3030,2018,Q4,2018-Q4,44.9,50.0,35.9,48.55,44.573076923076925,8852745,3.7499531255859297,4.28065858862964,4.825528303559299,0.5422638691352247,1.0211062665291577,862380.0,18.41,2.17,6.0
3030,2019,Q1,2019-Q1,48.65,59.2,46.9,59.0,55.64296875,7188896,3.7499531255859297,4.259953736902418,4.879471629125458,0.5555847066049762,1.0211062665291577,791540.0,2.22,-2.93,5.7
3030,2019,Q2,2019-Q2,58.5,71.5,58.0,70.1,65.06153846153846,17757209,3.7499531255859297,4.213555981953015,4.8196063705662935,0.5496529937967733,1.0211062665291577,846688.0,0.23,-2.5,5.6
3030,2019,Q3,2019-Q3,70.1,79.9,59.0,71.2,68.72,14327977,3.7499531255859297,4.170502849314746,4.62402411730144,0.5347938631241611,1.0211062665291577,837803.0,-0.63,-1.77,5.5
3030,2019,Q4,2019-Q4,72.5,72.8,61.8,70.1,68.7,9159427,3.7499531255859297,4.151993656475779,4.824275755602191,0.5325519484165552,1.0211062665291577,857307.0,-0.59,-0.97,5.7
3030,2020,Q1,2020-Q1,69.8,70.4,41.0,49.0,60.15461538461539,19613229,3.7499531255859297,4.135388060725674,4.7995881847852,0.537373119415527,1.0211062665291577,739156.0,-6.62,0.8,5.7
3030,2020,Q2,2020-Q2,49.0,56.3,41.0,53.0,49.142500000000005,28594603,3.7499531255859297,4.125167556599792,4.651638296784747,0.5288480817052852,1.0211062665291577,646000.0,-23.7,0.47,9.0
3030,2020,Q3,2020-Q3,53.0,59.5,52.8,58.1,55.82666666666667,36531109,3.7499531255859297,4.378371226867208,4.839364654543005,0.541610714943805,1.0211062665291577,733093.0,-12.5,5.9,8.5
3030,2020,Q4,2020-Q4,58.0,62.2,53.4,61.5,58.07424242424243,31666159,3.7499531255859297,4.468998026354458,4.947845939136117,0.5659013670823787,1.0211062665291577,761568.0,-11.17,5.53,7.4
3030,2021,Q1,2021-Q1,61.5,67.0,60.0,66.4,64.546875,21967718,3.7499531255859297,4.522222199890261,5.168810478672052,0.5784065413923789,1.0211062665291577,823010.0,11.34,5.1,5.8
3030,2021,Q2,2021-Q2,66.5,67.2,63.2,63.6,64.8688524590164,19444026,3.7499531255859297,4.516243339161438,5.240190765977687,0.5802069107106196,1.0211062665291577,884785.0,36.96,5.83,6.3
3030,2021,Q3,2021-Q3,63.8,65.0,61.7,62.8,63.555,8041672,3.7499531255859297,4.419953206147579,5.1704390264737725,0.5795527490643688,1.0211062665291577,961502.0,31.16,0.47,6.1
3030,2021,Q4,2021-Q4,62.6,62.6,54.3,54.8,58.63846153846154,10449297,3.7499531255859297,4.288156670600584,5.054128618783559,0.5864635292992717,1.0211062665291577,1015682.0,33.37,1.33,6.3
3030,2022,Q1,2022-Q1,54.6,61.5,54.5,60.9,57.06875,24268197,3.7499531255859297,4.207579533772138,5.031668764127109,0.5906736567424741,1.0211062665291577,1071428.0,30.18,1.83,5.4
3030,2022,Q2,2022-Q2,62.0,62.0,49.4,50.9,55.795,14951249,3.7499531255859297,3.998040520799696,4.717839499100241,0.5676048572005977,1.0211062665291577,1218947.0,37.77,2.33,5.1
3030,2022,Q3,2022-Q3,51.0,57.1,49.55,52.2,53.49916666666666,10095183,3.7499531255859297,3.782527682346615,4.419033931936309,0.5477791425946512,1.0211062665291577,1199420.0,24.74,2.87,4.9
3030,2022,Q4,2022-Q4,52.2,56.8,48.8,51.0,52.27265625,7130348,3.7499531255859297,3.821613717931676,4.39119431894008,0.5268595277964215,1.0211062665291577,1156737.0,13.89,3.17,4.1
3030,2023,Q1,2023-Q1,51.5,56.2,51.5,56.0,53.0046875,3823167,3.7499531255859297,4.021979672020964,4.554282493034478,0.5478258011343646,1.0211062665291577,1146388.0,7.0,3.23,4.3
3030,2023,Q2,2023-Q2,56.0,60.1,55.3,59.4,57.63636363636363,755147,3.7499531255859297,4.0845914398633685,4.694668558979224,0.5354462473749896,1.0211062665291577,1126757.0,-7.56,2.83,4.1
3030,2023,Q3,2023-Q3,59.4,60.6,51.0,52.2,55.8109375,5956092,3.7499531255859297,4.082737564292023,4.749845759084725,0.5179620221237343,1.0211062665291577,1143376.0,-4.67,2.13,4.2
3030,2023,Q4,2023-Q4,52.2,54.4,49.6,52.6,51.88409090909091,6250734,3.7499531255859297,4.03450554722586,4.654172237761424,0.5193274483749002,1.0211062665291577,1153172.0,-0.31,1.67,3.4
3030,2024,Q1,2024-Q1,52.6,52.8,46.0,46.6,47.93515625,11075315,3.7499531255859297,4.073668033658347,4.757759461275236,0.5218614050802921,1.0211062665291577,1163668.0,1.51,1.5,3.5
3030,2024,Q2,2024-Q2,46.6,48.25,43.1,45.0,45.275,6734527,3.7499531255859297,4.039403269164527,4.734533164624401,0.5180093640154264,1.0211062665291577,1186619.0,5.31,1.6,3.3
3030,2024,Q3,2024-Q3,45.65,45.95,40.3,41.5,42.17384615384616,10939448,3.7499531255859297,4.119438645886785,4.873929457287955,0.5235089667981508,1.0211062665291577,1165884.0,1.97,1.4,3.7
3030,2024,Q4,2024-Q4,41.5,43.75,39.65,42.65,41.18712121212121,11300875,3.7499531255859297,4.004769157705633,4.8105757370246485,0.5217850948684705,1.0211062665291577,1186857.0,2.92,1.47,3.5
3030,2025,Q1,2025-Q1,42.75,45.0,40.0,45.0,42.52213114754098,8269262,3.7499531255859297,3.944648689587705,4.722780647304315,0.515559883712604,1.0211062665291577,1198648.0,3.01,1.8,2.8
3030,2025,Q2,2025-Q2,44.9,46.7,37.95,39.58,41.94372881355932,15721712,3.7499531255859297,4.252356319422054,5.008368378152727,0.5187168427358837,1.0211062665291577,1175941.0,-0.9,2.07,3.2
3030,2025,Q3,2025-Q3,39.6,41.58,37.76,40.64,39.11630769230769,8065197,3.7499531255859297,4.381576233949501,5.058630628688814,0.524069904089511,1.0211062665291577,1191102.0,2.16,2.23,3.4
3030,2025,Q4,2025-Q4,40.64,41.0,33.86,34.44,37.236060606060605,8275224,3.7499531255859297,4.367102427539328,4.990875377841815,0.5291023548505458,1.0211062665291577,1210139.0,1.96,2.07,3.5
3030,2026,Q1,2026-Q1,34.5,36.5,29.74,34.72,34.40862068965517,9741865,3.7499531255859297,4.3894923357025215,5.0563104439777655,0.5417173523504213,1.0211062665291577,1273819.0,6.27,1.77,3.1
3060,2014,Q1,2014-Q1,66.75,73.25,63.5,70.25,68.74609375,16439077,3.7499531255859297,5.13535658774955,6.203281535932509,0.6146730656409367,1.0211062665291577,762832.0,7.07,1.37,5.61
3060,2014,Q2,2014-Q2,70.25,76.0,68.0,73.0,72.42307692307692,11743050,3.7499531255859297,5.143463054109231,6.307215454479925,0.602165280473368,1.0211062665291577,763677.0,5.82,2.03,5.7
3060,2014,Q3,2014-Q3,73.5,82.5,70.5,77.5,75.44583333333334,13082472,3.7499531255859297,4.971906028814358,6.261847313020899,0.6082294770482624,1.0211062665291577,759291.0,4.06,2.0,5.64
3060,2014,Q4,2014-Q4,76.75,79.5,54.5,61.25,67.77459016393442,15121332,3.7499531255859297,4.685021426334404,5.936901066706247,0.6099428642651714,1.0211062665291577,666024.0,-7.86,1.97,5.72
3060,2015,Q1,2015-Q1,62.0,72.25,59.5,69.0,68.06238095238096,10021220,3.7499531255859297,4.229134507623015,5.685558302873481,0.60178932024553,1.0211062665291577,669419.0,-12.25,1.53,5.68
3060,2015,Q2,2015-Q2,68.5,69.75,62.75,63.41,66.656,9204659,3.7499531255859297,4.143256508555142,5.742382823838839,0.6049622862521988,1.0211062665291577,684728.0,-10.34,1.23,5.74
3060,2015,Q3,2015-Q3,63.5,68.75,50.5,53.67,59.953870967741935,8188405,3.7499531255859297,4.1669025646832365,5.81146349074398,0.5950148106947445,1.0211062665291577,644479.0,-15.12,0.97,5.82
3060,2015,Q4,2015-Q4,53.5,54.25,42.7,43.63,46.80924242424242,9958836,3.7499531255859297,4.105224031446016,5.6907134360837,0.5865087683060861,1.0211062665291577,601678.0,-9.66,1.0,5.77
3060,2016,Q1,2016-Q1,43.7,52.25,34.5,49.15,44.54369230769231,21358772,3.7499531255859297,4.133366945328273,5.372446316863342,0.5732240134247804,1.0211062665291577,608587.0,-9.09,3.4,5.72
3060,2016,Q2,2016-Q2,49.3,49.7,41.0,43.5,44.23017543859649,16303099,3.7499531255859297,4.232967654545184,5.381704805803252,0.5740741792158651,1.0211062665291577,654884.0,-4.36,3.17,5.7
3060,2016,Q3,2016-Q3,42.6,43.5,30.0,33.6,38.06,7552783,3.7499531255859297,4.1871263160433845,4.93156911808535,0.5625352731017034,1.0211062665291577,648526.0,0.63,2.93,5.81
3060,2016,Q4,2016-Q4,33.0,40.7,25.8,40.5,32.887301587301586,26449033,3.7499531255859297,4.047701279645562,4.660394046447919,0.5489941472450042,1.0211062665291577,672801.0,11.82,2.17,5.87
3060,2017,Q1,2017-Q1,40.6,41.1,32.3,36.5,36.68461538461538,10458040,3.7499531255859297,3.995255412239332,4.643373441761262,0.5444649391802415,1.0211062665291577,670636.0,10.2,-0.7,5.8
3060,2017,Q2,2017-Q2,36.6,36.8,31.0,32.0,32.72049180327869,8438328,3.7499531255859297,4.120729215109764,4.7913650125049365,0.5463913254672996,1.0211062665291577,682872.0,4.27,-0.77,6.0
3060,2017,Q3,2017-Q3,31.7,33.0,27.9,28.5,29.326153846153847,6433998,3.7499531255859297,4.399604609446621,4.902300351153905,0.5619010333482156,1.0211062665291577,697938.0,7.62,-0.9,5.8
3060,2017,Q4,2017-Q4,28.25,34.8,23.5,33.8,27.208181818181817,22750505,3.7499531255859297,4.41559800395772,4.978007487572566,0.5669772716067643,1.0211062665291577,728302.0,8.25,-1.03,6.0
3060,2018,Q1,2018-Q1,33.1,36.2,30.4,33.15,32.61796875,16546152,3.7499531255859297,4.606775850666755,5.213870052978713,0.5894828401545231,1.0211062665291577,774359.0,15.47,2.97,6.1
3060,2018,Q2,2018-Q2,33.05,33.2,26.0,27.05,28.253846153846155,22507339,3.7499531255859297,4.472570853386178,5.103697600869535,0.5882371953367658,1.0211062665291577,844768.0,23.71,2.47,6.0
3060,2018,Q3,2018-Q3,27.4,27.5,19.9,21.66,23.46106060606061,8909678,3.7499531255859297,4.360108983767598,4.886170808847156,0.5510443788382188,1.0211062665291577,843111.0,20.8,2.3,6.0
3060,2018,Q4,2018-Q4,21.54,25.95,18.9,24.0,23.216153846153844,14050940,3.7499531255859297,4.28065858862964,4.825528303559299,0.5422638691352247,1.0211062665291577,862380.0,18.41,2.17,6.0
3060,2019,Q1,2019-Q1,23.78,30.6,22.54,28.3,27.5828125,17652069,3.7499531255859297,4.259953736902418,4.879471629125458,0.5555847066049762,1.0211062665291577,791540.0,2.22,-2.93,5.7
3060,2019,Q2,2019-Q2,28.4,32.05,26.9,30.9,29.047692307692305,19486188,3.7499531255859297,4.213555981953015,4.8196063705662935,0.5496529937967733,1.0211062665291577,846688.0,0.23,-2.5,5.6
3060,2019,Q3,2019-Q3,30.95,36.1,30.75,34.65,33.54538461538461,17613769,3.7499531255859297,4.170502849314746,4.62402411730144,0.5347938631241611,1.0211062665291577,837803.0,-0.63,-1.77,5.5
3060,2019,Q4,2019-Q4,34.7,40.2,30.55,38.15,35.33712121212121,15200508,3.7499531255859297,4.151993656475779,4.824275755602191,0.5325519484165552,1.0211062665291577,857307.0,-0.59,-0.97,5.7
3060,2020,Q1,2020-Q1,38.2,41.95,21.9,25.7,35.344153846153844,30535390,3.7499531255859297,4.135388060725674,4.7995881847852,0.537373119415527,1.0211062665291577,739156.0,-6.62,0.8,5.7
3060,2020,Q2,2020-Q2,25.5,30.0,24.78,28.0,26.55183333333333,66015219,3.7499531255859297,4.125167556599792,4.651638296784747,0.5288480817052852,1.0211062665291577,646000.0,-23.7,0.47,9.0
3060,2020,Q3,2020-Q3,28.0,36.85,27.8,36.1,31.884166666666665,45754616,3.7499531255859297,4.378371226867208,4.839364654543005,0.541610714943805,1.0211062665291577,733093.0,-12.5,5.9,8.5
3060,2020,Q4,2020-Q4,34.8,41.35,31.9,40.55,35.621212121212125,33961343,3.7499531255859297,4.468998026354458,4.947845939136117,0.5659013670823787,1.0211062665291577,761568.0,-11.17,5.53,7.4
3060,2021,Q1,2021-Q1,40.5,49.4,38.85,43.15,44.484375,32399395,3.7499531255859297,4.522222199890261,5.168810478672052,0.5784065413923789,1.0211062665291577,823010.0,11.34,5.1,5.8
3060,2021,Q2,2021-Q2,43.4,45.65,41.85,44.5,43.49016393442623,17543399,3.7499531255859297,4.516243339161438,5.240190765977687,0.5802069107106196,1.0211062665291577,884785.0,36.96,5.83,6.3
3060,2021,Q3,2021-Q3,44.6,46.7,40.85,41.15,43.399166666666666,15516693,3.7499531255859297,4.419953206147579,5.1704390264737725,0.5795527490643688,1.0211062665291577,961502.0,31.16,0.47,6.1
3060,2021,Q4,2021-Q4,41.6,41.6,34.5,36.2,37.90538461538461,14905481,3.7499531255859297,4.288156670600584,5.054128618783559,0.5864635292992717,1.0211062665291577,1015682.0,33.37,1.33,6.3
3060,2022,Q1,2022-Q1,36.2,42.6,36.2,42.2,38.53515625,15089262,3.7499531255859297,4.207579533772138,5.031668764127109,0.5906736567424741,1.0211062665291577,1071428.0,30.18,1.83,5.4
3060,2022,Q2,2022-Q2,43.0,44.0,31.25,33.95,38.86333333333334,12241701,3.7499531255859297,3.998040520799696,4.717839499100241,0.5676048572005977,1.0211062665291577,1218947.0,37.77,2.33,5.1
3060,2022,Q3,2022-Q3,34.2,40.7,32.4,37.4,37.2375,7192967,3.7499531255859297,3.782527682346615,4.419033931936309,0.5477791425946512,1.0211062665291577,1199420.0,24.74,2.87,4.9
3060,2022,Q4,2022-Q4,37.4,42.85,31.3,35.7,37.62890625,9624823,3.7499531255859297,3.821613717931676,4.39119431894008,0.5268595277964215,1.0211062665291577,1156737.0,13.89,3.17,4.1
3060,2023,Q1,2023-Q1,35.75,39.6,32.3,35.0,36.32265625,4723253,3.7499531255859297,4.021979672020964,4.554282493034478,0.5478258011343646,1.0211062665291577,1146388.0,7.0,3.23,4.3
3060,2023,Q2,2023-Q2,35.0,43.9,34.5,42.8,37.49636363636364,1246225,3.7499531255859297,4.0845914398633685,4.694668558979224,0.5354462473749896,1.0211062665291577,1126757.0,-7.56,2.83,4.1
3060,2023,Q3,2023-Q3,42.8,43.2,30.5,34.0,37.80078125,12879717,3.7499531255859297,4.082737564292023,4.749845759084725,0.5179620221237343,1.0211062665291577,1143376.0,-4.67,2.13,4.2
3060,2023,Q4,2023-Q4,34.0,36.2,31.0,34.45,34.012121212121215,6594607,3.7499531255859297,4.03450554722586,4.654172237761424,0.5193274483749002,1.0211062665291577,1153172.0,-0.31,1.67,3.4
3060,2024,Q1,2024-Q1,34.45,34.65,29.15,29.65,31.1828125,16035937,3.7499531255859297,4.073668033658347,4.757759461275236,0.5218614050802921,1.0211062665291577,1163668.0,1.51,1.5,3.5
3060,2024,Q2,2024-Q2,29.7,30.4,27.4,27.55,28.73796296296296,13623248,3.7499531255859297,4.039403269164527,4.734533164624401,0.5180093640154264,1.0211062665291577,1186619.0,5.31,1.6,3.3
3060,2024,Q3,2024-Q3,27.55,28.0,23.5,24.3,25.20615384615385,19538464,3.7499531255859297,4.119438645886785,4.873929457287955,0.5235089667981508,1.0211062665291577,1165884.0,1.97,1.4,3.7
3060,2024,Q4,2024-Q4,24.3,24.86,22.3,24.3,23.50181818181818,20769664,3.7499531255859297,4.004769157705633,4.8105757370246485,0.5217850948684705,1.0211062665291577,1186857.0,2.92,1.47,3.5
3060,2025,Q1,2025-Q1,24.26,25.5,22.04,23.58,23.655409836065573,12672942,3.7499531255859297,3.944648689587705,4.722780647304315,0.515559883712604,1.0211062665291577,1198648.0,3.01,1.8,2.8
3060,2025,Q2,2025-Q2,23.5,23.94,18.9,20.32,21.15423728813559,10858677,3.7499531255859297,4.252356319422054,5.008368378152727,0.5187168427358837,1.0211062665291577,1175941.0,-0.9,2.07,3.2
3060,2025,Q3,2025-Q3,20.32,20.42,15.82,17.2,17.342153846153845,34873755,3.7499531255859297,4.381576233949501,5.058630628688814,0.524069904089511,1.0211062665291577,1191102.0,2.16,2.23,3.4
3060,2025,Q4,2025-Q4,17.14,17.2,14.17,14.43,15.695909090909092,26263292,3.7499531255859297,4.367102427539328,4.990875377841815,0.5291023548505458,1.0211062665291577,1210139.0,1.96,2.07,3.5
3060,2026,Q1,2026-Q1,14.49,15.92,13.87,14.9,14.905,18107798,3.7499531255859297,4.3894923357025215,5.0563104439777655,0.5417173523504213,1.0211062665291577,1273819.0,6.27,1.77,3.1
4003,2014,Q1,2014-Q1,39.8763,48.2178,38.0452,46.7936,41.72483125,21748464,3.7499531255859297,5.13535658774955,6.203281535932509,0.6146730656409367,1.0211062665291577,762832.0,7.07,1.37,5.61
4003,2014,Q2,2014-Q2,46.7936,54.3213,44.047,49.4385,48.353921538461535,15265721,3.7499531255859297,5.143463054109231,6.307215454479925,0.602165280473368,1.0211062665291577,763677.0,5.82,2.03,5.7
4003,2014,Q3,2014-Q3,49.4385,52.3885,46.1833,48.0143,49.43676666666667,13954616,3.7499531255859297,4.971906028814358,6.261847313020899,0.6082294770482624,1.0211062665291577,759291.0,4.06,2.0,5.64
4003,2014,Q4,2014-Q4,48.0143,48.7264,29.7038,32.6538,40.44495573770492,14241766,3.7499531255859297,4.685021426334404,5.936901066706247,0.6099428642651714,1.0211062665291577,666024.0,-7.86,1.97,5.72
4003,2015,Q1,2015-Q1,33.0607,44.6574,30.9245,38.9608,38.545793650793655,22050755,3.7499531255859297,4.229134507623015,5.685558302873481,0.60178932024553,1.0211062665291577,669419.0,-12.25,1.53,5.68
4003,2015,Q2,2015-Q2,39.0625,43.1315,36.6211,41.3086,39.29921076923077,37602491,3.7499531255859297,4.143256508555142,5.742382823838839,0.6049622862521988,1.0211062665291577,684728.0,-10.34,1.23,5.74
4003,2015,Q3,2015-Q3,41.0156,41.1377,21.6309,22.4707,30.857087096774197,60858213,3.7499531255859297,4.1669025646832365,5.81146349074398,0.5950148106947445,1.0211062665291577,644479.0,-15.12,0.97,5.82
4003,2015,Q4,2015-Q4,22.6074,24.4141,18.75,19.5557,21.87906818181818,39186354,3.7499531255859297,4.105224031446016,5.6907134360837,0.5865087683060861,1.0211062665291577,601678.0,-9.66,1.0,5.77
4003,2016,Q1,2016-Q1,19.5801,20.5566,10.5957,12.6465,13.71875076923077,108629724,3.7499531255859297,4.133366945328273,5.372446316863342,0.5732240134247804,1.0211062665291577,608587.0,-9.09,3.4,5.72
4003,2016,Q2,2016-Q2,12.5488,14.1113,12.085,12.793,13.071801754385966,90180542,3.7499531255859297,4.232967654545184,5.381704805803252,0.5740741792158651,1.0211062665291577,654884.0,-4.36,3.17,5.7
4003,2016,Q3,2016-Q3,13.0859,14.502,8.3008,8.7891,12.193598333333334,24621163,3.7499531255859297,4.1871263160433845,4.93156911808535,0.5625352731017034,1.0211062665291577,648526.0,0.63,2.93,5.81
4003,2016,Q4,2016-Q4,8.7402,13.7207,7.5684,12.8418,9.966749206349206,74673232,3.7499531255859297,4.047701279645562,4.660394046447919,0.5489941472450042,1.0211062665291577,672801.0,11.82,2.17,5.87
4003,2017,Q1,2017-Q1,12.9395,19.3359,11.7187,16.6016,14.03920923076923,73775979,3.7499531255859297,3.995255412239332,4.643373441761262,0.5444649391802415,1.0211062665291577,670636.0,10.2,-0.7,5.8
4003,2017,Q2,2017-Q2,16.5039,19.9951,16.2109,18.0298,17.978890163934423,44465421,3.7499531255859297,4.120729215109764,4.7913650125049365,0.5463913254672996,1.0211062665291577,682872.0,4.27,-0.77,6.0
4003,2017,Q3,2017-Q3,18.0298,27.6286,18.0298,25.8057,24.223324615384616,45513178,3.7499531255859297,4.399604609446621,4.902300351153905,0.5619010333482156,1.0211062665291577,697938.0,7.62,-0.9,5.8
4003,2017,Q4,2017-Q4,25.6917,29.3376,23.0713,26.9735,26.804303030303032,25707205,3.7499531255859297,4.41559800395772,4.978007487572566,0.5669772716067643,1.0211062665291577,728302.0,8.25,-1.03,6.0
4003,2018,Q1,2018-Q1,26.7741,43.2373,26.5177,38.68,31.74171875,38565160,3.7499531255859297,4.606775850666755,5.213870052978713,0.5894828401545231,1.0211062665291577,774359.0,15.47,2.97,6.1
4003,2018,Q2,2018-Q2,39.1357,48.4212,35.4329,35.7178,40.354829230769234,22053961,3.7499531255859297,4.472570853386178,5.103697600869535,0.5882371953367658,1.0211062665291577,844768.0,23.71,2.47,6.0
4003,2018,Q3,2018-Q3,35.7747,35.9456,28.2267,35.0911,32.55775757575758,34036764,3.7499531255859297,4.360108983767598,4.886170808847156,0.5510443788382188,1.0211062665291577,843111.0,20.8,2.3,6.0
4003,2018,Q4,2018-Q4,35.2214,42.3177,32.2917,41.6667,37.96953787878788,28031750,3.7499531255859297,4.28065858862964,4.825528303559299,0.5422638691352247,1.0211062665291577,862380.0,18.41,2.17,6.0
4003,2019,Q1,2019-Q1,42.0573,43.6198,37.1094,39.1927,40.0075234375,21764180,3.7499531255859297,4.259953736902418,4.879471629125458,0.5555847066049762,1.0211062665291577,791540.0,2.22,-2.93,5.7
4003,2019,Q2,2019-Q2,39.1276,47.2005,38.8021,43.9453,43.44751538461538,22663443,3.7499531255859297,4.213555981953015,4.8196063705662935,0.5496529937967733,1.0211062665291577,846688.0,0.23,-2.5,5.6
4003,2019,Q3,2019-Q3,44.2057,51.6927,44.0104,47.526,48.49759230769231,17742510,3.7499531255859297,4.170502849314746,4.62402411730144,0.5347938631241611,1.0211062665291577,837803.0,-0.63,-1.77,5.5
4003,2019,Q4,2019-Q4,47.526,48.763,43.0339,48.763,46.39757878787879,8295378,3.7499531255859297,4.151993656475779,4.824275755602191,0.5325519484165552,1.0211062665291577,857307.0,-0.59,-0.97,5.7
4003,2020,Q1,2020-Q1,48.8932,59.1797,33.0729,37.3047,48.67888769230769,26738616,3.7499531255859297,4.135388060725674,4.7995881847852,0.537373119415527,1.0211062665291577,739156.0,-6.62,0.8,5.7
4003,2020,Q2,2020-Q2,37.4349,47.2005,34.0234,42.9688,39.94618666666667,63301278,3.7499531255859297,4.125167556599792,4.651638296784747,0.5288480817052852,1.0211062665291577,646000.0,-23.7,0.47,9.0
4003,2020,Q3,2020-Q3,43.125,58.125,42.8906,54.4531,49.989581666666666,50623778,3.7499531255859297,4.378371226867208,4.839364654543005,0.541610714943805,1.0211062665291577,733093.0,-12.5,5.9,8.5
4003,2020,Q4,2020-Q4,54.6094,70.5469,54.2969,67.5781,61.59682575757576,26919502,3.7499531255859297,4.468998026354458,4.947845939136117,0.5659013670823787,1.0211062665291577,761568.0,-11.17,5.53,7.4
4003,2021,Q1,2021-Q1,67.5,83.5938,65.7812,82.0312,74.238278125,20270720,3.7499531255859297,4.522222199890261,5.168810478672052,0.5784065413923789,1.0211062665291577,823010.0,11.34,5.1,5.8
4003,2021,Q2,2021-Q2,82.0312,108.4375,81.0938,103.9062,95.04098196721311,13058420,3.7499531255859297,4.516243339161438,5.240190765977687,0.5802069107106196,1.0211062665291577,884785.0,36.96,5.83,6.3
4003,2021,Q3,2021-Q3,104.6875,117.0312,98.4375,111.4062,107.21354166666669,13541729,3.7499531255859297,4.419953206147579,5.1704390264737725,0.5795527490643688,1.0211062665291577,961502.0,31.16,0.47,6.1
4003,2021,Q4,2021-Q4,111.4062,114.375,96.0938,105.7812,107.18509384615383,9927582,3.7499531255859297,4.288156670600584,5.054128618783559,0.5864635292992717,1.0211062665291577,1015682.0,33.37,1.33,6.3
4003,2022,Q1,2022-Q1,105.625,115.625,98.2812,103.9062,104.904784375,16592084,3.7499531255859297,4.207579533772138,5.031668764127109,0.5906736567424741,1.0211062665291577,1071428.0,30.18,1.83,5.4
4003,2022,Q2,2022-Q2,103.9062,110.9375,84.375,88.4375,96.078125,18353807,3.7499531255859297,3.998040520799696,4.717839499100241,0.5676048572005977,1.0211062665291577,1218947.0,37.77,2.33,5.1
4003,2022,Q3,2022-Q3,88.9062,102.5,80.4688,85.9375,91.74739666666666,15879214,3.7499531255859297,3.782527682346615,4.419033931936309,0.5477791425946512,1.0211062665291577,1199420.0,24.74,2.87,4.9
4003,2022,Q4,2022-Q4,85.9375,90.7,65.9,69.1,74.8406234375,18559038,3.7499531255859297,3.821613717931676,4.39119431894008,0.5268595277964215,1.0211062665291577,1156737.0,13.89,3.17,4.1
4003,2023,Q1,2023-Q1,69.6,81.1,68.3,77.7,75.8828125,9694680,3.7499531255859297,4.021979672020964,4.554282493034478,0.5478258011343646,1.0211062665291577,1146388.0,7.0,3.23,4.3
4003,2023,Q2,2023-Q2,77.7,83.9,70.9,73.4,75.32000000000001,2490607,3.7499531255859297,4.0845914398633685,4.694668558979224,0.5354462473749896,1.0211062665291577,1126757.0,-7.56,2.83,4.1
4003,2023,Q3,2023-Q3,73.5,86.2,71.9,75.5,77.3046875,39044678,3.7499531255859297,4.082737564292023,4.749845759084725,0.5179620221237343,1.0211062665291577,1143376.0,-4.67,2.13,4.2
4003,2023,Q4,2023-Q4,75.5,91.0,74.9,89.7,80.7439393939394,33691308,3.7499531255859297,4.03450554722586,4.654172237761424,0.5193274483749002,1.0211062665291577,1153172.0,-0.31,1.67,3.4
4003,2024,Q1,2024-Q1,90.0,98.8,87.8,95.0,92.7171875,34254543,3.7499531255859297,4.073668033658347,4.757759461275236,0.5218614050802921,1.0211062665291577,1163668.0,1.51,1.5,3.5
4003,2024,Q2,2024-Q2,95.1,103.8,89.0,94.5,95.71851851851852,20850458,3.7499531255859297,4.039403269164527,4.734533164624401,0.5180093640154264,1.0211062665291577,1186619.0,5.31,1.6,3.3
4003,2024,Q3,2024-Q3,96.5,98.4,84.7,94.8,92.6246153846154,20467778,3.7499531255859297,4.119438645886785,4.873929457287955,0.5235089667981508,1.0211062665291577,1165884.0,1.97,1.4,3.7
4003,2024,Q4,2024-Q4,94.5,105.0,89.7,90.2,96.9439393939394,27876319,3.7499531255859297,4.004769157705633,4.8105757370246485,0.5217850948684705,1.0211062665291577,1186857.0,2.92,1.47,3.5
4003,2025,Q1,2025-Q1,90.2,99.9,90.0,94.2,96.0655737704918,21754566,3.7499531255859297,3.944648689587705,4.722780647304315,0.515559883712604,1.0211062665291577,1198648.0,3.01,1.8,2.8
4003,2025,Q2,2025-Q2,93.4,95.5,83.4,88.25,89.36694915254236,16843424,3.7499531255859297,4.252356319422054,5.008368378152727,0.5187168427358837,1.0211062665291577,1175941.0,-0.9,2.07,3.2
4003,2025,Q3,2025-Q3,88.2,91.65,84.45,89.65,88.25846153846155,13009493,3.7499531255859297,4.381576233949501,5.058630628688814,0.524069904089511,1.0211062665291577,1191102.0,2.16,2.23,3.4
4003,2025,Q4,2025-Q4,87.95,93.5,83.85,84.5,88.83636363636363,12174736,3.7499531255859297,4.367102427539328,4.990875377841815,0.5291023548505458,1.0211062665291577,1210139.0,1.96,2.07,3.5
4003,2026,Q1,2026-Q1,84.5,89.45,74.6,80.85,84.73706896551724,15160187,3.7499531255859297,4.3894923357025215,5.0563104439777655,0.5417173523504213,1.0211062665291577,1273819.0,6.27,1.77,3.1
4030,2014,Q1,2014-Q1,12.032,15.0613,11.7333,14.4213,12.832,221470216,3.7499531255859297,5.13535658774955,6.203281535932509,0.6146730656409367,1.0211062665291577,762832.0,7.07,1.37,5.61
4030,2014,Q2,2014-Q2,13.9947,16.7253,12.8,13.7813,14.797449230769232,328221564,3.7499531255859297,5.143463054109231,6.307215454479925,0.602165280473368,1.0211062665291577,763677.0,5.82,2.03,5.7
4030,2014,Q3,2014-Q3,13.7813,17.7067,13.696,16.2987,15.990753333333334,266350405,3.7499531255859297,4.971906028814358,6.261847313020899,0.6082294770482624,1.0211062665291577,759291.0,4.06,2.0,5.64
4030,2014,Q4,2014-Q4,16.2987,16.3413,11.1787,14.5067,14.565429508196722,314344505,3.7499531255859297,4.685021426334404,5.936901066706247,0.6099428642651714,1.0211062665291577,666024.0,-7.86,1.97,5.72
4030,2015,Q1,2015-Q1,14.6773,18.7307,13.184,17.4507,16.42754285714286,189582331,3.7499531255859297,4.229134507623015,5.685558302873481,0.60178932024553,1.0211062665291577,669419.0,-12.25,1.53,5.68
4030,2015,Q2,2015-Q2,17.4933,24.2133,16.0853,22.4171,21.176647692307693,197842970,3.7499531255859297,4.143256508555142,5.742382823838839,0.6049622862521988,1.0211062665291577,684728.0,-10.34,1.23,5.74
4030,2015,Q3,2015-Q3,22.6133,23.4667,12.672,16.5547,17.959370967741936,225942868,3.7499531255859297,4.1669025646832365,5.81146349074398,0.5950148106947445,1.0211062665291577,644479.0,-15.12,0.97,5.82
4030,2015,Q4,2015-Q4,16.64,21.9733,15.9573,19.8485,19.06320151515152,328104145,3.7499531255859297,4.105224031446016,5.6907134360837,0.5865087683060861,1.0211062665291577,601678.0,-9.66,1.0,5.77
4030,2016,Q1,2016-Q1,19.84,20.7787,14.1653,17.9627,16.63961076923077,365860606,3.7499531255859297,4.133366945328273,5.372446316863342,0.5732240134247804,1.0211062665291577,608587.0,-9.09,3.4,5.72
4030,2016,Q2,2016-Q2,17.8347,20.6933,16.2133,16.512,18.265447368421054,251096079,3.7499531255859297,4.232967654545184,5.381704805803252,0.5740741792158651,1.0211062665291577,654884.0,-4.36,3.17,5.7
4030,2016,Q3,2016-Q3,16.8107,18.2613,12.0747,12.8427,15.780986666666667,203252555,3.7499531255859297,4.1871263160433845,4.93156911808535,0.5625352731017034,1.0211062665291577,648526.0,0.63,2.93,5.81
4030,2016,Q4,2016-Q4,12.928,18.688,12.1173,18.5173,15.928888888888888,288222527,3.7499531255859297,4.047701279645562,4.660394046447919,0.5489941472450042,1.0211062665291577,672801.0,11.82,2.17,5.87
4030,2017,Q1,2017-Q1,18.5173,18.9013,14.2933,15.1893,16.20217846153846,144078697,3.7499531255859297,3.995255412239332,4.643373441761262,0.5444649391802415,1.0211062665291577,670636.0,10.2,-0.7,5.8
4030,2017,Q2,2017-Q2,15.1467,16.0427,14.464,15.8293,15.202270491803278,154953713,3.7499531255859297,4.120729215109764,4.7913650125049365,0.5463913254672996,1.0211062665291577,682872.0,4.27,-0.77,6.0
4030,2017,Q3,2017-Q3,15.8507,16.2987,13.312,13.4187,14.198153846153843,76199387,3.7499531255859297,4.399604609446621,4.902300351153905,0.5619010333482156,1.0211062665291577,697938.0,7.62,-0.9,5.8
4030,2017,Q4,2017-Q4,13.376,13.6533,11.392,13.44,12.772201515151515,61536047,3.7499531255859297,4.41559800395772,4.978007487572566,0.5669772716067643,1.0211062665291577,728302.0,8.25,-1.03,6.0
4030,2018,Q1,2018-Q1,13.44,13.696,12.16,13.376,12.951334375,74147201,3.7499531255859297,4.606775850666755,5.213870052978713,0.5894828401545231,1.0211062665291577,774359.0,15.47,2.97,6.1
4030,2018,Q2,2018-Q2,13.3973,14.1653,11.904,13.0773,12.740267692307691,87990359,3.7499531255859297,4.472570853386178,5.103697600869535,0.5882371953367658,1.0211062665291577,844768.0,23.71,2.47,6.0
4030,2018,Q3,2018-Q3,13.2693,14.5067,12.1173,14.272,13.064733333333333,164352617,3.7499531255859297,4.360108983767598,4.886170808847156,0.5510443788382188,1.0211062665291577,843111.0,20.8,2.3,6.0
4030,2018,Q4,2018-Q4,14.272,14.9973,12.6933,14.2507,14.08614393939394,215920966,3.7499531255859297,4.28065858862964,4.825528303559299,0.5422638691352247,1.0211062665291577,862380.0,18.41,2.17,6.0
4030,2019,Q1,2019-Q1,14.2933,14.656,12.544,12.9707,13.4130046875,100300846,3.7499531255859297,4.259953736902418,4.879471629125458,0.5555847066049762,1.0211062665291577,791540.0,2.22,-2.93,5.7
4030,2019,Q2,2019-Q2,12.9067,12.928,10.4533,11.6053,11.678066153846151,161967027,3.7499531255859297,4.213555981953015,4.8196063705662935,0.5496529937967733,1.0211062665291577,846688.0,0.23,-2.5,5.6
4030,2019,Q3,2019-Q3,11.6267,12.5227,10.9013,12.5013,11.547895384615384,94053360,3.7499531255859297,4.170502849314746,4.62402411730144,0.5347938631241611,1.0211062665291577,837803.0,-0.63,-1.77,5.5
4030,2019,Q4,2019-Q4,12.5013,17.152,12.5013,17.0667,14.117821212121212,205573211,3.7499531255859297,4.151993656475779,4.824275755602191,0.5325519484165552,1.0211062665291577,857307.0,-0.59,-0.97,5.7
4030,2020,Q1,2020-Q1,17.0667,17.5147,11.52,15.3387,14.85982,210986566,3.7499531255859297,4.135388060725674,4.7995881847852,0.537373119415527,1.0211062665291577,739156.0,-6.62,0.8,5.7
4030,2020,Q2,2020-Q2,15.5307,16.1707,13.5253,14.592,14.858316666666669,177084529,3.7499531255859297,4.125167556599792,4.651638296784747,0.5288480817052852,1.0211062665291577,646000.0,-23.7,0.47,9.0
4030,2020,Q3,2020-Q3,14.592,18.0053,14.464,17.984,16.041245,485434731,3.7499531255859297,4.378371226867208,4.839364654543005,0.541610714943805,1.0211062665291577,733093.0,-12.5,5.9,8.5
4030,2020,Q4,2020-Q4,18.0907,18.112,16.4693,17.3013,17.347877272727274,258752751,3.7499531255859297,4.468998026354458,4.947845939136117,0.5659013670823787,1.0211062665291577,761568.0,-11.17,5.53,7.4
4030,2021,Q1,2021-Q1,17.3013,17.3013,16.2133,16.6613,16.717665625000002,158407035,3.7499531255859297,4.522222199890261,5.168810478672052,0.5784065413923789,1.0211062665291577,823010.0,11.34,5.1,5.8
4030,2021,Q2,2021-Q2,16.6827,17.1947,15.8293,16.6827,16.45884918032787,209966400,3.7499531255859297,4.516243339161438,5.240190765977687,0.5802069107106196,1.0211062665291577,884785.0,36.96,5.83,6.3
4030,2021,Q3,2021-Q3,16.6827,16.9173,15.9573,16.3627,16.250661666666666,112772371,3.7499531255859297,4.419953206147579,5.1704390264737725,0.5795527490643688,1.0211062665291577,961502.0,31.16,0.47,6.1
4030,2021,Q4,2021-Q4,16.384,16.512,13.7813,13.8453,14.910033846153846,97435269,3.7499531255859297,4.288156670600584,5.054128618783559,0.5864635292992717,1.0211062665291577,1015682.0,33.37,1.33,6.3
4030,2022,Q1,2022-Q1,13.888,15.6587,13.696,15.232,14.497325,114877493,3.7499531255859297,4.207579533772138,5.031668764127109,0.5906736567424741,1.0211062665291577,1071428.0,30.18,1.83,5.4
4030,2022,Q2,2022-Q2,15.232,15.808,9.8453,10.6027,13.467198333333332,127117750,3.7499531255859297,3.998040520799696,4.717839499100241,0.5676048572005977,1.0211062665291577,1218947.0,37.77,2.33,5.1
4030,2022,Q3,2022-Q3,10.6453,15.8933,10.432,14.6133,13.85671,134226648,3.7499531255859297,3.782527682346615,4.419033931936309,0.5477791425946512,1.0211062665291577,1199420.0,24.74,2.87,4.9
4030,2022,Q4,2022-Q4,14.5067,16.4,13.68,15.7333,15.2395828125,74534974,3.7499531255859297,3.821613717931676,4.39119431894008,0.5268595277964215,1.0211062665291577,1156737.0,13.89,3.17,4.1
4030,2023,Q1,2023-Q1,15.7867,17.5733,13.8667,17.3333,15.4237484375,28689857,3.7499531255859297,4.021979672020964,4.554282493034478,0.5478258011343646,1.0211062665291577,1146388.0,7.0,3.23,4.3
4030,2023,Q2,2023-Q2,17.3333,18.6933,16.3733,17.92,16.93964181818182,9649885,3.7499531255859297,4.0845914398633685,4.694668558979224,0.5354462473749896,1.0211062665291577,1126757.0,-7.56,2.83,4.1
4030,2023,Q3,2023-Q3,17.92,19.248,17.184,18.976,18.2075,78009121,3.7499531255859297,4.082737564292023,4.749845759084725,0.5179620221237343,1.0211062665291577,1143376.0,-4.67,2.13,4.2
4030,2023,Q4,2023-Q4,18.976,18.992,17.088,17.648,17.76727272727273,34201606,3.7499531255859297,4.03450554722586,4.654172237761424,0.5193274483749002,1.0211062665291577,1153172.0,-0.31,1.67,3.4
4030,2024,Q1,2024-Q1,17.6,22.44,17.472,21.28,19.906375,76613854,3.7499531255859297,4.073668033658347,4.757759461275236,0.5218614050802921,1.0211062665291577,1163668.0,1.51,1.5,3.5
4030,2024,Q2,2024-Q2,21.24,22.76,19.968,20.52,21.31563636363636,34504153,3.7499531255859297,4.039403269164527,4.734533164624401,0.5180093640154264,1.0211062665291577,1186619.0,5.31,1.6,3.3
4030,2024,Q3,2024-Q3,21.0,24.32,20.96,23.16,22.776,49514273,3.7499531255859297,4.119438645886785,4.873929457287955,0.5235089667981508,1.0211062665291577,1165884.0,1.97,1.4,3.7
4030,2024,Q4,2024-Q4,23.12,23.76,20.64,20.92,22.350303030303028,24508602,3.7499531255859297,4.004769157705633,4.8105757370246485,0.5217850948684705,1.0211062665291577,1186857.0,2.92,1.47,3.5
4030,2025,Q1,2025-Q1,20.92,26.0,20.72,25.24,23.550819672131148,55014008,3.7499531255859297,3.944648689587705,4.722780647304315,0.515559883712604,1.0211062665291577,1198648.0,3.01,1.8,2.8
4030,2025,Q2,2025-Q2,25.16,25.92,22.96,24.48,24.434305084745763,48746814,3.7499531255859297,4.252356319422054,5.008368378152727,0.5187168427358837,1.0211062665291577,1175941.0,-0.9,2.07,3.2
4030,2025,Q3,2025-Q3,24.49,27.66,21.08,27.24,23.11046153846154,48374278,3.7499531255859297,4.381576233949501,5.058630628688814,0.524069904089511,1.0211062665291577,1191102.0,2.16,2.23,3.4
4030,2025,Q4,2025-Q4,27.1,32.5,26.82,28.98,30.216060606060605,34858477,3.7499531255859297,4.367102427539328,4.990875377841815,0.5291023548505458,1.0211062665291577,1210139.0,1.96,2.07,3.5
4030,2026,Q1,2026-Q1,29.06,34.0,24.04,32.0,30.359310344827584,60307495,3.7499531255859297,4.3894923357025215,5.0563104439777655,0.5417173523504213,1.0211062665291577,1273819.0,6.27,1.77,3.1
4190,2014,Q1,2014-Q1,11.925,15.7313,11.925,15.45,13.6547078125,105499435,3.7499531255859297,5.13535658774955,6.203281535932509,0.6146730656409367,1.0211062665291577,762832.0,7.07,1.37,5.61
4190,2014,Q2,2014-Q2,15.375,16.125,14.7,14.775,15.197330769230769,126408311,3.7499531255859297,5.143463054109231,6.307215454479925,0.602165280473368,1.0211062665291577,763677.0,5.82,2.03,5.7
4190,2014,Q3,2014-Q3,14.8313,15.75,14.6063,15.1125,15.21439,61295234,3.7499531255859297,4.971906028814358,6.261847313020899,0.6082294770482624,1.0211062665291577,759291.0,4.06,2.0,5.64
4190,2014,Q4,2014-Q4,15.0375,15.2813,12.375,13.875,14.01917868852459,67454851,3.7499531255859297,4.685021426334404,5.936901066706247,0.6099428642651714,1.0211062665291577,666024.0,-7.86,1.97,5.72
4190,2015,Q1,2015-Q1,13.9875,17.025,12.75,16.4438,15.061568253968254,92004278,3.7499531255859297,4.229134507623015,5.685558302873481,0.60178932024553,1.0211062665291577,669419.0,-12.25,1.53,5.68
4190,2015,Q2,2015-Q2,16.4625,18.075,15.9375,16.5698,17.073700000000002,94136559,3.7499531255859297,4.143256508555142,5.742382823838839,0.6049622862521988,1.0211062665291577,684728.0,-10.34,1.23,5.74
4190,2015,Q3,2015-Q3,16.425,17.475,13.0125,13.4918,15.267970967741936,66023297,3.7499531255859297,4.1669025646832365,5.81146349074398,0.5950148106947445,1.0211062665291577,644479.0,-15.12,0.97,5.82
4190,2015,Q4,2015-Q4,13.5,14.1,11.4,11.9948,12.398012121212124,81744226,3.7499531255859297,4.105224031446016,5.6907134360837,0.5865087683060861,1.0211062665291577,601678.0,-9.66,1.0,5.77
4190,2016,Q1,2016-Q1,12.0375,12.0563,8.25,8.4923,9.362550769230769,115617910,3.7499531255859297,4.133366945328273,5.372446316863342,0.5732240134247804,1.0211062665291577,608587.0,-9.09,3.4,5.72
4190,2016,Q2,2016-Q2,8.4563,9.675,8.3438,8.8125,8.914073684210527,78835285,3.7499531255859297,4.232967654545184,5.381704805803252,0.5740741792158651,1.0211062665291577,654884.0,-4.36,3.17,5.7
4190,2016,Q3,2016-Q3,8.8875,8.9438,6.6563,6.9,8.039705,85456633,3.7499531255859297,4.1871263160433845,4.93156911808535,0.5625352731017034,1.0211062665291577,648526.0,0.63,2.93,5.81
4190,2016,Q4,2016-Q4,6.9563,9.3938,6.075,8.6813,7.66728253968254,166036805,3.7499531255859297,4.047701279645562,4.660394046447919,0.5489941472450042,1.0211062665291577,672801.0,11.82,2.17,5.87
4190,2017,Q1,2017-Q1,8.7,10.575,8.625,10.125,9.46934923076923,72946911,3.7499531255859297,3.995255412239332,4.643373441761262,0.5444649391802415,1.0211062665291577,670636.0,10.2,-0.7,5.8
4190,2017,Q2,2017-Q2,10.0125,11.175,9.375,11.025,10.40343606557377,65574151,3.7499531255859297,4.120729215109764,4.7913650125049365,0.5463913254672996,1.0211062665291577,682872.0,4.27,-0.77,6.0
4190,2017,Q3,2017-Q3,11.025,11.91,10.605,11.55,11.333769230769231,38174878,3.7499531255859297,4.399604609446621,4.902300351153905,0.5619010333482156,1.0211062665291577,697938.0,7.62,-0.9,5.8
4190,2017,Q4,2017-Q4,11.505,11.55,10.38,10.98,10.785227272727273,51385445,3.7499531255859297,4.41559800395772,4.978007487572566,0.5669772716067643,1.0211062665291577,728302.0,8.25,-1.03,6.0
4190,2018,Q1,2018-Q1,10.95,14.475,10.875,13.275,12.54984375,54753126,3.7499531255859297,4.606775850666755,5.213870052978713,0.5894828401545231,1.0211062665291577,774359.0,15.47,2.97,6.1
4190,2018,Q2,2018-Q2,13.275,13.665,12.45,13.335,13.109076923076923,43439553,3.7499531255859297,4.472570853386178,5.103697600869535,0.5882371953367658,1.0211062665291577,844768.0,23.71,2.47,6.0
4190,2018,Q3,2018-Q3,13.305,14.4,12.945,13.725,13.639772727272728,35885062,3.7499531255859297,4.360108983767598,4.886170808847156,0.5510443788382188,1.0211062665291577,843111.0,20.8,2.3,6.0
4190,2018,Q4,2018-Q4,13.8,15.76,12.99,15.2,14.564015151515152,123590089,3.7499531255859297,4.28065858862964,4.825528303559299,0.5422638691352247,1.0211062665291577,862380.0,18.41,2.17,6.0
4190,2019,Q1,2019-Q1,15.2,15.98,14.46,15.8,15.26,92847460,3.7499531255859297,4.259953736902418,4.879471629125458,0.5555847066049762,1.0211062665291577,791540.0,2.22,-2.93,5.7
4190,2019,Q2,2019-Q2,15.82,17.96,15.78,16.72,17.074769230769228,198041580,3.7499531255859297,4.213555981953015,4.8196063705662935,0.5496529937967733,1.0211062665291577,846688.0,0.23,-2.5,5.6
4190,2019,Q3,2019-Q3,16.74,17.36,15.38,15.8,16.508923076923075,152599700,3.7499531255859297,4.170502849314746,4.62402411730144,0.5347938631241611,1.0211062665291577,837803.0,-0.63,-1.77,5.5
4190,2019,Q4,2019-Q4,15.86,16.74,14.72,16.56,15.885757575757577,92206570,3.7499531255859297,4.151993656475779,4.824275755602191,0.5325519484165552,1.0211062665291577,857307.0,-0.59,-0.97,5.7
4190,2020,Q1,2020-Q1,16.54,16.94,11.0,12.78,15.155076923076924,107869270,3.7499531255859297,4.135388060725674,4.7995881847852,0.537373119415527,1.0211062665291577,739156.0,-6.62,0.8,5.7
4190,2020,Q2,2020-Q2,12.78,15.58,12.5,14.6,13.993333333333334,131984740,3.7499531255859297,4.125167556599792,4.651638296784747,0.5288480817052852,1.0211062665291577,646000.0,-23.7,0.47,9.0
4190,2020,Q3,2020-Q3,14.5,18.9,14.36,18.74,16.306333333333335,119448760,3.7499531255859297,4.378371226867208,4.839364654543005,0.541610714943805,1.0211062665291577,733093.0,-12.5,5.9,8.5
4190,2020,Q4,2020-Q4,18.78,19.18,17.02,17.34,17.95090909090909,82771080,3.7499531255859297,4.468998026354458,4.947845939136117,0.5659013670823787,1.0211062665291577,761568.0,-11.17,5.53,7.4
4190,2021,Q1,2021-Q1,17.4,18.34,16.96,18.2,17.335625,82868910,3.7499531255859297,4.522222199890261,5.168810478672052,0.5784065413923789,1.0211062665291577,823010.0,11.34,5.1,5.8
4190,2021,Q2,2021-Q2,18.28,22.5,18.0,21.12,20.229180327868853,82053730,3.7499531255859297,4.516243339161438,5.240190765977687,0.5802069107106196,1.0211062665291577,884785.0,36.96,5.83,6.3
4190,2021,Q3,2021-Q3,21.16,21.66,19.78,20.96,20.753666666666668,79002010,3.7499531255859297,4.419953206147579,5.1704390264737725,0.5795527490643688,1.0211062665291577,961502.0,31.16,0.47,6.1
4190,2021,Q4,2021-Q4,21.0,21.0,18.54,19.68,19.99569230769231,69510830,3.7499531255859297,4.288156670600584,5.054128618783559,0.5864635292992717,1.0211062665291577,1015682.0,33.37,1.33,6.3
4190,2022,Q1,2022-Q1,19.7,21.1,19.32,19.7,20.0440625,88508300,3.7499531255859297,4.207579533772138,5.031668764127109,0.5906736567424741,1.0211062665291577,1071428.0,30.18,1.83,5.4
4190,2022,Q2,2022-Q2,19.9,20.66,14.54,16.26,17.668,142205830,3.7499531255859297,3.998040520799696,4.717839499100241,0.5676048572005977,1.0211062665291577,1218947.0,37.77,2.33,5.1
4190,2022,Q3,2022-Q3,16.38,18.4,14.16,16.7,16.697333333333333,109894260,3.7499531255859297,3.782527682346615,4.419033931936309,0.5477791425946512,1.0211062665291577,1199420.0,24.74,2.87,4.9
4190,2022,Q4,2022-Q4,17.0,17.84,14.82,15.0,16.1271875,71654730,3.7499531255859297,3.821613717931676,4.39119431894008,0.5268595277964215,1.0211062665291577,1156737.0,13.89,3.17,4.1
4190,2023,Q1,2023-Q1,15.02,16.58,14.16,16.3,14.9646875,52792700,3.7499531255859297,4.021979672020964,4.554282493034478,0.5478258011343646,1.0211062665291577,1146388.0,7.0,3.23,4.3
4190,2023,Q2,2023-Q2,16.3,17.62,15.98,16.54,16.577454545454547,10603066,3.7499531255859297,4.0845914398633685,4.694668558979224,0.5354462473749896,1.0211062665291577,1126757.0,-7.56,2.83,4.1
4190,2023,Q3,2023-Q3,16.6,16.62,14.12,14.5,15.3284375,111381666,3.7499531255859297,4.082737564292023,4.749845759084725,0.5179620221237343,1.0211062665291577,1143376.0,-4.67,2.13,4.2
4190,2023,Q4,2023-Q4,14.5,15.78,14.0,15.58,14.71939393939394,119159106,3.7499531255859297,4.03450554722586,4.654172237761424,0.5193274483749002,1.0211062665291577,1153172.0,-0.31,1.67,3.4
4190,2024,Q1,2024-Q1,15.6,15.96,14.42,14.5,15.2471875,113944954,3.7499531255859297,4.073668033658347,4.757759461275236,0.5218614050802921,1.0211062665291577,1163668.0,1.51,1.5,3.5
4190,2024,Q2,2024-Q2,14.48,15.04,12.56,12.68,13.487407407407408,117262502,3.7499531255859297,4.039403269164527,4.734533164624401,0.5180093640154264,1.0211062665291577,1186619.0,5.31,1.6,3.3
4190,2024,Q3,2024-Q3,12.7,13.46,12.4,13.14,12.882153846153846,112045544,3.7499531255859297,4.119438645886785,4.873929457287955,0.5235089667981508,1.0211062665291577,1165884.0,1.97,1.4,3.7
4190,2024,Q4,2024-Q4,13.18,13.72,12.54,12.66,12.986363636363636,123696288,3.7499531255859297,4.004769157705633,4.8105757370246485,0.5217850948684705,1.0211062665291577,1186857.0,2.92,1.47,3.5
4190,2025,Q1,2025-Q1,12.72,13.06,12.32,12.98,12.76622950819672,81794503,3.7499531255859297,3.944648689587705,4.722780647304315,0.515559883712604,1.0211062665291577,1198648.0,3.01,1.8,2.8
4190,2025,Q2,2025-Q2,12.96,13.02,12.0,12.54,12.523389830508474,84818029,3.7499531255859297,4.252356319422054,5.008368378152727,0.5187168427358837,1.0211062665291577,1175941.0,-0.9,2.07,3.2
4190,2025,Q3,2025-Q3,12.54,14.56,12.41,13.95,12.870615384615386,86532622,3.7499531255859297,4.381576233949501,5.058630628688814,0.524069904089511,1.0211062665291577,1191102.0,2.16,2.23,3.4
4190,2025,Q4,2025-Q4,13.88,14.3,12.26,12.78,13.371666666666666,111092985,3.7499531255859297,4.367102427539328,4.990875377841815,0.5291023548505458,1.0211062665291577,1210139.0,1.96,2.07,3.5
4190,2026,Q1,2026-Q1,12.87,14.44,12.69,14.12,13.824827586206895,89639311,3.7499531255859297,4.3894923357025215,5.0563104439777655,0.5417173523504213,1.0211062665291577,1273819.0,6.27,1.77,3.1
5110,2014,Q1,2014-Q1,14.55,16.1,14.5,15.75,15.096875,244131825,3.7499531255859297,5.13535658774955,6.203281535932509,0.6146730656409367,1.0211062665291577,762832.0,7.07,1.37,5.61
5110,2014,Q2,2014-Q2,15.75,16.7,14.25,15.7,15.68153846153846,294969514,3.7499531255859297,5.143463054109231,6.307215454479925,0.602165280473368,1.0211062665291577,763677.0,5.82,2.03,5.7
5110,2014,Q3,2014-Q3,15.7,18.4,15.65,17.25,17.066666666666666,227499832,3.7499531255859297,4.971906028814358,6.261847313020899,0.6082294770482624,1.0211062665291577,759291.0,4.06,2.0,5.64
5110,2014,Q4,2014-Q4,17.3,17.9,13.8,15.0,16.254918032786886,155063810,3.7499531255859297,4.685021426334404,5.936901066706247,0.6099428642651714,1.0211062665291577,666024.0,-7.86,1.97,5.72
5110,2015,Q1,2015-Q1,15.0,19.9,14.05,17.4,17.03936507936508,288203206,3.7499531255859297,4.229134507623015,5.685558302873481,0.60178932024553,1.0211062665291577,669419.0,-12.25,1.53,5.68
5110,2015,Q2,2015-Q2,17.5,21.0,16.7,17.22,18.781384615384614,206539802,3.7499531255859297,4.143256508555142,5.742382823838839,0.6049622862521988,1.0211062665291577,684728.0,-10.34,1.23,5.74
5110,2015,Q3,2015-Q3,17.25,19.0,15.3,16.4,17.234193548387097,115230805,3.7499531255859297,4.1669025646832365,5.81146349074398,0.5950148106947445,1.0211062665291577,644479.0,-15.12,0.97,5.82
5110,2015,Q4,2015-Q4,16.45,18.25,14.5,15.71,16.00560606060606,120055516,3.7499531255859297,4.105224031446016,5.6907134360837,0.5865087683060861,1.0211062665291577,601678.0,-9.66,1.0,5.77
5110,2016,Q1,2016-Q1,15.75,16.7,12.4,15.96,15.01446153846154,82714038,3.7499531255859297,4.133366945328273,5.372446316863342,0.5732240134247804,1.0211062665291577,608587.0,-9.09,3.4,5.72
5110,2016,Q2,2016-Q2,15.85,21.8,15.65,19.4,17.32315789473684,184977722,3.7499531255859297,4.232967654545184,5.381704805803252,0.5740741792158651,1.0211062665291577,654884.0,-4.36,3.17,5.7
5110,2016,Q3,2016-Q3,19.65,20.65,16.55,16.85,19.000833333333333,90107130,3.7499531255859297,4.1871263160433845,4.93156911808535,0.5625352731017034,1.0211062665291577,648526.0,0.63,2.93,5.81
5110,2016,Q4,2016-Q4,16.9,23.35,14.3,22.4,18.64206349206349,151786818,3.7499531255859297,4.047701279645562,4.660394046447919,0.5489941472450042,1.0211062665291577,672801.0,11.82,2.17,5.87
5110,2017,Q1,2017-Q1,22.5,25.8,19.65,23.15,22.878461538461536,162878891,3.7499531255859297,3.995255412239332,4.643373441761262,0.5444649391802415,1.0211062665291577,670636.0,10.2,-0.7,5.8
5110,2017,Q2,2017-Q2,23.4,26.0,20.98,25.5,23.36311475409836,106786685,3.7499531255859297,4.120729215109764,4.7913650125049365,0.5463913254672996,1.0211062665291577,682872.0,4.27,-0.77,6.0
5110,2017,Q3,2017-Q3,25.5,26.05,23.04,23.94,23.89046153846154,54555480,3.7499531255859297,4.399604609446621,4.902300351153905,0.5619010333482156,1.0211062665291577,697938.0,7.62,-0.9,5.8
5110,2017,Q4,2017-Q4,23.68,25.85,19.76,21.06,23.45757575757576,135209560,3.7499531255859297,4.41559800395772,4.978007487572566,0.5669772716067643,1.0211062665291577,728302.0,8.25,-1.03,6.0
5110,2018,Q1,2018-Q1,21.0,21.36,19.88,20.64,20.583125,80018604,3.7499531255859297,4.606775850666755,5.213870052978713,0.5894828401545231,1.0211062665291577,774359.0,15.47,2.97,6.1
5110,2018,Q2,2018-Q2,20.68,23.44,20.28,20.82,21.552307692307693,83178000,3.7499531255859297,4.472570853386178,5.103697600869535,0.5882371953367658,1.0211062665291577,844768.0,23.71,2.47,6.0
5110,2018,Q3,2018-Q3,20.86,21.1,15.92,16.02,18.595454545454544,74589555,3.7499531255859297,4.360108983767598,4.886170808847156,0.5510443788382188,1.0211062665291577,843111.0,20.8,2.3,6.0
5110,2018,Q4,2018-Q4,16.04,16.44,14.34,15.14,15.168923076923075,93000133,3.7499531255859297,4.28065858862964,4.825528303559299,0.5422638691352247,1.0211062665291577,862380.0,18.41,2.17,6.0
5110,2019,Q1,2019-Q1,15.16,17.56,14.98,16.5,16.3278125,97437099,3.7499531255859297,4.259953736902418,4.879471629125458,0.5555847066049762,1.0211062665291577,791540.0,2.22,-2.93,5.7
5110,2019,Q2,2019-Q2,16.5,19.0,15.5,18.56,16.61046153846154,217634457,3.7499531255859297,4.213555981953015,4.8196063705662935,0.5496529937967733,1.0211062665291577,846688.0,0.23,-2.5,5.6
5110,2019,Q3,2019-Q3,18.52,21.6,18.02,21.3,20.12984615384616,117329070,3.7499531255859297,4.170502849314746,4.62402411730144,0.5347938631241611,1.0211062665291577,837803.0,-0.63,-1.77,5.5
5110,2019,Q4,2019-Q4,21.22,21.44,19.08,20.22,20.48181818181818,51576307,3.7499531255859297,4.151993656475779,4.824275755602191,0.5325519484165552,1.0211062665291577,857307.0,-0.59,-0.97,5.7
5110,2020,Q1,2020-Q1,20.24,20.46,14.42,15.92,17.886153846153846,73609749,3.7499531255859297,4.135388060725674,4.7995881847852,0.537373119415527,1.0211062665291577,739156.0,-6.62,0.8,5.7
5110,2020,Q2,2020-Q2,16.2,18.1,15.22,15.62,16.396,114919264,3.7499531255859297,4.125167556599792,4.651638296784747,0.5288480817052852,1.0211062665291577,646000.0,-23.7,0.47,9.0
5110,2020,Q3,2020-Q3,15.62,17.54,15.24,17.22,15.979666666666668,380344656,3.7499531255859297,4.378371226867208,4.839364654543005,0.541610714943805,1.0211062665291577,733093.0,-12.5,5.9,8.5
5110,2020,Q4,2020-Q4,17.3,22.82,17.28,21.3,20.472121212121213,407790196,3.7499531255859297,4.468998026354458,4.947845939136117,0.5659013670823787,1.0211062665291577,761568.0,-11.17,5.53,7.4
5110,2021,Q1,2021-Q1,21.3,24.48,21.0,23.5,21.80375,133850685,3.7499531255859297,4.522222199890261,5.168810478672052,0.5784065413923789,1.0211062665291577,823010.0,11.34,5.1,5.8
5110,2021,Q2,2021-Q2,23.4,27.15,22.8,24.14,24.641147540983606,194337373,3.7499531255859297,4.516243339161438,5.240190765977687,0.5802069107106196,1.0211062665291577,884785.0,36.96,5.83,6.3
5110,2021,Q3,2021-Q3,24.14,28.7,24.1,26.9,26.4065,179708346,3.7499531255859297,4.419953206147579,5.1704390264737725,0.5795527490643688,1.0211062665291577,961502.0,31.16,0.47,6.1
5110,2021,Q4,2021-Q4,27.0,29.55,23.24,23.98,25.902153846153844,237682970,3.7499531255859297,4.288156670600584,5.054128618783559,0.5864635292992717,1.0211062665291577,1015682.0,33.37,1.33,6.3
5110,2022,Q1,2022-Q1,23.94,31.0,23.84,26.5,26.51609375,265303448,3.7499531255859297,4.207579533772138,5.031668764127109,0.5906736567424741,1.0211062665291577,1071428.0,30.18,1.83,5.4
5110,2022,Q2,2022-Q2,26.65,27.85,21.74,24.2,25.336666666666662,140612306,3.7499531255859297,3.998040520799696,4.717839499100241,0.5676048572005977,1.0211062665291577,1218947.0,37.77,2.33,5.1
5110,2022,Q3,2022-Q3,24.2,26.8,23.16,24.54,25.06866666666667,77289008,3.7499531255859297,3.782527682346615,4.419033931936309,0.5477791425946512,1.0211062665291577,1199420.0,24.74,2.87,4.9
5110,2022,Q4,2022-Q4,24.08,27.3,22.78,23.1,25.0934375,56250358,3.7499531255859297,3.821613717931676,4.39119431894008,0.5268595277964215,1.0211062665291577,1156737.0,13.89,3.17,4.1
5110,2023,Q1,2023-Q1,23.4,23.74,21.04,23.36,22.744375,26282388,3.7499531255859297,4.021979672020964,4.554282493034478,0.5478258011343646,1.0211062665291577,1146388.0,7.0,3.23,4.3
5110,2023,Q2,2023-Q2,23.36,24.7,21.2,22.54,23.045454545454547,2482902,3.7499531255859297,4.0845914398633685,4.694668558979224,0.5354462473749896,1.0211062665291577,1126757.0,-7.56,2.83,4.1
5110,2023,Q3,2023-Q3,22.54,23.48,19.0,19.06,21.286875,56176694,3.7499531255859297,4.082737564292023,4.749845759084725,0.5179620221237343,1.0211062665291577,1143376.0,-4.67,2.13,4.2
5110,2023,Q4,2023-Q4,19.06,19.06,16.92,18.98,18.131212121212123,75276290,3.7499531255859297,4.03450554722586,4.654172237761424,0.5193274483749002,1.0211062665291577,1153172.0,-0.31,1.67,3.4
5110,2024,Q1,2024-Q1,18.98,20.6,18.18,19.74,19.525,84674946,3.7499531255859297,4.073668033658347,4.757759461275236,0.5218614050802921,1.0211062665291577,1163668.0,1.51,1.5,3.5
5110,2024,Q2,2024-Q2,19.76,20.64,16.34,16.46,18.095185185185183,93671693,3.7499531255859297,4.039403269164527,4.734533164624401,0.5180093640154264,1.0211062665291577,1186619.0,5.31,1.6,3.3
5110,2024,Q3,2024-Q3,16.42,17.94,16.1,16.66,16.848000000000003,90494539,3.7499531255859297,4.119438645886785,4.873929457287955,0.5235089667981508,1.0211062665291577,1165884.0,1.97,1.4,3.7
5110,2024,Q4,2024-Q4,16.72,17.5,16.04,16.9,16.644545454545455,85190648,3.7499531255859297,4.004769157705633,4.8105757370246485,0.5217850948684705,1.0211062665291577,1186857.0,2.92,1.47,3.5
5110,2025,Q1,2025-Q1,16.88,17.36,15.7,15.96,16.67377049180328,63898834,3.7499531255859297,3.944648689587705,4.722780647304315,0.515559883712604,1.0211062665291577,1198648.0,3.01,1.8,2.8
5110,2025,Q2,2025-Q2,15.94,15.96,13.72,14.7,14.642542372881357,127277053,3.7499531255859297,4.252356319422054,5.008368378152727,0.5187168427358837,1.0211062665291577,1175941.0,-0.9,2.07,3.2
5110,2025,Q3,2025-Q3,14.8,15.3,13.97,15.19,14.718,68633436,3.7499531255859297,4.381576233949501,5.058630628688814,0.524069904089511,1.0211062665291577,1191102.0,2.16,2.23,3.4
5110,2025,Q4,2025-Q4,15.08,16.05,13.64,14.05,14.771515151515151,86406452,3.7499531255859297,4.367102427539328,4.990875377841815,0.5291023548505458,1.0211062665291577,1210139.0,1.96,2.07,3.5
5110,2026,Q1,2026-Q1,14.11,17.12,13.0,16.93,14.334827586206895,108921639,3.7499531255859297,4.3894923357025215,5.0563104439777655,0.5417173523504213,1.0211062665291577,1273819.0,6.27,1.77,3.1
7010,2014,Q1,2014-Q1,21.5,27.2,21.5,26.4,24.6546875,254547680,3.7499531255859297,5.13535658774955,6.203281535932509,0.6146730656409367,1.0211062665291577,762832.0,7.07,1.37,5.61
7010,2014,Q2,2014-Q2,26.5,29.5,25.4,26.7,26.82,182009073,3.7499531255859297,5.143463054109231,6.307215454479925,0.602165280473368,1.0211062665291577,763677.0,5.82,2.03,5.7
7010,2014,Q3,2014-Q3,26.7,30.4,26.7,29.7,29.221666666666668,138234646,3.7499531255859297,4.971906028814358,6.261847313020899,0.6082294770482624,1.0211062665291577,759291.0,4.06,2.0,5.64
7010,2014,Q4,2014-Q4,29.7,30.6,22.0,26.3,27.57049180327869,145196962,3.7499531255859297,4.685021426334404,5.936901066706247,0.6099428642651714,1.0211062665291577,666024.0,-7.86,1.97,5.72
7010,2015,Q1,2015-Q1,26.5,29.0,24.6,25.1,26.526920634920632,170509435,3.7499531255859297,4.229134507623015,5.685558302873481,0.60178932024553,1.0211062665291577,669419.0,-12.25,1.53,5.68
7010,2015,Q2,2015-Q2,25.2,28.5,24.1,26.992,26.89243076923077,111701136,3.7499531255859297,4.143256508555142,5.742382823838839,0.6049622862521988,1.0211062665291577,684728.0,-10.34,1.23,5.74
7010,2015,Q3,2015-Q3,26.9,29.3,21.1,24.5,26.07167741935484,106025674,3.7499531255859297,4.1669025646832365,5.81146349074398,0.5950148106947445,1.0211062665291577,644479.0,-15.12,0.97,5.82
7010,2015,Q4,2015-Q4,24.7,27.7,23.1,27.372,26.111272727272727,107153291,3.7499531255859297,4.105224031446016,5.6907134360837,0.5865087683060861,1.0211062665291577,601678.0,-9.66,1.0,5.77
7010,2016,Q1,2016-Q1,27.2,27.9,22.6,25.696,25.87809230769231,97467536,3.7499531255859297,4.133366945328273,5.372446316863342,0.5732240134247804,1.0211062665291577,608587.0,-9.09,3.4,5.72
7010,2016,Q2,2016-Q2,25.5,26.3,23.8,25.7,25.18294736842105,70573783,3.7499531255859297,4.232967654545184,5.381704805803252,0.5740741792158651,1.0211062665291577,654884.0,-4.36,3.17,5.7
7010,2016,Q3,2016-Q3,25.6,26.0,20.8,22.3,23.883333333333333,57878545,3.7499531255859297,4.1871263160433845,4.93156911808535,0.5625352731017034,1.0211062665291577,648526.0,0.63,2.93,5.81
7010,2016,Q4,2016-Q4,22.3,29.2,20.4,29.0,25.73174603174603,154641533,3.7499531255859297,4.047701279645562,4.660394046447919,0.5489941472450042,1.0211062665291577,672801.0,11.82,2.17,5.87
7010,2017,Q1,2017-Q1,29.1,29.6,25.8,26.7,26.90153846153846,80800506,3.7499531255859297,3.995255412239332,4.643373441761262,0.5444649391802415,1.0211062665291577,670636.0,10.2,-0.7,5.8
7010,2017,Q2,2017-Q2,26.6,30.92,26.6,30.8,27.99016393442623,65314017,3.7499531255859297,4.120729215109764,4.7913650125049365,0.5463913254672996,1.0211062665291577,682872.0,4.27,-0.77,6.0
7010,2017,Q3,2017-Q3,30.4,31.56,27.6,28.32,29.52861538461538,29831323,3.7499531255859297,4.399604609446621,4.902300351153905,0.5619010333482156,1.0211062665291577,697938.0,7.62,-0.9,5.8
7010,2017,Q4,2017-Q4,28.28,28.36,26.04,27.44,27.545454545454547,41038505,3.7499531255859297,4.41559800395772,4.978007487572566,0.5669772716067643,1.0211062665291577,728302.0,8.25,-1.03,6.0
7010,2018,Q1,2018-Q1,27.4,34.0,26.76,33.16,29.9675,47294961,3.7499531255859297,4.606775850666755,5.213870052978713,0.5894828401545231,1.0211062665291577,774359.0,15.47,2.97,6.1
7010,2018,Q2,2018-Q2,33.12,37.36,31.4,35.88,34.14707692307692,43049420,3.7499531255859297,4.472570853386178,5.103697600869535,0.5882371953367658,1.0211062665291577,844768.0,23.71,2.47,6.0
7010,2018,Q3,2018-Q3,35.8,36.08,31.2,34.2,33.66181818181818,40736842,3.7499531255859297,4.360108983767598,4.886170808847156,0.5510443788382188,1.0211062665291577,843111.0,20.8,2.3,6.0
7010,2018,Q4,2018-Q4,34.56,37.4,29.8,36.72,33.874545454545455,66104295,3.7499531255859297,4.28065858862964,4.825528303559299,0.5422638691352247,1.0211062665291577,862380.0,18.41,2.17,6.0
7010,2019,Q1,2019-Q1,36.64,43.2,36.48,42.88,40.25375,51866041,3.7499531255859297,4.259953736902418,4.879471629125458,0.5555847066049762,1.0211062665291577,791540.0,2.22,-2.93,5.7
7010,2019,Q2,2019-Q2,43.2,46.96,37.6,41.52,43.15323076923077,229231731,3.7499531255859297,4.213555981953015,4.8196063705662935,0.5496529937967733,1.0211062665291577,846688.0,0.23,-2.5,5.6
7010,2019,Q3,2019-Q3,41.76,45.28,38.72,43.52,42.55384615384615,193512431,3.7499531255859297,4.170502849314746,4.62402411730144,0.5347938631241611,1.0211062665291577,837803.0,-0.63,-1.77,5.5
7010,2019,Q4,2019-Q4,43.44,44.0,36.44,40.72,39.60969696969697,127749710,3.7499531255859297,4.151993656475779,4.824275755602191,0.5325519484165552,1.0211062665291577,857307.0,-0.59,-0.97,5.7
7010,2020,Q1,2020-Q1,40.64,40.88,28.92,35.0,35.34953846153846,173343846,3.7499531255859297,4.135388060725674,4.7995881847852,0.537373119415527,1.0211062665291577,739156.0,-6.62,0.8,5.7
7010,2020,Q2,2020-Q2,35.28,41.2,34.52,39.6,37.806666666666665,201836878,3.7499531255859297,4.125167556599792,4.651638296784747,0.5288480817052852,1.0211062665291577,646000.0,-23.7,0.47,9.0
7010,2020,Q3,2020-Q3,39.4,42.4,37.6,40.16,39.18266666666667,134937883,3.7499531255859297,4.378371226867208,4.839364654543005,0.541610714943805,1.0211062665291577,733093.0,-12.5,5.9,8.5
7010,2020,Q4,2020-Q4,40.16,43.76,39.76,42.4,42.06727272727273,110753702,3.7499531255859297,4.468998026354458,4.947845939136117,0.5659013670823787,1.0211062665291577,761568.0,-11.17,5.53,7.4
7010,2021,Q1,2021-Q1,42.4,50.96,42.0,50.72,45.8,90233228,3.7499531255859297,4.522222199890261,5.168810478672052,0.5784065413923789,1.0211062665291577,823010.0,11.34,5.1,5.8
7010,2021,Q2,2021-Q2,50.72,55.92,47.6,52.64,50.73704918032787,97446997,3.7499531255859297,4.516243339161438,5.240190765977687,0.5802069107106196,1.0211062665291577,884785.0,36.96,5.83,6.3
7010,2021,Q3,2021-Q3,52.48,55.44,48.48,50.8,52.764,110913239,3.7499531255859297,4.419953206147579,5.1704390264737725,0.5795527490643688,1.0211062665291577,961502.0,31.16,0.47,6.1
7010,2021,Q4,2021-Q4,50.4,50.4,41.28,44.96,45.84615384615385,534332742,3.7499531255859297,4.288156670600584,5.054128618783559,0.5864635292992717,1.0211062665291577,1015682.0,33.37,1.33,6.3
7010,2022,Q1,2022-Q1,44.72,48.88,42.96,43.12,45.5,305029819,3.7499531255859297,4.207579533772138,5.031668764127109,0.5906736567424741,1.0211062665291577,1071428.0,30.18,1.83,5.4
7010,2022,Q2,2022-Q2,43.44,48.32,38.08,38.84,42.79866666666667,525756091,3.7499531255859297,3.998040520799696,4.717839499100241,0.5676048572005977,1.0211062665291577,1218947.0,37.77,2.33,5.1
7010,2022,Q3,2022-Q3,39.2,42.72,37.1,39.35,40.3505,332711137,3.7499531255859297,3.782527682346615,4.419033931936309,0.5477791425946512,1.0211062665291577,1199420.0,24.74,2.87,4.9
7010,2022,Q4,2022-Q4,39.4,41.05,35.05,36.6,38.040625,217221765,3.7499531255859297,3.821613717931676,4.39119431894008,0.5268595277964215,1.0211062665291577,1156737.0,13.89,3.17,4.1
7010,2023,Q1,2023-Q1,36.75,41.0,33.95,40.05,37.26796875,180209616,3.7499531255859297,4.021979672020964,4.554282493034478,0.5478258011343646,1.0211062665291577,1146388.0,7.0,3.23,4.3
7010,2023,Q2,2023-Q2,40.05,46.0,40.0,43.5,43.158181818181816,248420780,3.7499531255859297,4.0845914398633685,4.694668558979224,0.5354462473749896,1.0211062665291577,1126757.0,-7.56,2.83,4.1
7010,2023,Q3,2023-Q3,43.85,45.95,37.1,37.6,41.46796875,216310733,3.7499531255859297,4.082737564292023,4.749845759084725,0.5179620221237343,1.0211062665291577,1143376.0,-4.67,2.13,4.2
7010,2023,Q4,2023-Q4,37.6,40.5,35.0,40.4,37.96818181818182,255533700,3.7499531255859297,4.03450554722586,4.654172237761424,0.5193274483749002,1.0211062665291577,1153172.0,-0.31,1.67,3.4
7010,2024,Q1,2024-Q1,40.4,43.2,39.45,39.6,41.13125,206608854,3.7499531255859297,4.073668033658347,4.757759461275236,0.5218614050802921,1.0211062665291577,1163668.0,1.51,1.5,3.5
7010,2024,Q2,2024-Q2,39.6,39.9,36.1,37.5,37.720909090909096,218211642,3.7499531255859297,4.039403269164527,4.734533164624401,0.5180093640154264,1.0211062665291577,1186619.0,5.31,1.6,3.3
7010,2024,Q3,2024-Q3,38.1,46.5,36.4,43.7,40.39692307692308,279776456,3.7499531255859297,4.119438645886785,4.873929457287955,0.5235089667981508,1.0211062665291577,1165884.0,1.97,1.4,3.7
7010,2024,Q4,2024-Q4,43.55,43.9,39.35,40.0,41.206818181818186,335846276,3.7499531255859297,4.004769157705633,4.8105757370246485,0.5217850948684705,1.0211062665291577,1186857.0,2.92,1.47,3.5
7010,2025,Q1,2025-Q1,40.2,46.7,40.0,45.35,43.46639344262295,201474899,3.7499531255859297,3.944648689587705,4.722780647304315,0.515559883712604,1.0211062665291577,1198648.0,3.01,1.8,2.8
7010,2025,Q2,2025-Q2,44.7,48.3,40.7,42.54,44.33033898305085,247305278,3.7499531255859297,4.252356319422054,5.008368378152727,0.5187168427358837,1.0211062665291577,1175941.0,-0.9,2.07,3.2
7010,2025,Q3,2025-Q3,42.54,45.04,41.14,44.08,42.31692307692308,201414697,3.7499531255859297,4.381576233949501,5.058630628688814,0.524069904089511,1.0211062665291577,1191102.0,2.16,2.23,3.4
7010,2025,Q4,2025-Q4,43.66,45.38,41.94,42.98,43.55242424242424,193690676,3.7499531255859297,4.367102427539328,4.990875377841815,0.5291023548505458,1.0211062665291577,1210139.0,1.96,2.07,3.5
7010,2026,Q1,2026-Q1,42.98,45.1,40.2,42.5,43.336551724137934,168436223,3.7499531255859297,4.3894923357025215,5.0563104439777655,0.5417173523504213,1.0211062665291577,1273819.0,6.27,1.77,3.1
7020,2014,Q1,2014-Q1,85.25,94.0,85.0,92.75,90.21484375,67534418,3.7499531255859297,5.13535658774955,6.203281535932509,0.6146730656409367,1.0211062665291577,762832.0,7.07,1.37,5.61
7020,2014,Q2,2014-Q2,92.5,98.5,80.75,82.0,91.5,96972229,3.7499531255859297,5.143463054109231,6.307215454479925,0.602165280473368,1.0211062665291577,763677.0,5.82,2.03,5.7
7020,2014,Q3,2014-Q3,82.0,94.5,81.75,90.25,88.92916666666666,93812495,3.7499531255859297,4.971906028814358,6.261847313020899,0.6082294770482624,1.0211062665291577,759291.0,4.06,2.0,5.64
7020,2014,Q4,2014-Q4,90.0,90.5,37.2,44.2,61.35491803278688,482436101,3.7499531255859297,4.685021426334404,5.936901066706247,0.6099428642651714,1.0211062665291577,666024.0,-7.86,1.97,5.72
7020,2015,Q1,2015-Q1,44.6,51.5,33.5,38.2,40.20984126984127,614493742,3.7499531255859297,4.229134507623015,5.685558302873481,0.60178932024553,1.0211062665291577,669419.0,-12.25,1.53,5.68
7020,2015,Q2,2015-Q2,38.3,41.6,33.6,33.8,35.89938461538462,262726325,3.7499531255859297,4.143256508555142,5.742382823838839,0.6049622862521988,1.0211062665291577,684728.0,-10.34,1.23,5.74
7020,2015,Q3,2015-Q3,33.8,33.8,21.7,28.0,29.349032258064515,211439368,3.7499531255859297,4.1669025646832365,5.81146349074398,0.5950148106947445,1.0211062665291577,644479.0,-15.12,0.97,5.82
7020,2015,Q4,2015-Q4,28.0,32.3,27.2,28.29,29.158939393939395,153312815,3.7499531255859297,4.105224031446016,5.6907134360837,0.5865087683060861,1.0211062665291577,601678.0,-9.66,1.0,5.77
7020,2016,Q1,2016-Q1,28.2,30.9,18.85,29.41,24.825538461538464,125005238,3.7499531255859297,4.133366945328273,5.372446316863342,0.5732240134247804,1.0211062665291577,608587.0,-9.09,3.4,5.72
7020,2016,Q2,2016-Q2,29.0,32.2,25.6,27.3,28.75157894736842,65968518,3.7499531255859297,4.232967654545184,5.381704805803252,0.5740741792158651,1.0211062665291577,654884.0,-4.36,3.17,5.7
7020,2016,Q3,2016-Q3,27.5,29.8,18.05,18.7,24.166666666666668,53106102,3.7499531255859297,4.1871263160433845,4.93156911808535,0.5625352731017034,1.0211062665291577,648526.0,0.63,2.93,5.81
7020,2016,Q4,2016-Q4,18.7,25.5,16.4,24.0,21.700793650793653,76703269,3.7499531255859297,4.047701279645562,4.660394046447919,0.5489941472450042,1.0211062665291577,672801.0,11.82,2.17,5.87
7020,2017,Q1,2017-Q1,24.0,24.3,20.2,22.55,21.88615384615385,55745677,3.7499531255859297,3.995255412239332,4.643373441761262,0.5444649391802415,1.0211062665291577,670636.0,10.2,-0.7,5.8
7020,2017,Q2,2017-Q2,22.65,23.6,19.6,20.5,21.01065573770492,58015854,3.7499531255859297,4.120729215109764,4.7913650125049365,0.5463913254672996,1.0211062665291577,682872.0,4.27,-0.77,6.0
7020,2017,Q3,2017-Q3,20.4,21.48,17.0,17.4,18.47323076923077,36556545,3.7499531255859297,4.399604609446621,4.902300351153905,0.5619010333482156,1.0211062665291577,697938.0,7.62,-0.9,5.8
7020,2017,Q4,2017-Q4,17.24,17.36,12.94,14.8,14.32939393939394,132483298,3.7499531255859297,4.41559800395772,4.978007487572566,0.5669772716067643,1.0211062665291577,728302.0,8.25,-1.03,6.0
7020,2018,Q1,2018-Q1,14.74,16.6,13.98,15.14,15.2275,184222302,3.7499531255859297,4.606775850666755,5.213870052978713,0.5894828401545231,1.0211062665291577,774359.0,15.47,2.97,6.1
7020,2018,Q2,2018-Q2,15.14,21.58,14.86,19.58,17.995076923076923,234848438,3.7499531255859297,4.472570853386178,5.103697600869535,0.5882371953367658,1.0211062665291577,844768.0,23.71,2.47,6.0
7020,2018,Q3,2018-Q3,19.64,20.8,16.9,19.26,18.906969696969696,149673696,3.7499531255859297,4.360108983767598,4.886170808847156,0.5510443788382188,1.0211062665291577,843111.0,20.8,2.3,6.0
7020,2018,Q4,2018-Q4,19.3,19.34,14.82,16.58,17.085538461538462,156109255,3.7499531255859297,4.28065858862964,4.825528303559299,0.5422638691352247,1.0211062665291577,862380.0,18.41,2.17,6.0
7020,2019,Q1,2019-Q1,16.64,23.24,16.44,21.78,18.945,190548513,3.7499531255859297,4.259953736902418,4.879471629125458,0.5555847066049762,1.0211062665291577,791540.0,2.22,-2.93,5.7
7020,2019,Q2,2019-Q2,21.74,24.78,19.8,24.48,22.51415384615385,224552529,3.7499531255859297,4.213555981953015,4.8196063705662935,0.5496529937967733,1.0211062665291577,846688.0,0.23,-2.5,5.6
7020,2019,Q3,2019-Q3,24.5,26.95,22.7,24.14,24.80169230769231,149768690,3.7499531255859297,4.170502849314746,4.62402411730144,0.5347938631241611,1.0211062665291577,837803.0,-0.63,-1.77,5.5
7020,2019,Q4,2019-Q4,24.14,26.0,21.62,25.0,23.250151515151515,78078743,3.7499531255859297,4.151993656475779,4.824275755602191,0.5325519484165552,1.0211062665291577,857307.0,-0.59,-0.97,5.7
7020,2020,Q1,2020-Q1,25.05,28.25,18.5,21.66,24.006769230769237,115237852,3.7499531255859297,4.135388060725674,4.7995881847852,0.537373119415527,1.0211062665291577,739156.0,-6.62,0.8,5.7
7020,2020,Q2,2020-Q2,21.64,29.3,21.56,26.6,26.35333333333333,127952406,3.7499531255859297,4.125167556599792,4.651638296784747,0.5288480817052852,1.0211062665291577,646000.0,-23.7,0.47,9.0
7020,2020,Q3,2020-Q3,26.6,29.8,25.8,28.55,27.609166666666667,162086027,3.7499531255859297,4.378371226867208,4.839364654543005,0.541610714943805,1.0211062665291577,733093.0,-12.5,5.9,8.5
7020,2020,Q4,2020-Q4,28.6,32.3,27.65,28.65,29.48939393939394,194464165,3.7499531255859297,4.468998026354458,4.947845939136117,0.5659013670823787,1.0211062665291577,761568.0,-11.17,5.53,7.4
7020,2021,Q1,2021-Q1,28.8,30.65,27.8,29.55,29.03359375,126311249,3.7499531255859297,4.522222199890261,5.168810478672052,0.5784065413923789,1.0211062665291577,823010.0,11.34,5.1,5.8
7020,2021,Q2,2021-Q2,29.7,34.3,29.6,33.15,31.97213114754098,153925741,3.7499531255859297,4.516243339161438,5.240190765977687,0.5802069107106196,1.0211062665291577,884785.0,36.96,5.83,6.3
7020,2021,Q3,2021-Q3,33.1,33.3,30.2,31.2,31.64583333333333,82119935,3.7499531255859297,4.419953206147579,5.1704390264737725,0.5795527490643688,1.0211062665291577,961502.0,31.16,0.47,6.1
7020,2021,Q4,2021-Q4,31.2,32.8,29.2,31.15,30.77923076923077,102598672,3.7499531255859297,4.288156670600584,5.054128618783559,0.5864635292992717,1.0211062665291577,1015682.0,33.37,1.33,6.3
7020,2022,Q1,2022-Q1,31.15,43.1,30.8,41.5,34.98359375,153603363,3.7499531255859297,4.207579533772138,5.031668764127109,0.5906736567424741,1.0211062665291577,1071428.0,30.18,1.83,5.4
7020,2022,Q2,2022-Q2,41.3,44.7,34.05,35.0,39.281666666666666,84573480,3.7499531255859297,3.998040520799696,4.717839499100241,0.5676048572005977,1.0211062665291577,1218947.0,37.77,2.33,5.1
7020,2022,Q3,2022-Q3,35.1,40.0,33.0,35.6,37.26166666666666,55380224,3.7499531255859297,3.782527682346615,4.419033931936309,0.5477791425946512,1.0211062665291577,1199420.0,24.74,2.87,4.9
7020,2022,Q4,2022-Q4,35.6,38.05,31.45,34.75,35.2984375,45060412,3.7499531255859297,3.821613717931676,4.39119431894008,0.5268595277964215,1.0211062665291577,1156737.0,13.89,3.17,4.1
7020,2023,Q1,2023-Q1,34.35,41.4,33.05,41.25,36.9546875,36567300,3.7499531255859297,4.021979672020964,4.554282493034478,0.5478258011343646,1.0211062665291577,1146388.0,7.0,3.23,4.3
7020,2023,Q2,2023-Q2,41.25,48.2,40.45,47.9,44.66454545454546,5623175,3.7499531255859297,4.0845914398633685,4.694668558979224,0.5354462473749896,1.0211062665291577,1126757.0,-7.56,2.83,4.1
7020,2023,Q3,2023-Q3,48.0,50.0,40.3,44.55,45.6921875,55989685,3.7499531255859297,4.082737564292023,4.749845759084725,0.5179620221237343,1.0211062665291577,1143376.0,-4.67,2.13,4.2
7020,2023,Q4,2023-Q4,44.55,49.9,41.15,49.05,46.09848484848485,63658397,3.7499531255859297,4.03450554722586,4.654172237761424,0.5193274483749002,1.0211062665291577,1153172.0,-0.31,1.67,3.4
7020,2024,Q1,2024-Q1,49.0,57.0,49.0,52.4,53.109375,68780235,3.7499531255859297,4.073668033658347,4.757759461275236,0.5218614050802921,1.0211062665291577,1163668.0,1.51,1.5,3.5
7020,2024,Q2,2024-Q2,53.1,54.5,48.75,53.4,51.4962962962963,52079383,3.7499531255859297,4.039403269164527,4.734533164624401,0.5180093640154264,1.0211062665291577,1186619.0,5.31,1.6,3.3
7020,2024,Q3,2024-Q3,51.7,54.5,48.65,51.4,51.63384615384615,65277867,3.7499531255859297,4.119438645886785,4.873929457287955,0.5235089667981508,1.0211062665291577,1165884.0,1.97,1.4,3.7
7020,2024,Q4,2024-Q4,51.4,56.5,49.85,53.4,52.66363636363637,60760442,3.7499531255859297,4.004769157705633,4.8105757370246485,0.5217850948684705,1.0211062665291577,1186857.0,2.92,1.47,3.5
7020,2025,Q1,2025-Q1,53.5,64.5,52.5,61.0,58.00983606557377,62350188,3.7499531255859297,3.944648689587705,4.722780647304315,0.515559883712604,1.0211062665291577,1198648.0,3.01,1.8,2.8
7020,2025,Q2,2025-Q2,55.3,63.7,52.9,59.3,59.047457627118646,62746873,3.7499531255859297,4.252356319422054,5.008368378152727,0.5187168427358837,1.0211062665291577,1175941.0,-0.9,2.07,3.2
7020,2025,Q3,2025-Q3,59.6,68.45,54.9,67.55,61.82846153846154,70508317,3.7499531255859297,4.381576233949501,5.058630628688814,0.524069904089511,1.0211062665291577,1191102.0,2.16,2.23,3.4
7020,2025,Q4,2025-Q4,66.7,68.75,61.5,66.0,65.58939393939393,48602449,3.7499531255859297,4.367102427539328,4.990875377841815,0.5291023548505458,1.0211062665291577,1210139.0,1.96,2.07,3.5
7020,2026,Q1,2026-Q1,66.0,71.6,58.0,65.3,67.02931034482758,48312103,3.7499531255859297,4.3894923357025215,5.0563104439777655,0.5417173523504213,1.0211062665291577,1273819.0,6.27,1.77,3.1
8210,2014,Q1,2014-Q1,11.28,16.1333,11.28,14.9333,13.537078125,162925518,3.7499531255859297,5.13535658774955,6.203281535932509,0.6146730656409367,1.0211062665291577,762832.0,7.07,1.37,5.61
8210,2014,Q2,2014-Q2,15.0,25.8667,14.6667,22.0667,21.001033846153845,136114007,3.7499531255859297,5.143463054109231,6.307215454479925,0.602165280473368,1.0211062665291577,763677.0,5.82,2.03,5.7
8210,2014,Q3,2014-Q3,22.4,42.6,21.8667,38.0667,31.972225,97129152,3.7499531255859297,4.971906028814358,6.261847313020899,0.6082294770482624,1.0211062665291577,759291.0,4.06,2.0,5.64
8210,2014,Q4,2014-Q4,38.3333,51.7333,32.5333,45.6,43.03169180327869,66644546,3.7499531255859297,4.685021426334404,5.936901066706247,0.6099428642651714,1.0211062665291577,666024.0,-7.86,1.97,5.72
8210,2015,Q1,2015-Q1,45.4667,51.7333,40.5333,48.5333,45.46451111111112,29117948,3.7499531255859297,4.229134507623015,5.685558302873481,0.60178932024553,1.0211062665291577,669419.0,-12.25,1.53,5.68
8210,2015,Q2,2015-Q2,48.5333,66.6667,45.8667,63.296,58.75995692307692,28502594,3.7499531255859297,4.143256508555142,5.742382823838839,0.6049622862521988,1.0211062665291577,684728.0,-10.34,1.23,5.74
8210,2015,Q3,2015-Q3,63.2,74.6667,54.6667,66.6667,66.75772741935485,15997097,3.7499531255859297,4.1669025646832365,5.81146349074398,0.5950148106947445,1.0211062665291577,644479.0,-15.12,0.97,5.82
8210,2015,Q4,2015-Q4,66.4667,71.7333,50.2667,61.2907,60.7589893939394,28060638,3.7499531255859297,4.105224031446016,5.6907134360837,0.5865087683060861,1.0211062665291577,601678.0,-9.66,1.0,5.77
8210,2016,Q1,2016-Q1,61.8667,67.0667,50.6667,60.7787,58.58675230769231,27985253,3.7499531255859297,4.133366945328273,5.372446316863342,0.5732240134247804,1.0211062665291577,608587.0,-9.09,3.4,5.72
8210,2016,Q2,2016-Q2,59.6,78.0,59.6,74.6667,70.33010701754387,11615219,3.7499531255859297,4.232967654545184,5.381704805803252,0.5740741792158651,1.0211062665291577,654884.0,-4.36,3.17,5.7
8210,2016,Q3,2016-Q3,75.4667,78.0,53.8667,57.7333,68.16,14267253,3.7499531255859297,4.1871263160433845,4.93156911808535,0.5625352731017034,1.0211062665291577,648526.0,0.63,2.93,5.81
8210,2016,Q4,2016-Q4,57.7333,78.5333,51.7333,70.1333,66.63914920634922,27036729,3.7499531255859297,4.047701279645562,4.660394046447919,0.5489941472450042,1.0211062665291577,672801.0,11.82,2.17,5.87
8210,2017,Q1,2017-Q1,70.1333,73.8667,61.0667,62.4,67.54667076923077,11876421,3.7499531255859297,3.995255412239332,4.643373441761262,0.5444649391802415,1.0211062665291577,670636.0,10.2,-0.7,5.8
8210,2017,Q2,2017-Q2,62.1333,72.64,59.2,69.3333,62.9289524590164,24360977,3.7499531255859297,4.120729215109764,4.7913650125049365,0.5463913254672996,1.0211062665291577,682872.0,4.27,-0.77,6.0
8210,2017,Q3,2017-Q3,70.4,70.6133,61.3333,63.1467,64.43322923076923,4980841,3.7499531255859297,4.399604609446621,4.902300351153905,0.5619010333482156,1.0211062665291577,697938.0,7.62,-0.9,5.8
8210,2017,Q4,2017-Q4,62.9333,62.9333,48.9067,49.6,55.288081818181816,9130143,3.7499531255859297,4.41559800395772,4.978007487572566,0.5669772716067643,1.0211062665291577,728302.0,8.25,-1.03,6.0
8210,2018,Q1,2018-Q1,49.6,53.76,40.2667,50.56,47.3508375,30105420,3.7499531255859297,4.606775850666755,5.213870052978713,0.5894828401545231,1.0211062665291577,774359.0,15.47,2.97,6.1
8210,2018,Q2,2018-Q2,50.4,59.7333,46.8267,47.9467,52.57600307692308,17958298,3.7499531255859297,4.472570853386178,5.103697600869535,0.5882371953367658,1.0211062665291577,844768.0,23.71,2.47,6.0
8210,2018,Q3,2018-Q3,48.5333,58.0267,43.3067,57.6,50.03151363636364,19271858,3.7499531255859297,4.360108983767598,4.886170808847156,0.5510443788382188,1.0211062665291577,843111.0,20.8,2.3,6.0
8210,2018,Q4,2018-Q4,58.1333,65.44,52.0,64.8,57.50464696969697,20754866,3.7499531255859297,4.28065858862964,4.825528303559299,0.5422638691352247,1.0211062665291577,862380.0,18.41,2.17,6.0
8210,2019,Q1,2019-Q1,64.4,72.64,64.0,66.48,68.05,11301455,3.7499531255859297,4.259953736902418,4.879471629125458,0.5555847066049762,1.0211062665291577,791540.0,2.22,-2.93,5.7
8210,2019,Q2,2019-Q2,67.2,80.8,67.12,77.92,71.88307692307691,17419850,3.7499531255859297,4.213555981953015,4.8196063705662935,0.5496529937967733,1.0211062665291577,846688.0,0.23,-2.5,5.6
8210,2019,Q3,2019-Q3,77.44,87.84,76.8,85.12,82.58584615384615,11960720,3.7499531255859297,4.170502849314746,4.62402411730144,0.5347938631241611,1.0211062665291577,837803.0,-0.63,-1.77,5.5
8210,2019,Q4,2019-Q4,85.6,89.92,79.2,81.92,83.5030303030303,8421241,3.7499531255859297,4.151993656475779,4.824275755602191,0.5325519484165552,1.0211062665291577,857307.0,-0.59,-0.97,5.7
8210,2020,Q1,2020-Q1,81.92,84.16,63.2,73.12,77.10030769230768,12784777,3.7499531255859297,4.135388060725674,4.7995881847852,0.537373119415527,1.0211062665291577,739156.0,-6.62,0.8,5.7
8210,2020,Q2,2020-Q2,72.8,93.12,72.08,87.36,85.408,14689214,3.7499531255859297,4.125167556599792,4.651638296784747,0.5288480817052852,1.0211062665291577,646000.0,-23.7,0.47,9.0
8210,2020,Q3,2020-Q3,88.8,102.4,88.16,98.24,96.38933333333333,19109115,3.7499531255859297,4.378371226867208,4.839364654543005,0.541610714943805,1.0211062665291577,733093.0,-12.5,5.9,8.5
8210,2020,Q4,2020-Q4,97.6,108.0,89.6,97.76,96.96969696969695,10555015,3.7499531255859297,4.468998026354458,4.947845939136117,0.5659013670823787,1.0211062665291577,761568.0,-11.17,5.53,7.4
8210,2021,Q1,2021-Q1,97.92,100.32,88.48,95.68,94.065,7792528,3.7499531255859297,4.522222199890261,5.168810478672052,0.5784065413923789,1.0211062665291577,823010.0,11.34,5.1,5.8
8210,2021,Q2,2021-Q2,96.0,105.6,84.96,99.36,95.11868852459015,11123170,3.7499531255859297,4.516243339161438,5.240190765977687,0.5802069107106196,1.0211062665291577,884785.0,36.96,5.83,6.3
8210,2021,Q3,2021-Q3,99.68,142.56,99.36,119.36,119.68533333333332,9803841,3.7499531255859297,4.419953206147579,5.1704390264737725,0.5795527490643688,1.0211062665291577,961502.0,31.16,0.47,6.1
8210,2021,Q4,2021-Q4,118.24,124.0,101.28,105.12,111.59630769230768,6547676,3.7499531255859297,4.288156670600584,5.054128618783559,0.5864635292992717,1.0211062665291577,1015682.0,33.37,1.33,6.3
8210,2022,Q1,2022-Q1,103.52,147.52,102.88,143.2,125.42,11876555,3.7499531255859297,4.207579533772138,5.031668764127109,0.5906736567424741,1.0211062665291577,1071428.0,30.18,1.83,5.4
8210,2022,Q2,2022-Q2,144.0,144.0,117.6,127.52,131.3733333333333,7502371,3.7499531255859297,3.998040520799696,4.717839499100241,0.5676048572005977,1.0211062665291577,1218947.0,37.77,2.33,5.1
8210,2022,Q3,2022-Q3,124.32,143.52,118.88,134.72,130.66133333333337,11472246,3.7499531255859297,3.782527682346615,4.419033931936309,0.5477791425946512,1.0211062665291577,1199420.0,24.74,2.87,4.9
8210,2022,Q4,2022-Q4,137.28,158.56,129.28,143.8,141.8125,6680529,3.7499531255859297,3.821613717931676,4.39119431894008,0.5268595277964215,1.0211062665291577,1156737.0,13.89,3.17,4.1
8210,2023,Q1,2023-Q1,144.6,175.4,141.0,173.8,153.828125,2938033,3.7499531255859297,4.021979672020964,4.554282493034478,0.5478258011343646,1.0211062665291577,1146388.0,7.0,3.23,4.3
8210,2023,Q2,2023-Q2,173.8,192.0,168.0,185.6,179.3709090909091,224279,3.7499531255859297,4.0845914398633685,4.694668558979224,0.5354462473749896,1.0211062665291577,1126757.0,-7.56,2.83,4.1
8210,2023,Q3,2023-Q3,185.0,216.8,167.0,208.0,192.409375,12963664,3.7499531255859297,4.082737564292023,4.749845759084725,0.5179620221237343,1.0211062665291577,1143376.0,-4.67,2.13,4.2
8210,2023,Q4,2023-Q4,208.0,237.0,191.4,213.4,208.9151515151515,10557914,3.7499531255859297,4.03450554722586,4.654172237761424,0.5193274483749002,1.0211062665291577,1153172.0,-0.31,1.67,3.4
8210,2024,Q1,2024-Q1,214.0,269.0,203.0,257.0,228.4375,8665368,3.7499531255859297,4.073668033658347,4.757759461275236,0.5218614050802921,1.0211062665291577,1163668.0,1.51,1.5,3.5
8210,2024,Q2,2024-Q2,260.0,284.6,221.0,257.0,243.66666666666663,7147654,3.7499531255859297,4.039403269164527,4.734533164624401,0.5180093640154264,1.0211062665291577,1186619.0,5.31,1.6,3.3
8210,2024,Q3,2024-Q3,246.8,250.6,205.0,207.2,230.4276923076923,9055521,3.7499531255859297,4.119438645886785,4.873929457287955,0.5235089667981508,1.0211062665291577,1165884.0,1.97,1.4,3.7
8210,2024,Q4,2024-Q4,209.4,214.4,178.6,207.0,199.2909090909091,12843718,3.7499531255859297,4.004769157705633,4.8105757370246485,0.5217850948684705,1.0211062665291577,1186857.0,2.92,1.47,3.5
8210,2025,Q1,2025-Q1,207.0,215.0,161.4,176.6,186.8327868852459,9651616,3.7499531255859297,3.944648689587705,4.722780647304315,0.515559883712604,1.0211062665291577,1198648.0,3.01,1.8,2.8
8210,2025,Q2,2025-Q2,175.0,186.2,150.4,178.1,170.9915254237288,8019850,3.7499531255859297,4.252356319422054,5.008368378152727,0.5187168427358837,1.0211062665291577,1175941.0,-0.9,2.07,3.2
8210,2025,Q3,2025-Q3,175.0,180.4,142.4,164.9,158.6169230769231,7785482,3.7499531255859297,4.381576233949501,5.058630628688814,0.524069904089511,1.0211062665291577,1191102.0,2.16,2.23,3.4
8210,2025,Q4,2025-Q4,163.0,166.6,135.4,138.9,152.22121212121212,12682678,3.7499531255859297,4.367102427539328,4.990875377841815,0.5291023548505458,1.0211062665291577,1210139.0,1.96,2.07,3.5
8210,2026,Q1,2026-Q1,139.2,181.0,131.4,176.0,160.47413793103448,13092117,3.7499531255859297,4.3894923357025215,5.0563104439777655,0.5417173523504213,1.0211062665291577,1273819.0,6.27,1.77,3.1
