Date,Close,Open,High,Low,Volume,Change%
2014-01-01,8605.34,8535.6,8605.56,8535.22,184630000.0,0.82
2014-01-02,8618.12,8605.34,8621.49,8572.34,176630000.0,0.15
2014-01-05,8637.74,8618.12,8638.25,8602.35,184300000.0,0.23
2014-01-06,8611.81,8637.74,8637.74,8594.78,204100000.0,-0.3
2014-01-07,8608.8,8611.81,8620.37,8588.05,205950000.0,-0.03
2014-01-08,8652.5,8608.79,8659.26,8604.03,234830000.0,0.51
2014-01-09,8677.87,8652.5,8678.53,8629.42,232410000.0,0.29
2014-01-12,8714.73,8677.87,8714.73,8649.91,231850000.0,0.42
2014-01-13,8711.87,8714.73,8726.57,8637.84,224920000.0,-0.03
2014-01-14,8696.39,8711.87,8713.48,8662.04,181220000.0,-0.18
2014-01-15,8745.28,8696.39,8757.43,8689.85,230350000.0,0.56
2014-01-16,8761.06,8745.28,8779.88,8738.82,198240000.0,0.18
2014-01-19,8739.73,8761.06,8761.3,8659.83,211630000.0,-0.24
2014-01-20,8727.78,8739.73,8749.61,8720.67,184190000.0,-0.14
2014-01-21,8734.49,8727.78,8743.73,8656.26,223180000.0,0.08
2014-01-22,8761.16,8734.49,8789.35,8705.92,231370000.0,0.31
2014-01-23,8771.99,8761.16,8803.73,8757.94,179210000.0,0.12
2014-01-26,8735.59,8771.99,8771.99,8609.68,204320000.0,-0.41
2014-01-27,8655.01,8735.59,8746.27,8649.25,210110000.0,-0.92
2014-01-28,8656.11,8655.01,8700.42,8636.55,180240000.0,0.01
2014-01-29,8704.21,8656.11,8742.63,8656.11,216870000.0,0.56
2014-01-30,8760.62,8704.21,8760.62,8680.56,232090000.0,0.65
2014-02-02,8835.12,8760.62,8843.41,8760.62,258050000.0,0.85
2014-02-03,8806.92,8835.12,8848.96,8800.1,253260000.0,-0.32
2014-02-04,8768.9,8806.92,8806.92,8692.48,260630000.0,-0.43
2014-02-05,8792.8,8768.9,8799.8,8759.53,228550000.0,0.27
2014-02-06,8819.31,8792.8,8825.07,8788.04,196210000.0,0.3
2014-02-09,8865.8,8819.31,8901.5,8819.31,241060000.0,0.53
2014-02-10,8873.95,8865.8,8876.62,8841.87,190800000.0,0.09
2014-02-11,8859.2,8873.95,8879.84,8844.59,226840000.0,-0.17
2014-02-12,8912.58,8859.2,8917.19,8858.05,204640000.0,0.6
2014-02-13,8929.6,8912.58,8935.97,8912.58,200680000.0,0.19
2014-02-16,8970.44,8929.6,8990.11,8929.6,211240000.0,0.46
2014-02-17,8939.88,8970.44,8983.88,8919.02,216440000.0,-0.34
2014-02-18,8956.86,8939.88,8979.02,8936.67,204980000.0,0.19
2014-02-19,8967.62,8956.86,8977.02,8939.44,266240000.0,0.12
2014-02-20,8988.87,8967.62,8993.26,8952.05,287190000.0,0.24
2014-02-23,9023.42,8988.87,9036.14,8988.87,263870000.0,0.38
2014-02-24,9057.08,9023.42,9059.45,9019.25,309680000.0,0.37
2014-02-25,9061.93,9057.08,9086.22,9020.74,304920000.0,0.05
2014-02-26,9058.54,9061.93,9069.53,9042.57,317950000.0,-0.04
2014-02-27,9106.55,9058.54,9111.72,9054.71,248910000.0,0.53
2014-03-02,9088.68,9106.55,9137.58,9045.74,313330000.0,-0.2
2014-03-03,9019.98,9088.68,9088.68,8971.56,341700000.0,-0.76
2014-03-04,9148.73,9019.98,9148.89,9019.98,369760000.0,1.43
2014-03-05,9161.33,9148.73,9207.24,9098.22,424690000.0,0.14
2014-03-06,9248.82,9161.33,9251.88,9161.33,303960000.0,0.95
2014-03-09,9350.6,9248.82,9355.13,9248.71,454200000.0,1.1
2014-03-10,9343.78,9350.6,9362.48,9297.45,442780000.0,-0.07
2014-03-11,9354.55,9343.78,9376.21,9313.4,304700000.0,0.12
2014-03-12,9351.11,9354.55,9354.55,9293.49,296400000.0,-0.04
2014-03-13,9386.08,9351.11,9406.83,9342.09,250030000.0,0.37
2014-03-16,9378.87,9386.08,9395.08,9341.09,282560000.0,-0.08
2014-03-17,9368.03,9378.87,9390.64,9356.16,258209999.99999997,-0.12
2014-03-18,9331.69,9368.03,9401.95,9315.07,333520000.0,-0.39
2014-03-19,9318.63,9331.69,9346.38,9284.95,256399999.99999997,-0.14
2014-03-20,9305.64,9318.63,9319.77,9259.37,270300000.0,-0.14
2014-03-23,9425.21,9305.64,9428.12,9301.05,300050000.0,1.28
2014-03-24,9429.21,9425.21,9461.2,9405.06,280700000.0,0.04
2014-03-25,9433.63,9429.21,9437.91,9402.26,240550000.0,0.05
2014-03-26,9449.92,9433.63,9450.08,9421.88,257230000.00000003,0.17
2014-03-27,9423.08,9449.92,9453.47,9396.63,272960000.0,-0.28
2014-03-30,9462.98,9423.08,9462.98,9423.08,250580000.0,0.42
2014-03-31,9473.71,9462.98,9474.34,9419.87,249820000.0,0.11
2014-04-01,9516.17,9473.71,9516.23,9465.51,244380000.0,0.45
2014-04-02,9537.83,9516.17,9547.09,9505.08,269350000.0,0.23
2014-04-03,9558.46,9537.83,9572.86,9537.83,270750000.0,0.22
2014-04-06,9531.4,9558.46,9576.7,9524.28,282850000.0,-0.28
2014-04-07,9507.58,9531.4,9532.2,9444.76,300700000.0,-0.25
2014-04-08,9565.28,9507.58,9566.67,9497.73,360430000.0,0.61
2014-04-09,9543.11,9565.28,9613.12,9490.15,485610000.0,-0.23
2014-04-10,9508.57,9543.11,9566.78,9476.32,54570000.0,-0.36
2014-04-13,9424.95,9508.57,9508.57,9398.87,261380000.0,-0.88
2014-04-14,9445.69,9424.95,9448.65,9385.41,308630000.0,0.22
2014-04-15,9505.03,9445.69,9505.37,9445.69,321240000.0,0.63
2014-04-16,9504.33,9505.03,9524.6,9487.22,318130000.0,-0.01
2014-04-17,9530.58,9504.33,9535.13,9489.6,342060000.0,0.28
2014-04-20,9636.17,9530.58,9639.82,9527.12,358010000.0,1.11
2014-04-21,9617.76,9636.17,9663.68,9600.67,358940000.0,-0.19
2014-04-22,9606.58,9617.76,9623.43,9563.53,332570000.0,-0.12
2014-04-23,9546.27,9606.58,9620.55,9528.3,453710000.0,-0.63
2014-04-24,9556.64,9546.27,9565.7,9508.39,363700000.0,0.11
2014-04-27,9574.86,9556.64,9580.86,9546.32,314020000.0,0.19
2014-04-28,9575.54,9574.87,9594.68,9555.22,336500000.0,0.01
2014-04-29,9562.93,9575.54,9611.32,9556.03,315220000.0,-0.13
2014-04-30,9585.22,9562.93,9597.38,9555.21,289540000.0,0.23
2014-05-01,9660.13,9585.22,9671.81,9568.9,310320000.0,0.78
2014-05-04,9755.35,9660.13,9770.88,9660.13,393850000.0,0.99
2014-05-05,9740.83,9755.35,9767.53,9717.76,279610000.0,-0.15
2014-05-06,9744.12,9740.83,9798.62,9727.59,304900000.0,0.03
2014-05-07,9745.09,9744.12,9751.25,9710.11,306610000.0,0.01
2014-05-08,9787.03,9745.09,9808.3,9745.09,313860000.0,0.43
2014-05-11,9765.48,9787.03,9814.7,9738.42,323500000.0,-0.22
2014-05-12,9775.85,9765.48,9781.94,9741.62,302780000.0,0.11
2014-05-13,9816.19,9775.85,9830.76,9775.85,360820000.0,0.41
2014-05-14,9819.89,9816.19,9825.86,9793.78,374460000.0,0.04
2014-05-15,9807.37,9819.89,9826.6,9794.03,422340000.0,-0.13
2014-05-18,9809.81,9807.37,9821.76,9797.09,433580000.0,0.02
2014-05-19,9724.75,9809.81,9819.02,9680.17,561550000.0,-0.87
2014-05-20,9731.47,9724.75,9765.79,9699.27,362720000.0,0.07
2014-05-21,9765.82,9731.46,9765.82,9719.85,379210000.0,0.35
2014-05-22,9750.9,9765.82,9793.73,9749.35,422860000.0,-0.15
2014-05-25,9772.48,9750.9,9780.72,9690.02,373690000.0,0.22
2014-05-26,9821.53,9772.48,9827.08,9772.48,349520000.0,0.5
2014-05-27,9830.19,9821.53,9868.65,9818.5,344030000.0,0.09
2014-05-28,9798.45,9830.19,9839.53,9778.06,329820000.0,-0.32
2014-05-29,9823.4,9798.45,9870.76,9760.76,402060000.0,0.25
2014-06-01,9864.68,9823.4,9881.23,9821.37,253060000.0,0.42
2014-06-02,9864.61,9864.68,9871.96,9821.92,272160000.0,0.0
2014-06-03,9838.86,9864.61,9867.06,9826.82,261480000.00000003,-0.26
2014-06-04,9856.52,9838.86,9862.24,9813.92,222600000.0,0.18
2014-06-05,9860.41,9856.52,9881.55,9851.03,233390000.0,0.04
2014-06-08,9853.51,9860.41,9889.97,9716.44,328190000.0,-0.07
2014-06-09,9892.12,9853.51,9895.2,9814.51,226400000.0,0.39
2014-06-10,9905.68,9892.12,9933.92,9873.17,285690000.0,0.14
2014-06-11,9871.68,9905.68,9907.09,9852.33,207170000.0,-0.34
2014-06-12,9826.67,9871.68,9875.61,9799.97,211630000.0,-0.46
2014-06-15,9716.99,9826.67,9826.67,9672.05,226670000.0,-1.12
2014-06-16,9523.18,9716.99,9719.64,9515.43,265670000.00000003,-1.99
2014-06-17,9574.51,9523.18,9577.61,9430.13,285130000.0,0.54
2014-06-18,9639.05,9574.51,9643.57,9565.3,196460000.0,0.67
2014-06-19,9648.26,9639.05,9668.74,9616.33,166630000.0,0.1
2014-06-22,9657.41,9648.26,9704.08,9608.69,188110000.0,0.09
2014-06-23,9553.56,9657.41,9657.41,9488.18,220850000.0,-1.08
2014-06-24,9522.1,9553.55,9556.02,9412.93,222610000.0,-0.33
2014-06-25,9581.03,9522.1,9581.31,9522.1,203650000.0,0.62
2014-06-26,9569.49,9581.03,9591.54,9553.86,206130000.0,-0.12
2014-06-29,9513.71,9569.49,9569.49,9484.49,118400000.0,-0.58
2014-06-30,9513.02,9513.71,9533.72,9470.27,140010000.0,-0.01
2014-07-01,9584.31,9513.02,9585.04,9508.04,139120000.0,0.75
2014-07-02,9678.51,9584.31,9685.99,9583.99,169500000.0,0.98
2014-07-03,9687.94,9678.51,9692.61,9646.86,191820000.0,0.1
2014-07-06,9752.16,9687.94,9757.94,9684.27,162730000.0,0.66
2014-07-07,9789.52,9752.16,9794.65,9748.04,142700000.0,0.38
2014-07-08,9779.6,9789.52,9797.74,9753.66,140660000.0,-0.1
2014-07-09,9787.41,9779.6,9788.96,9760.32,126670000.0,0.08
2014-07-10,9803.29,9787.41,9817.79,9787.41,118350000.0,0.16
2014-07-13,9812.5,9803.29,9833.31,9774.55,138690000.0,0.09
2014-07-14,9808.04,9812.5,9816.71,9780.85,171290000.0,-0.05
2014-07-15,9798.33,9808.04,9827.88,9789.89,128259999.99999999,-0.1
2014-07-16,9810.81,9798.33,9818.18,9784.61,170710000.0,0.13
2014-07-17,9786.58,9810.81,9816.46,9766.66,188320000.0,-0.25
2014-07-20,9736.79,9786.58,9788.17,9705.81,156170000.0,-0.51
2014-07-21,9750.02,9736.79,9763.59,9712.9,138470000.0,0.14
2014-07-22,10025.14,9750.02,10068.63,9750.02,331090000.0,2.82
2014-07-23,10162.73,10025.14,10187.19,10024.01,234070000.0,1.37
2014-07-24,10214.73,10162.73,10227.93,10160.6,267240000.0,0.51
2014-08-03,10302.88,10214.73,10313.46,10177.05,184830000.0,0.86
2014-08-04,10405.81,10302.88,10409.47,10290.95,223100000.0,1.0
2014-08-05,10450.52,10405.81,10501.38,10405.81,287650000.0,0.43
2014-08-06,10478.34,10450.52,10494.12,10398.25,192870000.0,0.27
2014-08-07,10552.48,10478.34,10585.38,10478.34,202330000.0,0.71
2014-08-10,10579.12,10552.48,10614.11,10551.77,199770000.0,0.25
2014-08-11,10596.55,10579.12,10603.3,10547.21,197230000.0,0.16
2014-08-12,10588.89,10596.55,10608.04,10553.5,205980000.0,-0.07
2014-08-13,10593.1,10588.89,10641.64,10572.7,209190000.0,0.04
2014-08-14,10588.26,10593.1,10626.01,10575.33,235620000.0,-0.05
2014-08-17,10639.04,10588.26,10652.69,10583.15,232740000.0,0.48
2014-08-18,10650.09,10639.04,10682.5,10628.69,259970000.00000003,0.1
2014-08-19,10659.56,10650.09,10668.56,10638.84,235530000.0,0.09
2014-08-20,10716.24,10659.56,10741.71,10653.97,267790000.00000003,0.53
2014-08-21,10734.76,10716.24,10745.73,10712.42,214720000.0,0.17
2014-08-24,10903.04,10734.76,10905.36,10734.76,282220000.0,1.57
2014-08-25,10842.78,10903.04,11051.03,10797.83,489790000.0,-0.55
2014-08-26,10939.84,10842.78,10943.75,10817.93,342020000.0,0.9
2014-08-27,11029.95,10939.84,11031.47,10939.84,473800000.0,0.82
2014-08-28,11042.03,11029.95,11070.7,11001.19,309440000.0,0.11
2014-08-31,11112.12,11042.03,11114.91,11041.54,315620000.0,0.63
2014-09-01,11116.75,11112.12,11138.41,11060.87,334000000.0,0.04
2014-09-02,11048.19,11116.75,11116.75,11026.15,294210000.0,-0.62
2014-09-03,11061.14,11048.19,11099.33,11026.91,331470000.0,0.12
2014-09-04,11068.83,11061.14,11073.05,11009.71,324040000.0,0.07
2014-09-07,11135.96,11068.83,11141.02,11068.72,285400000.0,0.61
2014-09-08,11143.82,11135.96,11150.36,11104.75,276440000.0,0.07
2014-09-09,11149.36,11143.82,11159.5,11129.67,294060000.0,0.05
2014-09-10,11126.01,11149.36,11154.29,11082.93,368870000.0,-0.21
2014-09-11,11063.14,11126.01,11148.66,11050.93,353690000.0,-0.57
2014-09-14,11026.96,11063.14,11125.63,11015.0,299240000.0,-0.33
2014-09-15,10932.72,11026.96,11047.02,10910.91,278440000.0,-0.85
2014-09-16,10993.35,10932.72,11016.83,10931.59,277300000.0,0.55
2014-09-17,11080.92,10993.35,11097.72,10993.35,259000000.0,0.8
2014-09-18,11062.37,11080.92,11105.24,11053.4,227000000.0,-0.17
2014-09-21,11010.68,11062.37,11081.76,10977.95,266630000.0,-0.47
2014-09-22,10874.82,11010.68,11010.68,10822.8,264260000.0,-1.23
2014-09-24,10720.51,10874.82,10875.61,10614.08,316920000.0,-1.42
2014-09-25,10765.02,10720.51,10811.49,10718.66,207990000.0,0.42
2014-09-28,10674.17,10765.02,10782.75,10633.46,181280000.0,-0.84
2014-09-29,10757.41,10674.17,10757.84,10633.38,168040000.0,0.78
2014-09-30,10854.79,10757.41,10861.44,10757.41,177250000.0,0.91
2014-10-01,10849.61,10854.79,10868.92,10813.72,153820000.0,-0.05
2014-10-02,10851.48,10849.61,10860.81,10732.59,182740000.0,0.02
2014-10-12,10145.38,10851.48,10851.48,10123.54,254050000.0,-6.51
2014-10-13,10377.94,10145.38,10383.35,10112.02,226480000.0,2.29
2014-10-14,10177.11,10377.94,10377.94,10071.76,209010000.0,-1.94
2014-10-15,9903.0,10177.11,10177.11,9893.41,221370000.0,-2.69
2014-10-16,9547.54,9903.0,9903.0,9340.62,311180000.0,-3.59
2014-10-19,9775.32,9547.54,9942.61,9547.54,252400000.0,2.39
2014-10-20,9882.36,9775.32,9887.18,9758.33,241070000.0,1.1
2014-10-21,10136.46,9882.36,10147.21,9882.36,283700000.0,2.57
2014-10-22,10206.19,10136.46,10267.5,10104.22,279110000.0,0.69
2014-10-23,10165.33,10206.19,10206.19,10041.15,215300000.0,-0.4
2014-10-26,10313.96,10165.33,10313.96,10130.29,229550000.0,1.46
2014-10-27,10194.42,10313.96,10358.89,10194.28,210250000.0,-1.16
2014-10-28,10163.66,10194.42,10216.24,10119.59,202670000.0,-0.3
2014-10-29,10081.96,10163.66,10216.57,10076.05,213220000.0,-0.8
2014-10-30,10034.92,10081.96,10081.96,9925.37,186500000.0,-0.47
2014-11-02,10099.27,10034.92,10172.15,10034.92,156660000.0,0.64
2014-11-03,10141.67,10099.27,10142.82,10075.68,158880000.0,0.42
2014-11-04,9784.57,10141.67,10141.67,9750.71,239960000.0,-3.52
2014-11-05,9628.84,9784.57,9784.57,9436.38,227180000.0,-1.59
2014-11-06,9649.28,9628.84,9665.96,9583.12,183110000.0,0.21
2014-11-09,9688.65,9649.28,9689.89,9593.91,203180000.0,0.41
2014-11-10,9793.2,9688.65,9796.97,9686.29,183150000.0,1.08
2014-11-11,9768.05,9793.2,9814.88,9719.78,253670000.0,-0.26
2014-11-12,9766.01,9768.05,9832.74,9751.39,204250000.0,-0.02
2014-11-13,9681.66,9766.01,9766.71,9657.68,181670000.0,-0.86
2014-11-16,9553.81,9681.66,9683.45,9525.46,162530000.0,-1.32
2014-11-17,9289.55,9553.81,9553.81,9224.18,195950000.0,-2.77
2014-11-18,9374.68,9289.55,9390.78,9285.29,178190000.0,0.92
2014-11-19,9383.79,9374.68,9417.35,9320.25,181810000.0,0.1
2014-11-20,9408.83,9383.79,9427.56,9375.2,162740000.0,0.27
2014-11-23,9515.63,9408.83,9556.0,9408.83,204510000.0,1.14
2014-11-24,9404.76,9515.63,9535.12,9399.1,212140000.0,-1.17
2014-11-25,9234.03,9404.76,9404.76,9213.06,188770000.0,-1.82
2014-11-26,9081.27,9234.03,9234.03,8922.32,227900000.0,-1.65
2014-11-27,9055.63,9081.27,9104.41,8956.17,201170000.0,-0.28
2014-11-30,8624.89,9055.63,9055.63,8482.5,220970000.0,-4.76
2014-12-01,8720.42,8624.89,8774.74,8529.5,298930000.0,1.11
2014-12-02,8742.57,8720.42,8867.65,8720.42,222180000.0,0.25
2014-12-03,8801.68,8742.57,8802.92,8715.0,227880000.0,0.68
2014-12-04,8957.63,8801.68,8959.7,8801.68,244160000.0,1.77
2014-12-07,8941.45,8957.63,8961.85,8883.41,247730000.0,-0.18
2014-12-08,8785.73,8941.45,8941.45,8784.48,195930000.0,-1.74
2014-12-09,8625.31,8785.73,8785.73,8496.14,246260000.0,-1.83
2014-12-10,8410.98,8625.31,8643.68,8395.02,187680000.0,-2.48
2014-12-11,8393.92,8410.98,8413.02,8158.05,260649999.99999997,-0.2
2014-12-14,8119.08,8393.92,8393.92,8044.65,230520000.0,-3.27
2014-12-15,7904.91,8119.08,8266.35,7847.95,239960000.0,-2.64
2014-12-16,7330.3,7904.91,7904.91,7275.05,285850000.0,-7.27
2014-12-17,7638.9,7330.3,7681.5,7225.83,360010000.0,4.21
2014-12-18,8320.55,7638.9,8332.61,7638.9,355840000.0,8.92
2014-12-21,8525.39,8320.55,8739.57,8282.23,437690000.0,2.46
2014-12-22,8546.88,8525.39,8588.37,8399.73,353760000.0,0.25
2014-12-23,8546.7,8546.88,8573.49,8492.6,255410000.0,0.0
2014-12-24,8699.78,8546.7,8814.38,8546.7,390400000.0,1.79
2014-12-25,8749.34,8699.78,8811.31,8649.66,373920000.0,0.57
2014-12-28,8856.38,8749.34,8863.2,8742.84,337160000.0,1.22
2014-12-29,8855.35,8856.38,8948.52,8838.35,425880000.0,-0.01
2014-12-30,8486.58,8855.35,8855.35,8462.82,360370000.0,-4.16
2014-12-31,8333.3,8486.58,8607.84,8042.23,432290000.0,-1.81
2015-01-01,8409.54,8333.3,8452.37,8297.71,287860000.0,0.91
2015-01-04,8356.93,8409.54,8418.56,8346.56,346990000.0,-0.63
2015-01-05,8106.8,8356.93,8356.93,8102.65,243970000.0,-2.99
2015-01-06,8057.43,8106.8,8106.8,7770.17,310950000.0,-0.61
2015-01-07,8133.39,8057.43,8208.7,7986.06,370710000.0,0.94
2015-01-08,8284.89,8133.39,8335.34,8133.39,316140000.0,1.86
2015-01-11,8445.13,8284.89,8451.01,8277.2,260560000.0,1.93
2015-01-12,8436.71,8445.13,8498.4,8388.98,337010000.0,-0.1
2015-01-13,8491.68,8436.71,8503.49,8268.5,292830000.0,0.65
2015-01-14,8551.93,8491.68,8569.54,8490.93,297990000.0,0.71
2015-01-15,8458.72,8551.93,8564.56,8449.15,276390000.0,-1.09
2015-01-18,8535.78,8458.72,8554.08,8452.88,262959999.99999997,0.91
2015-01-19,8482.93,8535.78,8546.39,8470.73,252570000.0,-0.62
2015-01-20,8483.62,8482.93,8505.17,8426.2,204500000.0,0.01
2015-01-21,8393.81,8483.62,8484.1,8381.15,217060000.0,-1.06
2015-01-22,8421.72,8393.81,8430.61,8341.7,275580000.0,0.33
2015-01-26,8480.1,8421.72,8511.87,8421.72,381860000.0,0.69
2015-01-27,8686.16,8480.1,8691.22,8472.08,437380000.0,2.43
2015-01-28,8912.5,8686.16,8937.4,8686.16,512740000.0,2.61
2015-01-29,8878.54,8912.5,8926.09,8828.08,459750000.0,-0.38
2015-02-01,9143.93,8878.54,9238.41,8878.54,486520000.0,2.99
2015-02-02,9213.14,9143.93,9242.52,9090.87,428900000.0,0.76
2015-02-03,9227.36,9213.14,9338.15,9190.08,497650000.0,0.15
2015-02-04,9169.2,9227.36,9298.85,9144.27,344600000.0,-0.63
2015-02-05,9180.11,9169.2,9196.39,9073.02,306690000.0,0.12
2015-02-08,9345.32,9180.11,9353.54,9180.11,456090000.0,1.8
2015-02-09,9390.26,9345.32,9425.56,9331.34,502580000.0,0.48
2015-02-10,9300.5,9390.26,9391.75,9278.08,394630000.0,-0.96
2015-02-11,9133.7,9300.5,9301.24,9092.52,339290000.0,-1.79
2015-02-12,9257.49,9133.7,9264.44,9123.0,326740000.0,1.36
2015-02-15,9467.06,9257.49,9472.36,9257.49,417210000.0,2.26
2015-02-16,9439.37,9467.06,9482.74,9428.74,353390000.0,-0.29
2015-02-17,9442.45,9439.37,9544.45,9422.07,363830000.0,0.03
2015-02-18,9407.87,9442.45,9488.76,9362.73,262019999.99999997,-0.37
2015-02-19,9300.2,9407.87,9407.87,9257.67,291420000.0,-1.14
2015-02-22,9301.3,9300.2,9388.66,9291.35,286030000.0,0.01
2015-02-23,9234.32,9301.3,9321.95,9217.17,395580000.0,-0.72
2015-02-24,9294.12,9234.32,9307.44,9207.25,253080000.0,0.65
2015-02-25,9320.31,9294.12,9327.56,9255.45,284600000.0,0.28
2015-02-26,9313.52,9320.31,9363.58,9297.34,288720000.0,-0.07
2015-03-01,9352.63,9313.52,9379.18,9307.63,241690000.0,0.42
2015-03-02,9389.38,9352.63,9396.2,9331.29,276810000.0,0.39
2015-03-03,9487.73,9389.38,9487.97,9379.46,297900000.0,1.05
2015-03-04,9462.59,9487.73,9527.88,9453.97,241730000.0,-0.26
2015-03-05,9516.98,9462.59,9524.93,9447.9,271300000.0,0.57
2015-03-08,9579.28,9516.98,9582.64,9474.75,393260000.0,0.65
2015-03-09,9622.96,9579.28,9636.8,9572.0,350300000.0,0.46
2015-03-10,9612.71,9622.96,9650.9,9558.29,269500000.0,-0.11
2015-03-11,9661.91,9612.71,9666.69,9530.81,258760000.0,0.51
2015-03-12,9691.0,9661.91,9745.22,9660.0,353260000.0,0.3
2015-03-15,9628.65,9691.0,9691.0,9585.46,325100000.0,-0.64
2015-03-16,9438.24,9628.65,9646.68,9377.0,374190000.0,-1.98
2015-03-17,9303.13,9438.24,9458.54,9270.07,350090000.0,-1.43
2015-03-18,9133.87,9303.13,9303.13,8887.51,367710000.0,-1.82
2015-03-19,9174.41,9133.87,9248.08,9101.69,351240000.0,0.44
2015-03-22,9314.53,9174.41,9322.79,9173.67,380000000.0,1.53
2015-03-23,9319.69,9314.53,9361.6,9249.6,332020000.0,0.06
2015-03-24,9331.19,9319.69,9376.71,9279.66,336100000.0,0.12
2015-03-25,8868.12,9331.19,9331.98,8855.54,444580000.0,-4.96
2015-03-26,8903.49,8868.12,8916.46,8496.87,379330000.0,0.4
2015-03-29,9071.2,8903.49,9105.67,8903.49,283590000.0,1.88
2015-03-30,8957.05,9071.2,9086.07,8954.63,277420000.0,-1.26
2015-03-31,8778.89,8957.05,8995.36,8726.34,297860000.0,-1.99
2015-04-01,8812.35,8778.89,8832.27,8741.65,239170000.0,0.38
2015-04-02,8733.79,8812.35,8871.45,8676.09,241220000.0,-0.89
2015-04-05,8589.7,8733.79,8745.68,8501.94,230210000.0,-1.65
2015-04-06,8618.63,8589.7,8674.0,8574.85,194240000.0,0.34
2015-04-07,8802.36,8618.63,8806.4,8613.43,276900000.0,2.13
2015-04-08,8851.83,8802.36,8950.8,8802.36,363090000.0,0.56
2015-04-09,8950.11,8851.83,8960.37,8830.11,276960000.0,1.11
2015-04-12,8961.13,8950.11,9047.0,8950.11,272890000.0,0.12
2015-04-13,9041.12,8961.13,9044.53,8940.88,268460000.0,0.89
2015-04-14,8966.33,9041.12,9058.05,8962.97,254030000.0,-0.83
2015-04-15,9164.45,8966.33,9165.4,8966.33,333070000.0,2.21
2015-04-16,9251.19,9164.45,9289.92,9164.45,331530000.0,0.95
2015-04-19,9619.97,9251.19,9684.55,9251.19,530110000.0,3.99
2015-04-20,9589.42,9619.97,9685.73,9559.69,392830000.0,-0.32
2015-04-21,9558.89,9589.42,9589.42,9472.57,344810000.0,-0.32
2015-04-22,9572.27,9558.89,9700.62,9544.67,361500000.0,0.14
2015-04-23,9614.61,9572.27,9618.09,9546.87,250210000.0,0.44
2015-04-26,9725.17,9614.61,9738.22,9610.47,73650000.0,1.15
2015-04-27,9710.93,9725.17,9737.68,9668.19,378750000.0,-0.15
2015-04-28,9713.07,9710.93,9758.99,9682.11,383620000.0,0.02
2015-04-29,9812.4,9713.07,9818.98,9668.76,428700000.0,1.02
2015-04-30,9834.49,9812.4,9897.46,9812.4,388360000.0,0.23
2015-05-03,9764.24,9834.49,9884.6,9738.95,387700000.0,-0.71
2015-05-04,9787.0,9764.24,9790.31,9722.15,269910000.0,0.23
2015-05-05,9751.03,9787.0,9846.92,9746.94,329400000.0,-0.37
2015-05-06,9781.69,9751.03,9799.15,9719.41,273830000.0,0.31
2015-05-07,9717.9,9781.69,9782.8,9663.29,238700000.0,-0.65
2015-05-10,9710.52,9717.9,9740.4,9688.08,219660000.0,-0.08
2015-05-11,9583.24,9710.52,9720.99,9567.92,258769999.99999997,-1.31
2015-05-12,9627.41,9583.24,9630.95,9538.75,176680000.0,0.46
2015-05-13,9671.97,9627.41,9672.83,9613.89,173150000.0,0.46
2015-05-14,9731.54,9671.97,9777.19,9668.12,207320000.0,0.62
2015-05-17,9814.65,9731.54,9826.14,9731.54,242390000.0,0.85
2015-05-18,9807.88,9814.65,9829.76,9784.22,219190000.0,-0.07
2015-05-19,9811.12,9807.88,9820.79,9782.72,208900000.0,0.03
2015-05-20,9731.3,9811.12,9811.12,9716.45,212520000.0,-0.81
2015-05-21,9768.09,9731.3,9768.64,9695.0,193670000.0,0.38
2015-05-24,9732.52,9768.09,9768.09,9662.89,229180000.0,-0.36
2015-05-25,9726.96,9732.52,9766.09,9714.59,232270000.0,-0.06
2015-05-26,9801.4,9726.96,9801.4,9726.68,246840000.0,0.77
2015-05-27,9753.32,9801.4,9816.18,9750.73,216320000.0,-0.49
2015-05-28,9757.07,9753.32,9784.97,9721.42,164590000.0,0.04
2015-05-31,9688.69,9757.07,9777.72,9685.07,178660000.0,-0.7
2015-06-01,9693.58,9688.69,9703.34,9620.81,162120000.0,0.05
2015-06-02,9716.71,9693.58,9727.48,9676.18,153080000.0,0.24
2015-06-03,9678.75,9716.71,9724.92,9666.35,158240000.0,-0.39
2015-06-04,9668.1,9678.75,9684.44,9629.15,142400000.0,-0.11
2015-06-07,9588.01,9668.1,9671.08,9568.16,138840000.0,-0.83
2015-06-08,9532.48,9588.01,9588.55,9530.25,117670000.0,-0.58
2015-06-09,9490.88,9532.48,9532.48,9425.94,152330000.0,-0.44
2015-06-10,9541.58,9490.88,9563.43,9490.88,129190000.0,0.53
2015-06-11,9518.38,9541.58,9562.09,9500.62,122400000.0,-0.24
2015-06-14,9644.57,9518.38,9647.49,9518.38,147220000.0,1.33
2015-06-15,9561.7,9644.57,9693.07,9558.0,179260000.0,-0.86
2015-06-16,9544.51,9561.7,9570.97,9522.0,133800000.00000001,-0.18
2015-06-17,9543.25,9544.51,9559.64,9487.96,143630000.0,-0.01
2015-06-18,9505.74,9543.25,9562.69,9496.28,110540000.0,-0.39
2015-06-21,9344.11,9505.74,9506.48,9326.69,140990000.0,-1.7
2015-06-22,9275.27,9344.11,9367.91,9228.04,148230000.0,-0.74
2015-06-23,9279.74,9275.27,9346.68,9228.41,143030000.0,0.05
2015-06-24,9313.05,9279.74,9318.33,9244.84,122730000.0,0.36
2015-06-25,9367.29,9313.05,9371.75,9295.47,146970000.0,0.58
2015-06-28,9208.7,9367.29,9368.66,9163.88,188910000.0,-1.69
2015-06-29,9059.94,9208.7,9208.7,9006.16,174090000.0,-1.62
2015-06-30,9086.89,9059.94,9090.08,8928.27,173140000.0,0.3
2015-07-01,9104.27,9086.89,9138.71,9011.69,176540000.0,0.19
2015-07-02,9136.34,9104.27,9174.86,9087.44,133770000.00000001,0.35
2015-07-05,9160.7,9136.34,9173.02,9077.2,111140000.0,0.27
2015-07-06,9131.36,9160.7,9167.97,9086.46,118000000.0,-0.32
2015-07-07,9081.73,9131.36,9138.53,9039.08,94540000.0,-0.54
2015-07-08,9057.89,9081.73,9081.73,9013.74,97010000.0,-0.26
2015-07-09,9281.76,9057.89,9314.44,9047.21,199060000.0,2.47
2015-07-12,9253.41,9281.76,9353.67,9241.63,157880000.0,-0.31
2015-07-13,9269.78,9253.41,9292.91,9251.23,95380000.0,0.18
2015-07-14,9275.2,9269.78,9281.82,9222.18,104880000.0,0.06
2015-07-15,9337.86,9275.2,9345.21,9268.31,142360000.0,0.68
2015-07-22,9381.01,9337.86,9397.5,9337.16,107930000.0,0.46
2015-07-23,9372.74,9381.01,9385.11,9354.46,132220000.0,-0.09
2015-07-26,9301.66,9372.74,9411.93,9276.77,132190000.0,-0.76
2015-07-27,9080.02,9301.66,9301.66,9079.28,142140000.0,-2.38
2015-07-28,9090.84,9080.02,9106.97,9056.99,103550000.0,0.12
2015-07-29,9107.39,9090.84,9141.89,9090.84,112870000.0,0.18
2015-07-30,9098.27,9107.39,9133.6,9081.65,135830000.0,-0.1
2015-08-02,8807.24,9098.27,9101.08,8768.35,169450000.0,-3.2
2015-08-03,8820.65,8807.24,8820.65,8744.22,176940000.0,0.15
2015-08-04,8769.47,8820.65,8820.65,8701.57,144470000.0,-0.58
2015-08-05,8790.77,8769.47,8824.95,8769.47,98760000.0,0.24
2015-08-06,8654.64,8790.77,8790.77,8617.45,124860000.0,-1.55
2015-08-09,8699.17,8654.64,8707.77,8561.46,102820000.0,0.51
2015-08-10,8834.82,8699.17,8839.21,8699.17,136970000.0,1.56
2015-08-11,8758.07,8834.82,8865.6,8749.25,121200000.0,-0.87
2015-08-12,8708.31,8758.07,8758.07,8606.6,112910000.0,-0.57
2015-08-13,8683.74,8708.31,8757.31,8678.16,91430000.0,-0.28
2015-08-16,8464.06,8683.74,8712.74,8418.91,148230000.0,-2.53
2015-08-17,8437.26,8464.06,8496.89,8380.57,151800000.0,-0.32
2015-08-18,8197.02,8437.26,8443.73,8046.37,195270000.0,-2.85
2015-08-19,7991.28,8197.02,8258.49,7975.94,199650000.0,-2.51
2015-08-20,8012.83,7991.28,8015.22,7712.63,275760000.0,0.27
2015-08-23,7463.32,8012.83,8012.83,7439.52,274200000.0,-6.86
2015-08-24,7024.6,7463.32,7476.74,6920.96,355780000.0,-5.88
2015-08-25,7543.05,7024.6,7562.81,7014.08,558700000.0,7.38
2015-08-26,7384.46,7543.05,7573.95,7361.45,347740000.0,-2.1
2015-08-27,7604.32,7384.46,7762.96,7384.46,336180000.0,2.98
2015-08-30,7690.4,7604.32,7953.43,7604.32,265320000.0,1.13
2015-08-31,7522.47,7690.4,7690.4,7492.66,181830000.0,-2.18
2015-09-01,7438.43,7522.47,7601.84,7435.31,217420000.0,-1.12
2015-09-02,7367.55,7438.43,7438.43,7227.83,205140000.0,-0.95
2015-09-03,7383.86,7367.55,7459.52,7367.55,173990000.0,0.22
2015-09-06,7428.78,7383.86,7455.94,7330.35,141420000.0,0.61
2015-09-07,7483.5,7428.78,7556.36,7428.78,217530000.0,0.74
2015-09-08,7578.37,7483.5,7581.67,7452.49,242480000.0,1.27
2015-09-09,7748.92,7578.37,7759.3,7578.37,325390000.0,2.25
2015-09-10,7718.4,7748.92,7748.92,7635.96,77040000.0,-0.39
2015-09-13,7668.22,7718.4,7812.16,7667.29,214190000.0,-0.65
2015-09-14,7549.86,7668.22,7669.11,7545.24,181140000.0,-1.54
2015-09-15,7547.78,7549.86,7569.32,7457.99,202460000.0,-0.03
2015-09-16,7525.32,7547.78,7629.17,7518.88,205850000.0,-0.3
2015-09-17,7470.19,7525.32,7558.7,7459.49,199470000.0,-0.73
2015-09-20,7365.98,7470.19,7469.46,7343.35,162040000.0,-1.4
2015-09-21,7442.71,7365.98,7443.79,7368.4,148360000.0,1.04
2015-09-29,7337.21,7442.71,7442.71,7282.31,97660000.0,-1.42
2015-09-30,7404.14,7337.21,7414.55,7337.21,96180000.0,0.91
2015-10-01,7341.94,7404.14,7444.42,7335.24,114790000.0,-0.84
2015-10-04,7370.67,7341.94,7382.34,7333.27,94110000.0,0.39
2015-10-05,7461.52,7370.67,7465.25,7370.67,145060000.0,1.23
2015-10-06,7462.49,7461.52,7498.37,7447.69,153290000.0,0.01
2015-10-07,7602.68,7462.49,7623.05,7462.49,240680000.0,1.88
2015-10-08,7685.27,7602.68,7687.43,7587.66,195480000.0,1.09
2015-10-11,7827.08,7685.27,7853.19,7685.27,293560000.0,1.85
2015-10-12,7816.71,7827.08,7866.89,7807.7,261850000.00000003,-0.13
2015-10-13,7776.74,7816.71,7816.71,7744.22,216640000.0,-0.51
2015-10-14,7784.5,7776.74,7786.79,7723.58,202190000.0,0.1
2015-10-15,7698.73,7784.5,7784.5,7698.17,223510000.0,-1.1
2015-10-18,7792.62,7698.73,7800.1,7699.53,222720000.0,1.22
2015-10-19,7765.22,7792.62,7793.61,7750.49,213310000.0,-0.35
2015-10-20,7689.76,7765.22,7769.84,7678.39,201540000.0,-0.97
2015-10-21,7479.01,7689.76,7690.57,7471.36,226630000.0,-2.74
2015-10-22,7382.59,7479.01,7481.08,7312.51,215100000.0,-1.29
2015-10-25,7276.26,7382.59,7433.71,7273.69,162110000.0,-1.44
2015-10-26,7319.15,7276.26,7320.23,7192.05,190660000.0,0.59
2015-10-27,7097.59,7319.15,7319.15,7033.29,254200000.0,-3.03
2015-10-28,7118.42,7097.59,7122.68,6990.88,234570000.0,0.29
2015-10-29,7124.8,7118.42,7220.06,7109.31,178320000.0,0.09
2015-11-01,7045.77,7124.8,7124.8,7000.64,167300000.0,-1.11
2015-11-02,7066.24,7045.77,7118.2,7035.48,217780000.0,0.29
2015-11-03,6955.11,7066.24,7091.35,6940.89,253590000.0,-1.57
2015-11-04,7035.46,6955.11,7035.82,6889.89,229990000.0,1.16
2015-11-05,6961.23,7035.46,7037.07,6956.75,209030000.0,-1.06
2015-11-08,6922.96,6961.23,6961.23,6827.79,192550000.0,-0.55
2015-11-09,7015.29,6922.96,7017.69,6913.46,257180000.0,1.33
2015-11-10,6986.89,7015.29,7029.93,6960.03,236730000.0,-0.4
2015-11-11,7128.28,6986.89,7153.86,6986.88,264880000.0,2.02
2015-11-12,7083.43,7128.28,7161.45,7081.74,227120000.0,-0.63
2015-11-15,6881.42,7083.43,7082.62,6860.59,243240000.0,-2.85
2015-11-16,6960.09,6881.42,6970.4,6877.81,210940000.0,1.14
2015-11-17,6916.77,6960.09,6996.33,6916.73,231720000.0,-0.62
2015-11-18,6953.47,6916.77,6954.79,6906.53,196050000.0,0.53
2015-11-19,7034.08,6953.47,7051.98,6954.27,209600000.0,1.16
2015-11-22,7179.17,7034.08,7196.04,7034.88,248810000.0,2.06
2015-11-23,7149.61,7179.17,7185.03,7128.28,265370000.0,-0.41
2015-11-24,7202.1,7149.61,7241.64,7149.61,232510000.0,0.73
2015-11-25,7208.36,7202.1,7229.18,7188.31,179130000.0,0.09
2015-11-26,7238.56,7208.36,7255.89,7203.81,192980000.0,0.42
2015-11-29,7251.64,7238.56,7277.49,7234.09,213170000.0,0.18
2015-11-30,7239.93,7251.64,7257.35,7215.97,226200000.0,-0.16
2015-12-01,7293.79,7239.93,7300.43,7239.93,245650000.0,0.74
2015-12-02,7347.43,7293.79,7349.01,7274.28,257680000.0,0.74
2015-12-03,7268.02,7347.43,7346.63,7260.93,243450000.0,-1.08
2015-12-06,7261.4,7268.02,7286.02,7236.33,186240000.0,-0.09
2015-12-07,7166.73,7261.4,7266.87,7163.2,208160000.0,-1.3
2015-12-08,6991.44,7166.73,7165.12,6959.33,237520000.0,-2.45
2015-12-09,7000.72,6991.44,7040.56,6979.24,234520000.0,0.13
2015-12-10,6949.0,7000.72,7017.88,6941.65,244140000.0,-0.74
2015-12-13,6764.6,6949.0,6947.4,6703.09,263320000.0,-2.65
2015-12-14,6686.27,6764.6,6838.07,6672.38,255040000.0,-1.16
2015-12-15,6771.53,6686.27,6807.7,6685.97,243860000.0,1.28
2015-12-16,6866.8,6771.53,6879.78,6771.53,260550000.0,1.41
2015-12-17,7045.68,6866.8,7064.24,6870.82,368750000.0,2.61
2015-12-20,6931.08,7045.68,7043.26,6898.71,235700000.0,-1.63
2015-12-21,6930.12,6931.08,6962.31,6904.56,221110000.0,-0.01
2015-12-22,7046.97,6930.12,7053.46,6930.12,241190000.0,1.69
2015-12-23,6934.06,7046.97,7088.97,6932.0,253810000.0,-1.6
2015-12-24,6941.75,6934.06,6999.25,6935.67,187210000.0,0.11
2015-12-27,6946.0,6941.75,6962.68,6874.26,169520000.0,0.06
2015-12-28,6992.19,6946.0,7013.04,6935.1,237960000.0,0.66
2015-12-29,6930.6,6992.19,6989.78,6755.87,286750000.0,-0.88
2015-12-30,6906.58,6930.6,6962.43,6890.37,259300000.0,-0.35
2015-12-31,6911.76,6906.58,6920.8,6854.5,205460000.0,0.07
2016-01-03,6952.22,6911.76,6966.03,6905.6,158690000.0,0.59
2016-01-04,6788.13,6952.22,6975.7,6785.86,217920000.0,-2.36
2016-01-05,6743.16,6788.13,6857.14,6705.72,163020000.0,-0.66
2016-01-06,6517.71,6743.16,6742.71,6455.95,210890000.0,-3.34
2016-01-07,6225.22,6517.71,6516.1,6190.91,231490000.0,-4.49
2016-01-10,6090.86,6225.22,6265.27,6056.07,214270000.0,-2.16
2016-01-11,6176.91,6090.86,6180.89,5968.63,263350000.00000003,1.41
2016-01-12,6068.75,6176.91,6173.69,6004.17,257250000.0,-1.75
2016-01-13,6038.03,6068.75,6137.73,6023.79,221330000.0,-0.51
2016-01-14,5838.13,6038.03,6038.03,5784.43,236720000.0,-3.31
2016-01-17,5520.41,5838.13,5834.91,5397.14,271270000.0,-5.44
2016-01-18,5525.12,5520.41,5576.23,5442.55,399160000.0,0.09
2016-01-19,5746.4,5525.12,5755.66,5525.93,360880000.0,4.0
2016-01-20,5459.84,5746.4,5743.18,5451.14,374050000.0,-4.99
2016-01-21,5463.6,5459.84,5482.98,5348.61,300160000.0,0.07
2016-01-24,5611.65,5463.6,5833.8,5469.24,348690000.0,2.71
2016-01-25,5610.45,5611.65,5629.29,5560.64,245080000.0,-0.02
2016-01-26,5637.31,5610.45,5639.95,5503.01,289220000.0,0.48
2016-01-27,5698.56,5637.31,5744.5,5638.12,284970000.0,1.09
2016-01-28,5879.98,5698.56,5882.52,5703.39,348210000.0,3.18
2016-01-31,5996.57,5879.98,6098.55,5882.39,349000000.0,1.98
2016-02-01,5985.72,5996.57,6012.16,5924.6,284510000.0,-0.18
2016-02-02,5874.19,5985.72,5985.72,5871.88,305460000.0,-1.86
2016-02-03,5927.36,5874.19,5928.52,5834.47,272910000.0,0.91
2016-02-04,5973.07,5927.36,6056.39,5929.77,336690000.0,0.77
2016-02-07,5895.79,5973.07,5973.07,5876.3,214410000.0,-1.29
2016-02-08,5905.5,5895.79,5971.73,5885.21,237620000.0,0.16
2016-02-09,5873.64,5905.5,5921.72,5864.27,295060000.0,-0.54
2016-02-10,5832.92,5873.64,5872.84,5820.81,279350000.0,-0.69
2016-02-11,5660.86,5832.92,5835.13,5654.55,292640000.0,-2.95
2016-02-14,5557.92,5660.86,5776.4,5550.98,258589999.99999997,-1.82
2016-02-15,5691.25,5557.92,5708.5,5557.92,264769999.99999997,2.4
2016-02-16,5739.98,5691.25,5848.24,5691.8,329950000.0,0.86
2016-02-17,5801.65,5739.98,5811.32,5724.25,268900000.0,1.07
2016-02-18,5884.16,5801.65,5901.34,5800.45,300250000.0,1.42
2016-02-21,5880.61,5884.16,5917.99,5862.46,281050000.0,-0.06
2016-02-22,5977.7,5880.61,5985.97,5881.41,326880000.0,1.65
2016-02-23,6023.08,5977.7,6023.68,5965.65,309130000.0,0.76
2016-02-24,5942.28,6023.08,6023.08,5929.93,280240000.0,-1.34
2016-02-25,5975.94,5942.28,5995.63,5942.46,244970000.0,0.57
2016-02-28,6092.01,5975.94,6096.58,5975.94,247770000.0,1.94
2016-02-29,6092.5,6092.01,6155.65,6084.41,337890000.0,0.01
2016-03-01,6180.66,6092.5,6190.72,6093.31,337890000.0,1.45
2016-03-02,6170.16,6180.66,6223.33,6146.44,296860000.0,-0.17
2016-03-03,6216.31,6170.16,6223.78,6164.5,253330000.0,0.75
2016-03-06,6396.36,6216.31,6398.97,6217.92,370100000.0,2.9
2016-03-07,6387.44,6396.36,6418.41,6362.87,370270000.0,-0.14
2016-03-08,6430.87,6387.44,6452.71,6387.78,380620000.0,0.68
2016-03-09,6370.37,6430.87,6430.87,6343.92,362920000.0,-0.94
2016-03-10,6354.48,6370.37,6432.09,6350.05,282610000.0,-0.25
2016-03-13,6369.31,6354.48,6404.35,6354.48,263140000.0,0.23
2016-03-14,6288.3,6369.31,6385.5,6287.8,311410000.0,-1.27
2016-03-15,6232.69,6288.3,6288.3,6202.17,236280000.0,-0.88
2016-03-16,6305.78,6232.69,6306.97,6218.72,252290000.0,1.17
2016-03-17,6394.67,6305.78,6413.39,6306.58,309970000.0,1.41
2016-03-20,6482.35,6394.67,6501.06,6396.28,335530000.0,1.37
2016-03-21,6486.11,6482.35,6525.46,6465.55,315300000.0,0.06
2016-03-22,6481.68,6486.11,6515.34,6427.87,335390000.0,-0.07
2016-03-23,6460.98,6481.68,6517.89,6458.22,279220000.0,-0.32
2016-03-24,6350.9,6460.98,6460.78,6345.19,272250000.0,-1.7
2016-03-27,6256.68,6350.9,6360.39,6238.46,256959999.99999997,-1.48
2016-03-28,6268.71,6256.68,6321.71,6233.56,230320000.0,0.19
2016-03-29,6176.84,6268.71,6268.35,6141.98,204330000.0,-1.47
2016-03-30,6215.65,6176.84,6222.97,6163.99,187740000.0,0.63
2016-03-31,6223.13,6215.65,6232.93,6153.55,185370000.0,0.12
2016-04-03,6126.12,6223.13,6223.13,6065.86,183430000.0,-1.56
2016-04-04,6210.91,6126.12,6219.45,6117.57,195700000.0,1.38
2016-04-05,6201.09,6210.91,6210.91,6156.09,224540000.0,-0.16
2016-04-06,6213.58,6201.09,6251.11,6195.39,253490000.0,0.2
2016-04-07,6258.11,6213.58,6273.34,6214.38,226840000.0,0.72
2016-04-10,6346.16,6258.11,6352.95,6257.13,190490000.0,1.41
2016-04-11,6311.58,6346.16,6346.16,6306.07,266370000.0,-0.54
2016-04-12,6403.6,6311.58,6418.44,6296.67,286180000.0,1.46
2016-04-13,6442.04,6403.6,6447.64,6404.41,317630000.0,0.6
2016-04-14,6509.02,6442.04,6513.09,6435.18,294800000.0,1.04
2016-04-17,6412.37,6509.02,6531.2,6398.76,301510000.0,-1.48
2016-04-18,6424.9,6412.37,6428.16,6309.61,286740000.0,0.2
2016-04-19,6531.9,6424.9,6534.91,6425.71,325630000.0,1.67
2016-04-20,6512.43,6531.9,6538.21,6482.59,288820000.0,-0.3
2016-04-21,6587.68,6512.43,6597.18,6510.8,391430000.0,1.16
2016-04-24,6698.78,6587.68,6722.51,6587.11,462760000.0,1.69
2016-04-25,6868.09,6698.78,6875.69,6647.9,555180000.0,2.53
2016-04-26,6757.14,6868.09,6868.94,6749.82,362380000.0,-1.62
2016-04-27,6820.3,6757.14,6824.23,6757.15,383140000.0,0.93
2016-04-28,6805.84,6820.3,6842.3,6794.83,343290000.0,-0.21
2016-05-01,6754.23,6805.84,6840.82,6732.92,343430000.0,-0.76
2016-05-02,6716.49,6754.23,6757.72,6675.17,306440000.0,-0.56
2016-05-03,6638.15,6716.49,6737.35,6623.99,354650000.0,-1.17
2016-05-04,6586.5,6638.15,6638.15,6574.22,287670000.0,-0.78
2016-05-05,6656.41,6586.5,6672.08,6586.5,294560000.0,1.06
2016-05-08,6672.48,6656.41,6734.05,6656.41,292000000.0,0.24
2016-05-09,6693.91,6672.48,6694.91,6652.56,284350000.0,0.32
2016-05-10,6644.82,6693.91,6693.91,6639.55,285540000.0,-0.73
2016-05-11,6654.2,6644.82,6679.97,6637.0,270850000.0,0.14
2016-05-12,6694.82,6654.2,6719.69,6651.41,241090000.0,0.61
2016-05-15,6692.6,6694.82,6750.41,6689.67,229990000.0,-0.03
2016-05-16,6699.18,6692.6,6720.84,6664.42,237640000.0,0.1
2016-05-17,6739.79,6699.18,6775.98,6699.18,284200000.0,0.61
2016-05-18,6737.4,6739.79,6749.92,6727.77,202970000.0,-0.04
2016-05-19,6695.26,6737.4,6737.4,6681.76,213790000.0,-0.63
2016-05-22,6628.95,6695.26,6703.52,6628.38,176300000.0,-0.99
2016-05-23,6425.23,6628.95,6633.6,6414.69,246220000.0,-3.07
2016-05-24,6474.84,6425.23,6477.11,6399.71,171250000.0,0.77
2016-05-25,6516.49,6474.84,6555.82,6474.84,180320000.0,0.64
2016-05-26,6482.48,6516.49,6566.79,6474.36,183150000.0,-0.52
2016-05-29,6428.39,6482.48,6491.29,6406.38,146510000.0,-0.83
2016-05-30,6359.91,6428.39,6434.3,6349.09,166660000.0,-1.07
2016-05-31,6448.42,6359.91,6448.59,6359.91,134560000.0,1.39
2016-06-01,6457.95,6448.42,6473.71,6425.55,145980000.0,0.15
2016-06-02,6488.79,6457.95,6493.26,6457.14,157960000.0,0.48
2016-06-05,6413.02,6488.79,6504.36,6409.51,214180000.0,-1.17
2016-06-06,6477.07,6413.02,6479.47,6396.47,145770000.0,1.0
2016-06-07,6533.42,6477.07,6537.25,6476.69,243900000.0,0.87
2016-06-08,6604.96,6533.42,6630.88,6530.89,334850000.0,1.09
2016-06-09,6606.92,6604.96,6644.76,6587.58,337760000.0,0.03
2016-06-12,6570.89,6606.92,6606.11,6553.24,211520000.0,-0.55
2016-06-13,6589.64,6570.89,6596.07,6550.95,212090000.0,0.29
2016-06-14,6626.58,6589.64,6626.58,6580.92,234370000.0,0.56
2016-06-15,6566.68,6626.58,6647.17,6564.65,265529999.99999997,-0.9
2016-06-16,6542.64,6566.68,6572.71,6534.18,179620000.0,-0.37
2016-06-19,6542.4,6542.64,6591.69,6539.41,171250000.0,0.0
2016-06-20,6558.92,6542.4,6572.74,6537.8,150240000.0,0.25
2016-06-21,6553.01,6558.92,6584.97,6549.7,146330000.0,-0.09
2016-06-22,6532.42,6553.01,6585.61,6531.79,158120000.0,-0.31
2016-06-23,6550.97,6532.42,6554.19,6521.3,199180000.0,0.28
2016-06-26,6478.6,6550.97,6547.74,6256.68,332660000.0,-1.1
2016-06-27,6464.84,6478.6,6550.2,6461.32,236550000.0,-0.21
2016-06-28,6480.32,6464.84,6495.6,6457.0,285790000.0,0.24
2016-06-29,6500.42,6480.32,6525.36,6480.33,234230000.0,0.31
2016-06-30,6499.88,6500.42,6528.69,6499.77,233320000.0,-0.01
2016-07-10,6555.87,6499.88,6556.31,6494.47,242410000.0,0.86
2016-07-11,6570.34,6555.87,6584.7,6546.41,241220000.0,0.22
2016-07-12,6625.78,6570.34,6627.04,6570.34,252310000.0,0.84
2016-07-13,6691.23,6625.78,6694.05,6624.03,308950000.0,0.99
2016-07-14,6661.65,6691.23,6698.88,6653.64,259310000.0,-0.44
2016-07-17,6680.79,6661.65,6698.13,6661.65,173650000.0,0.29
2016-07-18,6681.97,6680.79,6702.99,6658.04,206420000.0,0.02
2016-07-19,6646.86,6681.97,6686.63,6635.99,180510000.0,-0.53
2016-07-20,6630.61,6646.86,6655.54,6622.36,166220000.0,-0.24
2016-07-21,6601.0,6630.61,6648.1,6597.88,183870000.0,-0.45
2016-07-24,6523.56,6601.0,6611.53,6519.67,204580000.0,-1.17
2016-07-25,6516.08,6523.56,6532.81,6460.83,187400000.0,-0.11
2016-07-26,6470.82,6516.08,6523.22,6457.34,129600000.0,-0.69
2016-07-27,6431.58,6470.82,6475.99,6406.52,144750000.0,-0.61
2016-07-28,6335.59,6431.58,6433.79,6321.39,189960000.0,-1.49
2016-07-31,6302.17,6335.59,6352.27,6269.57,166260000.0,-0.53
2016-08-01,6345.73,6302.17,6355.53,6302.17,171880000.0,0.69
2016-08-02,6268.13,6345.73,6344.93,6230.44,245190000.0,-1.22
2016-08-03,6237.56,6268.13,6270.81,6226.43,176560000.0,-0.49
2016-08-04,6246.45,6237.56,6278.48,6235.45,168150000.0,0.14
2016-08-07,6289.51,6246.45,6293.84,6244.03,123730000.0,0.69
2016-08-08,6319.3,6289.51,6321.32,6281.56,180880000.0,0.47
2016-08-09,6381.45,6319.3,6386.15,6309.02,171350000.0,0.98
2016-08-10,6354.59,6381.45,6396.17,6352.11,143250000.0,-0.42
2016-08-11,6325.62,6354.59,6354.96,6321.84,163920000.0,-0.46
2016-08-14,6374.29,6325.62,6384.51,6325.62,156480000.0,0.77
2016-08-15,6357.57,6374.29,6391.72,6349.86,132990000.00000001,-0.26
2016-08-16,6328.55,6357.57,6370.78,6325.84,139180000.0,-0.46
2016-08-17,6220.29,6328.55,6334.64,6216.27,177310000.0,-1.71
2016-08-18,6227.03,6220.29,6244.25,6145.56,153300000.0,0.11
2016-08-21,6212.47,6227.03,6254.63,6201.85,119820000.0,-0.23
2016-08-22,6109.77,6212.47,6212.47,6092.62,122870000.0,-1.65
2016-08-23,6095.89,6109.77,6109.77,6063.4,134110000.00000001,-0.23
2016-08-24,6027.89,6095.89,6107.61,6024.76,146190000.0,-1.12
2016-08-25,5976.89,6027.89,6027.09,5910.55,152720000.0,-0.85
2016-08-28,6071.41,5976.89,6077.06,5951.22,139670000.0,1.58
2016-08-29,6071.16,6071.41,6085.72,6051.17,123070000.0,0.0
2016-08-30,6129.59,6071.16,6138.04,6067.76,120170000.0,0.96
2016-08-31,6079.51,6129.59,6130.21,6079.51,117580000.0,-0.82
2016-09-01,6021.81,6079.51,6082.96,5989.01,160430000.0,-0.95
2016-09-04,6099.03,6021.81,6104.46,6021.99,133810000.0,1.28
2016-09-05,6204.08,6099.03,6218.52,6100.64,210720000.0,1.72
2016-09-06,6190.35,6204.08,6238.27,6174.48,118180000.0,-0.22
2016-09-07,6139.38,6190.35,6198.4,6123.99,114830000.0,-0.82
2016-09-08,6176.53,6139.38,6181.62,6136.49,104940000.0,0.61
2016-09-18,6060.07,6176.53,6176.53,6055.95,82370000.0,-1.89
2016-09-19,5935.96,6060.07,6086.67,5911.99,153160000.0,-2.05
2016-09-20,5925.14,5935.96,5947.27,5868.91,130690000.0,-0.18
2016-09-21,5948.92,5925.14,5956.45,5911.71,105730000.0,0.4
2016-09-25,5913.0,5948.92,5958.22,5879.91,111560000.0,-0.6
2016-09-26,5956.59,5913.0,5981.15,5913.37,103010000.0,0.74
2016-09-27,5730.69,5956.59,5956.23,5718.54,236650000.0,-3.79
2016-09-28,5534.43,5730.69,5745.9,5440.7,266930000.0,-3.42
2016-09-29,5623.34,5534.43,5639.9,5477.9,239010000.0,1.61
2016-10-02,5448.2,5623.34,5655.2,5434.64,149140000.0,-3.11
2016-10-03,5416.47,5448.2,5472.25,5327.49,228260000.0,-0.58
2016-10-04,5525.7,5416.47,5528.33,5414.68,182670000.0,2.02
2016-10-05,5585.11,5525.7,5592.81,5503.92,256310000.0,1.08
2016-10-06,5631.26,5585.11,5656.65,5576.57,182260000.0,0.83
2016-10-09,5506.78,5631.26,5663.46,5498.01,166480000.0,-2.21
2016-10-10,5574.22,5506.78,5574.89,5451.74,168270000.0,1.22
2016-10-11,5655.61,5574.22,5679.56,5568.6,216050000.0,1.46
2016-10-12,5692.66,5655.61,5721.78,5637.95,192790000.0,0.66
2016-10-13,5693.96,5692.66,5754.31,5681.84,248620000.0,0.02
2016-10-16,5632.69,5693.96,5695.34,5612.58,142360000.0,-1.08
2016-10-17,5564.67,5632.69,5636.1,5556.32,129900000.0,-1.21
2016-10-18,5460.94,5564.67,5567.7,5423.39,143790000.0,-1.86
2016-10-19,5522.57,5460.94,5523.28,5455.27,148480000.0,1.13
2016-10-20,5651.8,5522.57,5685.29,5524.01,238580000.0,2.34
2016-10-23,5739.92,5651.8,5742.1,5651.8,254750000.0,1.56
2016-10-24,5796.85,5739.92,5807.65,5727.39,242270000.0,0.99
2016-10-25,5882.44,5796.85,5887.03,5792.02,182530000.0,1.48
2016-10-26,5884.99,5882.44,5915.96,5820.64,221660000.0,0.04
2016-10-27,5936.3,5884.99,5940.04,5860.35,177290000.0,0.87
2016-10-30,5977.98,5936.3,5995.29,5914.75,180880000.0,0.7
2016-10-31,6012.22,5977.98,6017.46,5964.5,171480000.0,0.57
2016-11-01,5997.03,6012.22,6025.04,5976.72,192470000.0,-0.25
2016-11-02,5989.62,5997.03,6011.87,5959.18,217020000.0,-0.12
2016-11-03,6060.46,5989.62,6061.6,5976.82,186110000.0,1.18
2016-11-06,6106.31,6060.46,6109.55,6028.1,205030000.0,0.76
2016-11-07,6197.68,6106.31,6199.24,6105.88,233880000.0,1.5
2016-11-08,6327.79,6197.68,6374.27,6194.42,337830000.0,2.1
2016-11-09,6379.62,6327.79,6392.17,6140.97,435880000.0,0.82
2016-11-10,6528.05,6379.62,6550.61,6379.62,400970000.0,2.33
2016-11-13,6663.31,6528.05,6669.5,6525.52,363630000.0,2.07
2016-11-14,6631.15,6663.31,6691.44,6613.94,444750000.0,-0.48
2016-11-15,6492.86,6631.15,6639.11,6346.44,360720000.0,-2.09
2016-11-16,6647.75,6492.86,6665.66,6493.38,324980000.0,2.39
2016-11-17,6628.88,6647.75,6665.97,6590.3,284740000.0,-0.28
2016-11-20,6570.49,6628.88,6658.46,6553.4,226930000.0,-0.88
2016-11-21,6496.74,6570.49,6603.63,6477.35,228320000.0,-1.12
2016-11-22,6601.59,6496.74,6607.35,6496.44,285570000.0,1.61
2016-11-23,6796.13,6601.59,6803.2,6600.79,402220000.0,2.95
2016-11-24,6796.75,6796.13,6897.66,6754.93,465340000.0,0.01
2016-11-27,6843.78,6796.75,6860.2,6747.62,226130000.0,0.69
2016-11-28,6903.85,6843.78,6913.07,6832.84,329790000.0,0.88
2016-11-29,6896.83,6903.85,6951.93,6889.57,329120000.0,-0.1
2016-11-30,7000.18,6896.83,7025.27,6896.83,385280000.0,1.5
2016-12-01,7093.66,7000.18,7117.63,7001.79,373540000.0,1.34
2016-12-04,7130.34,7093.66,7204.66,7092.85,401400000.0,0.52
2016-12-05,7106.22,7130.34,7130.72,7027.76,312330000.0,-0.34
2016-12-06,7155.2,7106.22,7160.6,7098.87,462820000.0,0.69
2016-12-07,7124.1,7155.2,7168.51,7118.23,434300000.0,-0.43
2016-12-08,7118.0,7124.1,7144.94,7110.95,289490000.0,-0.09
2016-12-11,7197.87,7118.0,7209.45,7118.0,364520000.0,1.12
2016-12-12,7162.38,7197.87,7234.51,7151.25,478180000.0,-0.49
2016-12-13,7108.44,7162.38,7162.74,7082.81,266100000.00000003,-0.75
2016-12-14,7066.04,7108.44,7125.65,7050.49,258769999.99999997,-0.6
2016-12-15,7090.91,7066.04,7106.47,7040.78,238230000.0,0.35
2016-12-18,7137.62,7090.91,7142.38,7090.91,234000000.0,0.66
2016-12-19,7076.88,7137.62,7139.19,7061.54,256040000.00000003,-0.85
2016-12-20,7031.11,7076.88,7076.88,7001.97,238650000.0,-0.65
2016-12-21,7056.71,7031.11,7061.52,7022.23,168890000.0,0.36
2016-12-22,7087.76,7056.71,7094.62,7046.75,217120000.0,0.44
2016-12-25,7190.95,7087.76,7206.72,7087.76,297520000.0,1.46
2016-12-26,7166.36,7190.95,7213.55,7160.78,229750000.0,-0.34
2016-12-27,7257.17,7166.36,7263.72,7160.1,321620000.0,1.27
2016-12-28,7240.66,7257.17,7279.2,7238.54,292250000.0,-0.23
2016-12-29,7210.43,7240.66,7246.86,7187.54,285930000.0,-0.42
2017-01-01,7237.95,7210.43,7250.19,7207.65,240970000.0,0.38
2017-01-02,7247.34,7237.95,7290.33,7224.77,299450000.0,0.13
2017-01-03,7250.76,7247.34,7260.37,7209.51,277380000.0,0.05
2017-01-04,7198.11,7250.76,7254.61,7182.79,236520000.0,-0.73
2017-01-05,7198.73,7198.11,7224.5,7176.32,219580000.0,0.01
2017-01-08,7138.86,7198.73,7212.04,7130.25,190560000.0,-0.83
2017-01-09,7081.71,7138.86,7144.99,7030.4,241750000.0,-0.8
2017-01-10,7008.03,7081.71,7081.71,6998.25,209870000.0,-1.04
2017-01-11,6894.65,7008.03,7017.2,6891.74,214620000.0,-1.62
2017-01-12,6921.77,6894.65,6944.66,6885.06,172210000.0,0.39
2017-01-15,6930.92,6921.77,6945.49,6901.62,172210000.0,0.13
2017-01-16,6823.63,6930.92,6930.63,6800.83,207900000.0,-1.55
2017-01-17,6873.53,6823.63,6877.73,6745.13,186560000.0,0.73
2017-01-18,6853.45,6873.53,6898.13,6840.67,218330000.0,-0.29
2017-01-19,6875.87,6853.45,6883.19,6844.46,213570000.0,0.33
2017-01-22,6898.93,6875.87,6904.71,6811.07,255410000.0,0.34
2017-01-23,7013.18,6898.93,7016.03,6898.93,287800000.0,1.66
2017-01-24,7091.88,7013.18,7106.06,7012.83,259890000.0,1.12
2017-01-25,7128.12,7091.88,7154.02,7083.71,240320000.0,0.51
2017-01-26,7134.88,7128.12,7172.94,7121.16,216630000.0,0.09
2017-01-29,7183.25,7134.88,7192.63,7121.19,191640000.0,0.68
2017-01-30,7132.39,7183.25,7190.0,7129.64,223000000.0,-0.71
2017-01-31,7101.86,7132.39,7132.39,7078.41,189470000.0,-0.43
2017-02-01,7100.93,7101.86,7119.98,7086.21,218370000.0,-0.01
2017-02-02,7098.64,7100.93,7134.35,7088.96,190310000.0,-0.03
2017-02-05,7046.38,7098.64,7119.58,7034.75,153660000.0,-0.74
2017-02-06,7062.35,7046.38,7063.63,7012.33,182140000.0,0.23
2017-02-07,7038.62,7062.35,7071.05,7024.39,206090000.0,-0.34
2017-02-08,6967.4,7038.62,7040.26,6954.14,230730000.0,-1.01
2017-02-09,6969.26,6967.4,6986.16,6942.2,167930000.0,0.03
2017-02-12,7021.57,6969.26,7049.7,6969.26,167080000.0,0.75
2017-02-13,7059.55,7021.57,7062.59,7017.54,194030000.0,0.54
2017-02-14,7032.65,7059.55,7063.94,7021.7,180290000.0,-0.38
2017-02-15,7073.69,7032.65,7077.39,7020.96,180430000.0,0.58
2017-02-16,7131.27,7073.69,7140.44,7073.53,190550000.0,0.81
2017-02-19,7140.18,7131.27,7175.29,7129.02,178960000.0,0.12
2017-02-20,7071.9,7140.18,7142.49,7068.12,194750000.0,-0.96
2017-02-21,7057.79,7071.9,7079.15,7017.33,184880000.0,-0.2
2017-02-22,7062.85,7057.79,7110.14,7057.77,186600000.0,0.07
2017-02-23,7046.17,7062.85,7074.25,7029.83,174690000.0,-0.24
2017-02-26,7049.54,7046.17,7073.07,7039.6,172660000.0,0.05
2017-02-27,6969.3,7049.54,7054.57,6966.07,224610000.0,-1.14
2017-02-28,6972.39,6969.3,6973.18,6913.22,169900000.0,0.04
2017-03-01,6966.53,6972.39,6996.18,6950.57,151160000.0,-0.08
2017-03-02,7016.66,6966.53,7024.31,6966.53,210150000.0,0.72
2017-03-05,6967.97,7016.66,7024.65,6961.33,167870000.0,-0.69
2017-03-06,6976.35,6967.97,6976.44,6938.1,131080000.00000001,0.12
2017-03-07,6993.13,6976.35,7011.66,6973.91,140890000.0,0.24
2017-03-08,6970.84,6993.13,6998.35,6957.31,121140000.0,-0.32
2017-03-09,6916.84,6970.84,6970.1,6884.27,182430000.0,-0.77
2017-03-12,6834.06,6916.84,6921.5,6827.51,136810000.0,-1.2
2017-03-13,6787.8,6834.06,6850.13,6781.78,156060000.0,-0.68
2017-03-14,6790.71,6787.8,6792.88,6709.9,162000000.0,0.04
2017-03-15,6835.76,6790.71,6846.32,6788.64,153420000.0,0.66
2017-03-16,6921.6,6835.76,6928.76,6835.0,158050000.0,1.26
2017-03-19,6952.63,6921.6,6964.35,6912.25,136030000.0,0.45
2017-03-20,6919.25,6952.63,6952.81,6917.19,142010000.0,-0.48
2017-03-21,6912.78,6919.25,6957.71,6902.49,127020000.0,-0.09
2017-03-22,6832.3,6912.78,6912.78,6826.16,130680000.0,-1.16
2017-03-23,6878.68,6832.3,6892.63,6832.3,131270000.00000001,0.68
2017-03-26,6874.12,6878.68,6913.28,6866.14,106140000.0,-0.07
2017-03-27,6852.13,6874.12,6874.92,6838.23,97310000.0,-0.32
2017-03-28,6872.77,6852.13,6882.03,6845.34,112270000.0,0.3
2017-03-29,6948.96,6872.77,6949.08,6872.77,118670000.0,1.11
2017-03-30,7001.63,6948.96,7009.61,6948.96,147280000.0,0.76
2017-04-02,6990.43,7001.63,7029.43,6978.38,139480000.0,-0.16
2017-04-03,6967.98,6990.43,6995.71,6961.67,118410000.0,-0.32
2017-04-04,6986.19,6967.98,6988.5,6943.11,99450000.0,0.26
2017-04-05,7050.91,6986.19,7072.88,6982.95,132870000.0,0.93
2017-04-06,7075.57,7050.91,7092.14,7046.21,131190000.0,0.35
2017-04-09,7058.58,7075.57,7094.47,7050.7,115690000.0,-0.24
2017-04-10,7062.17,7058.58,7072.91,7042.15,110120000.0,0.05
2017-04-11,7036.36,7062.17,7078.09,7032.89,97830000.0,-0.37
2017-04-12,7099.13,7036.36,7102.38,7026.54,150440000.0,0.89
2017-04-13,7076.92,7099.13,7106.59,7067.76,151770000.0,-0.31
2017-04-16,7005.4,7076.92,7076.92,6967.97,144390000.0,-1.01
2017-04-17,7011.73,7005.4,7022.03,6993.13,181610000.0,0.09
2017-04-18,6942.38,7011.73,7022.44,6937.38,178840000.0,-0.99
2017-04-19,6948.06,6942.38,6953.49,6916.02,129820000.0,0.08
2017-04-20,6899.0,6948.06,6948.07,6886.39,168470000.0,-0.71
2017-04-23,6968.75,6899.0,7017.08,6899.78,192610000.0,1.01
2017-04-24,6977.54,6968.75,6977.54,6935.02,118390000.0,0.13
2017-04-25,6915.89,6977.54,6977.54,6893.84,195950000.0,-0.88
2017-04-26,6917.03,6915.89,6937.03,6905.95,175920000.0,0.02
2017-04-27,6945.74,6917.03,6949.63,6902.17,219890000.0,0.42
2017-04-30,7013.47,6945.74,7013.47,6945.74,216120000.0,0.98
2017-05-01,7003.73,7013.47,7035.93,6999.31,210130000.0,-0.14
2017-05-02,7012.81,7003.73,7024.92,6991.07,229160000.0,0.13
2017-05-03,6967.71,7012.81,7015.72,6964.25,177910000.0,-0.64
2017-05-04,6924.08,6967.71,6967.71,6902.12,190560000.0,-0.63
2017-05-07,6857.15,6924.08,6924.72,6851.21,132430000.0,-0.97
2017-05-08,6864.54,6857.15,6873.08,6827.26,128500000.0,0.11
2017-05-09,6918.82,6864.54,6927.15,6851.6,155690000.0,0.79
2017-05-10,6930.32,6918.82,6935.72,6907.76,167610000.0,0.17
2017-05-11,6882.51,6930.32,6932.11,6869.05,174380000.0,-0.69
2017-05-14,6853.12,6882.51,6883.9,6848.09,168760000.0,-0.43
2017-05-15,6891.99,6853.12,6893.83,6849.9,215750000.0,0.57
2017-05-16,6940.48,6891.99,6948.3,6881.53,242450000.0,0.7
2017-05-17,6947.36,6940.48,6951.67,6927.39,294170000.0,0.1
2017-05-18,6938.1,6947.36,6962.98,6929.38,140860000.0,-0.13
2017-05-21,6990.53,6938.1,7009.93,6937.55,158830000.0,0.76
2017-05-22,6987.65,6990.53,6998.13,6972.61,160680000.0,-0.04
2017-05-23,6936.37,6987.65,6987.65,6921.85,143940000.0,-0.73
2017-05-24,6901.43,6936.37,6949.93,6891.85,94570000.0,-0.5
2017-05-25,6871.72,6901.43,6918.45,6870.7,130610000.00000001,-0.43
2017-05-28,6783.39,6871.72,6875.06,6778.04,77620000.0,-1.29
2017-05-29,6821.71,6783.39,6826.15,6765.71,125290000.0,0.56
2017-05-30,6870.62,6821.71,6880.8,6820.89,97720000.0,0.72
2017-05-31,6871.24,6870.62,6894.6,6857.82,89030000.0,0.01
2017-06-01,6863.62,6871.24,6884.67,6863.33,127200000.0,-0.11
2017-06-04,6927.59,6863.62,6932.05,6851.96,115820000.0,0.93
2017-06-05,6964.83,6927.59,6974.51,6873.45,257089999.99999997,0.54
2017-06-06,6933.28,6964.83,6978.52,6925.46,220910000.0,-0.45
2017-06-07,6946.42,6933.28,6951.07,6917.51,310450000.0,0.19
2017-06-08,6865.48,6946.42,6946.42,6865.14,136850000.0,-1.17
2017-06-11,6809.19,6865.48,6880.9,6807.33,122520000.0,-0.82
2017-06-12,6822.43,6809.19,6840.1,6788.26,94610000.0,0.19
2017-06-13,6820.6,6822.43,6827.39,6810.52,79700000.0,-0.03
2017-06-14,6853.54,6820.6,6865.12,6819.52,76200000.0,0.48
2017-06-15,6820.81,6853.54,6855.93,6820.8,88260000.0,-0.48
2017-06-18,6881.39,6820.81,6883.5,6814.88,90760000.0,0.89
2017-06-19,7046.53,6881.39,7077.99,6877.62,123390000.0,2.4
2017-06-20,6952.67,7046.53,7087.07,6931.6,108620000.0,-1.33
2017-06-21,7334.87,6952.67,7336.53,6952.98,369800000.0,5.5
2017-06-22,7425.72,7334.87,7496.74,7277.06,272750000.0,1.24
2017-07-02,7486.31,7425.72,7586.22,7345.61,148440000.0,0.82
2017-07-03,7493.45,7486.31,7493.99,7355.45,146860000.0,0.1
2017-07-04,7299.74,7493.45,7491.89,7295.51,113250000.0,-2.59
2017-07-05,7266.43,7299.74,7318.57,7232.78,115050000.0,-0.46
2017-07-06,7203.99,7266.43,7286.76,7199.56,110660000.0,-0.86
2017-07-09,7166.77,7203.99,7216.91,7161.2,100620000.0,-0.52
2017-07-10,7236.94,7166.77,7266.38,7167.71,195430000.0,0.98
2017-07-11,7245.39,7236.94,7264.82,7234.15,165100000.0,0.12
2017-07-12,7306.58,7245.39,7313.66,7245.39,147080000.0,0.84
2017-07-13,7313.42,7306.58,7365.79,7306.73,149130000.0,0.09
2017-07-16,7348.76,7313.42,7364.15,7313.42,116930000.0,0.48
2017-07-17,7288.89,7348.76,7348.76,7283.5,106530000.0,-0.81
2017-07-18,7254.69,7288.89,7302.56,7253.91,126160000.0,-0.47
2017-07-19,7229.56,7254.69,7261.66,7207.77,125580000.0,-0.35
2017-07-20,7261.13,7229.56,7272.2,7226.57,103510000.0,0.44
2017-07-23,7263.6,7261.13,7284.74,7246.54,91320000.0,0.03
2017-07-24,7252.51,7263.6,7264.61,7234.59,96870000.0,-0.15
2017-07-25,7227.96,7252.51,7253.56,7218.61,88580000.0,-0.34
2017-07-26,7200.43,7227.96,7232.87,7193.89,81510000.0,-0.38
2017-07-27,7175.17,7200.43,7210.14,7142.23,91830000.0,-0.35
2017-07-30,7115.84,7175.17,7175.17,7112.04,91500000.0,-0.83
2017-07-31,7094.17,7115.84,7116.15,7076.75,97630000.0,-0.3
2017-08-01,7109.27,7094.17,7132.13,7094.17,111680000.0,0.21
2017-08-02,7080.87,7109.27,7110.68,7058.71,102900000.0,-0.4
2017-08-03,7085.56,7080.87,7094.35,7069.25,113280000.0,0.07
2017-08-06,7094.28,7085.56,7114.61,7079.49,95220000.0,0.12
2017-08-07,7113.37,7094.28,7124.53,7075.12,126880000.0,0.27
2017-08-08,7145.54,7113.37,7152.02,7108.1,134890000.0,0.45
2017-08-09,7153.17,7145.54,7180.88,7144.07,141860000.0,0.11
2017-08-10,7164.64,7153.17,7175.42,7149.53,148850000.0,0.16
2017-08-13,7148.21,7164.64,7171.23,7142.17,141780000.0,-0.23
2017-08-14,7125.47,7148.21,7148.21,7121.62,128919999.99999999,-0.32
2017-08-15,7103.24,7125.47,7134.11,7099.68,157640000.0,-0.31
2017-08-16,7128.35,7103.24,7128.65,7091.63,121030000.0,0.35
2017-08-17,7179.34,7128.35,7180.44,7125.53,139840000.0,0.72
2017-08-20,7209.24,7179.34,7234.73,7174.9,121840000.0,0.42
2017-08-21,7225.38,7209.24,7246.29,7204.31,119230000.0,0.22
2017-08-22,7253.52,7225.38,7262.67,7219.85,107020000.0,0.39
2017-08-23,7263.75,7253.52,7289.22,7252.85,129759999.99999999,0.14
2017-08-24,7245.66,7263.75,7273.09,7239.48,96990000.0,-0.25
2017-08-27,7225.18,7245.66,7259.18,7223.39,72830000.0,-0.28
2017-08-28,7261.84,7225.18,7265.05,7220.62,95380000.0,0.51
2017-08-29,7258.64,7261.84,7274.43,7241.37,97600000.0,-0.04
2017-09-06,7306.12,7258.64,7307.23,7258.64,65170000.0,0.65
2017-09-07,7360.61,7306.12,7362.66,7284.93,93940000.0,0.75
2017-09-10,7377.95,7360.61,7383.86,7345.55,114810000.0,0.24
2017-09-11,7411.3,7377.95,7418.2,7377.69,128669999.99999999,0.45
2017-09-12,7399.98,7411.3,7428.86,7386.51,115310000.0,-0.15
2017-09-13,7379.62,7399.98,7403.78,7359.9,103910000.0,-0.28
2017-09-14,7373.17,7379.62,7389.27,7353.15,102230000.0,-0.09
2017-09-17,7403.02,7373.17,7405.54,7373.17,131289999.99999999,0.4
2017-09-18,7393.39,7403.02,7427.28,7391.83,142950000.0,-0.13
2017-09-19,7351.15,7393.39,7411.96,7343.15,127370000.0,-0.57
2017-09-20,7319.84,7351.15,7352.62,7289.28,296300000.0,-0.43
2017-09-21,7326.32,7319.84,7346.51,7319.77,87610000.0,0.09
2017-09-25,7224.13,7326.32,7329.01,7218.2,95660000.0,-1.39
2017-09-26,7240.1,7224.13,7272.53,7224.13,94880000.0,0.22
2017-09-27,7233.31,7240.1,7250.9,7207.29,106400000.0,-0.09
2017-09-28,7283.01,7233.31,7284.79,7224.73,126330000.0,0.69
2017-10-01,7233.84,7283.01,7281.45,7192.79,137690000.0,-0.68
2017-10-02,7224.1,7233.84,7245.37,7210.13,120370000.0,-0.13
2017-10-03,7244.38,7224.1,7258.05,7211.73,116960000.0,0.28
2017-10-04,7285.75,7244.38,7288.29,7242.96,134360000.0,0.57
2017-10-05,7259.22,7285.75,7296.24,7235.95,112950000.0,-0.36
2017-10-08,7194.06,7259.22,7258.91,7189.53,110450000.0,-0.9
2017-10-09,7114.01,7194.06,7196.42,7100.2,116210000.0,-1.11
2017-10-10,7041.28,7114.01,7124.38,7034.9,116890000.0,-1.02
2017-10-11,6889.98,7041.28,7042.05,6878.6,147550000.0,-2.15
2017-10-12,6987.76,6889.98,6988.3,6846.94,160360000.0,1.42
2017-10-15,6937.94,6987.76,7012.56,6935.87,100650000.0,-0.71
2017-10-16,6976.97,6937.94,6976.97,6925.49,141540000.0,0.56
2017-10-17,6992.3,6976.97,6992.44,6955.75,108330000.0,0.22
2017-10-18,6941.78,6992.3,6995.79,6929.3,121890000.0,-0.72
2017-10-19,7011.26,6941.78,7013.99,6947.08,156240000.0,1.0
2017-10-22,6975.06,7011.26,7031.1,6958.84,122800000.0,-0.52
2017-10-23,6886.26,6975.06,6975.82,6849.92,138290000.0,-1.27
2017-10-24,6884.9,6886.26,6904.87,6819.26,139470000.0,-0.02
2017-10-25,6905.82,6884.9,6912.01,6864.66,118020000.0,0.3
2017-10-26,6910.65,6905.82,6911.9,6872.4,160380000.0,0.07
2017-10-29,6956.47,6910.65,6956.89,6900.46,146370000.0,0.66
2017-10-30,6945.28,6956.47,6988.64,6935.87,180760000.0,-0.16
2017-10-31,6934.37,6945.28,6947.74,6899.09,178530000.0,-0.16
2017-11-01,6948.49,6934.37,6951.72,6927.88,156530000.0,0.2
2017-11-02,6956.51,6948.49,6959.62,6933.71,182900000.0,0.12
2017-11-05,6978.73,6956.51,6980.49,6801.05,232400000.0,0.32
2017-11-06,6984.87,6978.73,6989.4,6859.34,207630000.0,0.09
2017-11-07,6933.46,6984.87,6984.87,6770.37,287450000.0,-0.74
2017-11-08,6936.49,6933.46,6936.6,6856.5,193370000.0,0.04
2017-11-09,6954.38,6936.49,6960.28,6882.81,206730000.0,0.26
2017-11-12,6933.09,6954.38,6954.56,6849.39,180280000.0,-0.31
2017-11-13,6961.52,6933.09,6961.53,6877.98,186260000.0,0.41
2017-11-14,6979.28,6961.52,6983.13,6942.25,192140000.0,0.26
2017-11-15,6912.35,6979.28,6981.81,6901.75,208420000.0,-0.96
2017-11-16,6913.46,6912.35,6919.02,6850.9,203890000.0,0.02
2017-11-19,6872.16,6913.46,6913.55,6859.29,146530000.0,-0.6
2017-11-20,6804.23,6872.16,6881.65,6804.23,126630000.0,-0.99
2017-11-21,6778.32,6804.23,6811.85,6752.65,130830000.00000001,-0.38
2017-11-22,6822.45,6778.32,6825.86,6778.32,132050000.00000001,0.65
2017-11-23,6878.21,6822.45,6882.48,6819.78,155720000.0,0.82
2017-11-26,6933.77,6878.21,6945.43,6877.19,141660000.0,0.81
2017-11-27,6939.21,6933.77,6981.94,6925.98,210170000.0,0.08
2017-11-28,6967.35,6939.21,6975.6,6938.99,175240000.0,0.41
2017-11-29,6972.04,6967.35,7001.53,6962.69,196980000.0,0.07
2017-11-30,7003.97,6972.04,7004.18,6961.42,168960000.0,0.46
2017-12-03,7089.33,7003.97,7099.39,7004.91,237240000.0,1.22
2017-12-04,7103.08,7089.33,7120.45,7076.77,256290000.00000003,0.19
2017-12-05,7067.13,7103.08,7103.08,7052.39,214510000.0,-0.51
2017-12-06,7026.06,7067.13,7067.45,7023.88,232660000.0,-0.58
2017-12-07,7085.51,7026.06,7086.69,7007.05,342990000.0,0.85
2017-12-10,7144.74,7085.51,7151.46,7083.65,330890000.0,0.84
2017-12-11,7100.46,7144.74,7155.45,7098.83,305140000.0,-0.62
2017-12-12,7123.06,7100.46,7132.56,7087.89,298240000.0,0.32
2017-12-13,7094.11,7123.06,7127.92,7077.41,250590000.0,-0.41
2017-12-14,7075.72,7094.11,7116.17,7064.16,225620000.0,-0.26
2017-12-17,7093.21,7075.72,7099.25,7063.92,206200000.0,0.25
2017-12-18,7191.58,7093.21,7193.13,7092.67,242370000.0,1.39
2017-12-19,7199.41,7191.58,7219.75,7162.65,224730000.0,0.11
2017-12-20,7212.62,7199.41,7232.07,7181.08,180820000.0,0.18
2017-12-21,7209.71,7212.62,7233.3,7197.34,167960000.0,-0.04
2017-12-24,7181.46,7209.71,7215.96,7181.12,150440000.0,-0.39
2017-12-25,7146.37,7181.46,7182.87,7142.4,166310000.0,-0.49
2017-12-26,7177.55,7146.37,7180.84,7130.33,187780000.0,0.44
2017-12-27,7201.21,7177.55,7219.86,7176.33,238230000.0,0.33
2017-12-28,7230.61,7201.21,7236.47,7197.97,242900000.0,0.41
2017-12-31,7226.32,7230.61,7271.89,7215.03,264209999.99999997,-0.06
2018-01-01,7194.15,7226.32,7228.66,7154.53,187990000.0,-0.45
2018-01-02,7171.74,7194.15,7212.95,7167.64,255200000.0,-0.31
2018-01-03,7224.29,7171.74,7224.5,7148.79,244550000.0,0.73
2018-01-04,7277.06,7224.29,7283.37,7225.23,228500000.0,0.73
2018-01-07,7317.65,7277.06,7330.84,7275.9,178790000.0,0.56
2018-01-08,7310.26,7317.65,7338.75,7308.66,156860000.0,-0.1
2018-01-09,7290.96,7310.26,7318.24,7277.41,167960000.0,-0.26
2018-01-10,7300.37,7290.96,7303.54,7282.81,158780000.0,0.13
2018-01-11,7338.04,7300.37,7338.53,7297.12,166740000.0,0.52
2018-01-14,7439.64,7338.04,7442.03,7340.55,203220000.0,1.38
2018-01-15,7483.23,7439.64,7487.96,7438.9,188830000.0,0.59
2018-01-16,7531.56,7483.23,7546.22,7482.81,182820000.0,0.65
2018-01-17,7539.74,7531.56,7550.3,7507.7,159920000.0,0.11
2018-01-18,7539.02,7539.74,7560.7,7512.07,204910000.0,-0.01
2018-01-21,7513.3,7539.02,7540.97,7503.86,164630000.0,-0.34
2018-01-22,7480.89,7513.3,7526.22,7480.3,158080000.0,-0.43
2018-01-23,7493.9,7480.89,7516.81,7473.36,181560000.0,0.17
2018-01-24,7479.09,7493.9,7500.85,7471.11,175320000.0,-0.2
2018-01-25,7521.64,7479.09,7525.26,7474.99,159720000.0,0.57
2018-01-28,7538.38,7521.64,7545.57,7502.1,181900000.0,0.22
2018-01-29,7568.36,7538.38,7579.76,7539.32,273710000.0,0.4
2018-01-30,7631.17,7568.36,7631.18,7561.19,215790000.0,0.83
2018-01-31,7650.12,7631.17,7702.25,7615.41,230430000.0,0.25
2018-02-01,7656.07,7650.12,7671.48,7625.48,184100000.0,0.08
2018-02-04,7608.33,7656.07,7656.07,7592.42,174130000.0,-0.62
2018-02-05,7587.39,7608.33,7613.32,7558.75,228680000.0,-0.28
2018-02-06,7466.33,7587.39,7587.39,7429.49,221460000.0,-1.6
2018-02-07,7417.17,7466.33,7539.77,7416.88,175020000.0,-0.66
2018-02-08,7403.15,7417.17,7435.33,7385.13,168590000.0,-0.19
2018-02-11,7327.15,7403.15,7414.91,7310.84,146340000.0,-1.03
2018-02-12,7425.57,7327.15,7433.12,7327.52,147080000.0,1.34
2018-02-13,7412.56,7425.57,7452.1,7395.59,151000000.0,-0.18
2018-02-14,7419.71,7412.56,7435.84,7404.18,116200000.0,0.1
2018-02-15,7510.47,7419.71,7518.13,7419.62,153620000.0,1.22
2018-02-18,7508.44,7510.47,7554.96,7498.42,163270000.0,-0.03
2018-02-19,7528.24,7508.44,7529.74,7496.01,147650000.0,0.26
2018-02-20,7506.09,7528.24,7549.96,7500.23,120200000.0,-0.29
2018-02-21,7505.62,7506.09,7529.54,7496.41,112280000.0,-0.01
2018-02-22,7525.22,7505.62,7528.13,7459.39,144340000.0,0.26
2018-02-25,7493.63,7525.22,7553.69,7487.83,154220000.0,-0.42
2018-02-26,7471.9,7493.63,7496.87,7466.84,110570000.0,-0.29
2018-02-27,7465.47,7471.9,7491.89,7461.01,114450000.0,-0.09
2018-02-28,7418.8,7465.47,7465.47,7401.67,137030000.0,-0.63
2018-03-01,7411.16,7418.8,7421.24,7389.23,168770000.0,-0.1
2018-03-04,7368.85,7411.16,7421.06,7363.45,132229999.99999999,-0.57
2018-03-05,7366.83,7368.85,7391.58,7336.41,122660000.0,-0.03
2018-03-06,7437.61,7366.83,7447.09,7365.24,133080000.00000001,0.96
2018-03-07,7453.17,7437.61,7461.97,7434.58,106440000.0,0.21
2018-03-08,7562.11,7453.17,7565.86,7452.51,129970000.0,1.46
2018-03-11,7696.07,7562.11,7699.56,7562.74,184210000.0,1.77
2018-03-12,7780.83,7696.07,7827.24,7695.78,263829999.99999997,1.1
2018-03-13,7778.05,7780.83,7839.28,7752.76,179550000.0,-0.04
2018-03-14,7775.42,7778.05,7789.33,7761.59,159670000.0,-0.03
2018-03-15,7744.68,7775.42,7775.42,7711.99,177140000.0,-0.4
2018-03-18,7728.06,7744.68,7776.69,7714.17,162690000.0,-0.21
2018-03-19,7710.57,7728.06,7732.0,7699.88,176240000.0,-0.23
2018-03-20,7724.79,7710.57,7746.21,7677.95,164620000.0,0.18
2018-03-21,7761.74,7724.79,7769.87,7724.36,186440000.0,0.48
2018-03-22,7840.94,7761.74,7847.63,7757.78,213220000.0,1.02
2018-03-25,7842.63,7840.94,7870.79,7828.84,187370000.0,0.02
2018-03-26,7857.46,7842.63,7867.48,7799.31,173590000.0,0.19
2018-03-27,7942.54,7857.46,7946.98,7852.45,181170000.0,1.08
2018-03-28,7900.28,7942.54,7950.7,7866.79,175740000.0,-0.53
2018-03-29,7870.87,7900.28,7985.75,7821.76,191580000.0,-0.37
2018-04-01,7800.88,7870.87,7888.75,7798.81,167720000.0,-0.89
2018-04-02,7783.48,7800.88,7803.29,7751.52,191840000.0,-0.22
2018-04-03,7799.77,7783.48,7799.79,7747.47,224090000.0,0.21
2018-04-04,7871.67,7799.77,7876.92,7799.77,249540000.0,0.92
2018-04-05,7953.36,7871.67,7960.37,7870.78,229790000.0,1.04
2018-04-08,7968.44,7953.36,7985.7,7945.12,205670000.0,0.19
2018-04-09,7975.45,7968.44,8023.22,7961.94,215740000.0,0.09
2018-04-10,7951.42,7975.45,7990.34,7942.54,161690000.0,-0.3
2018-04-11,7802.74,7951.42,7980.47,7771.15,271750000.0,-1.87
2018-04-12,7824.12,7802.74,7858.65,7789.57,189270000.0,0.27
2018-04-15,7972.51,7824.12,7975.48,7824.43,189250000.0,1.9
2018-04-16,8050.3,7972.51,8053.48,7968.18,212260000.0,0.98
2018-04-17,8096.4,8050.3,8104.21,8039.43,240340000.0,0.57
2018-04-18,8146.13,8096.4,8147.57,8083.99,242730000.0,0.61
2018-04-19,8277.14,8146.13,8278.04,8138.41,250260000.0,1.61
2018-04-22,8256.6,8277.14,8295.63,8238.14,208540000.0,-0.25
2018-04-23,8335.35,8256.6,8339.33,8255.99,255830000.0,0.95
2018-04-24,8315.42,8335.35,8345.19,8253.57,295160000.0,-0.24
2018-04-25,8233.05,8315.42,8315.42,8231.18,213190000.0,-0.99
2018-04-26,8248.47,8233.05,8253.86,8165.49,205250000.0,0.19
2018-04-29,8224.94,8248.47,8279.55,8222.45,206880000.0,-0.29
2018-04-30,8208.87,8224.94,8237.48,8188.12,212700000.0,-0.2
2018-05-01,8158.06,8208.87,8208.87,8110.71,197540000.0,-0.62
2018-05-02,8098.75,8158.06,8172.33,8097.52,199390000.0,-0.73
2018-05-03,8107.47,8098.75,8113.56,8065.4,178690000.0,0.11
2018-05-06,8113.87,8107.47,8171.02,8107.47,161890000.0,0.08
2018-05-07,8117.42,8113.87,8122.85,8083.99,158920000.0,0.04
2018-05-08,8012.59,8117.42,8117.57,7983.37,191450000.0,-1.29
2018-05-09,7878.29,8012.59,8034.19,7858.7,187430000.0,-1.68
2018-05-10,7914.27,7878.29,7931.39,7811.12,187040000.0,0.46
2018-05-13,8023.01,7914.27,8025.07,7914.27,182350000.0,1.37
2018-05-14,8070.69,8023.01,8079.91,8019.49,237390000.0,0.59
2018-05-15,8039.29,8070.69,8096.97,8027.4,184180000.0,-0.39
2018-05-16,7958.47,8039.29,8048.11,7953.52,173510000.0,-1.01
2018-05-17,8016.85,7958.47,8025.23,7942.26,126450000.0,0.73
2018-05-20,8018.06,8016.85,8060.14,8005.42,117070000.0,0.02
2018-05-21,7996.43,8018.06,8022.5,7982.07,105730000.0,-0.27
2018-05-22,8044.67,7996.43,8046.07,7969.5,129630000.0,0.6
2018-05-23,8039.05,8044.67,8071.55,8018.48,137470000.0,-0.07
2018-05-24,8037.81,8039.05,8050.55,8000.63,142050000.0,-0.02
2018-05-27,7972.05,8037.81,8044.0,7966.57,101480000.0,-0.82
2018-05-28,7962.77,7972.05,7977.66,7948.37,138070000.0,-0.12
2018-05-29,7999.59,7962.77,8016.69,7959.89,138990000.0,0.46
2018-05-30,8009.55,7999.59,8043.62,7976.65,134860000.0,0.12
2018-05-31,8161.08,8009.55,8176.51,8015.67,196580000.0,1.89
2018-06-03,8329.55,8161.08,8329.55,8161.08,181640000.0,2.06
2018-06-04,8335.39,8329.55,8433.8,8309.85,175460000.0,0.07
2018-06-05,8406.9,8335.39,8406.9,8328.69,138220000.0,0.86
2018-06-06,8383.23,8406.9,8461.0,8343.64,155630000.0,-0.28
2018-06-07,8344.39,8383.23,8396.09,8297.06,138530000.0,-0.46
2018-06-10,8278.51,8344.39,8354.87,8249.19,117200000.0,-0.79
2018-06-11,8243.97,8278.51,8295.09,8216.28,111810000.0,-0.42
2018-06-12,8270.46,8243.97,8278.48,8219.27,100340000.0,0.32
2018-06-20,8166.3,8270.46,8283.5,8157.5,80320000.0,-1.26
2018-06-21,8206.4,8166.3,8229.93,8154.36,76080000.0,0.49
2018-06-24,8350.96,8206.4,8362.77,8224.22,115690000.0,1.76
2018-06-25,8342.35,8350.96,8360.44,8317.27,145680000.0,-0.1
2018-06-26,8298.89,8342.35,8330.98,8279.45,124680000.0,-0.52
2018-06-27,8317.27,8298.89,8318.7,8293.74,118640000.0,0.22
2018-06-28,8314.19,8317.27,8339.09,8286.12,154450000.0,-0.04
2018-07-01,8339.86,8314.19,8355.91,8322.18,152350000.0,0.31
2018-07-02,8274.98,8339.86,8345.18,8266.61,162450000.0,-0.78
2018-07-03,8235.56,8274.98,8286.39,8220.88,121270000.0,-0.48
2018-07-04,8247.39,8235.56,8252.27,8200.99,107900000.0,0.14
2018-07-05,8177.61,8247.39,8249.76,8174.96,133400000.0,-0.85
2018-07-08,8222.53,8177.61,8222.53,8167.37,105520000.0,0.55
2018-07-09,8326.59,8222.53,8329.63,8218.82,124010000.0,1.27
2018-07-10,8417.91,8326.59,8425.51,8324.09,141120000.0,1.1
2018-07-11,8388.66,8417.91,8426.15,8367.86,115570000.0,-0.35
2018-07-12,8362.41,8388.66,8372.11,8324.36,106460000.0,-0.31
2018-07-15,8405.09,8362.41,8408.91,8357.58,109230000.0,0.51
2018-07-16,8490.75,8405.09,8490.75,8400.21,124480000.0,1.02
2018-07-17,8462.59,8490.75,8483.22,8437.67,106020000.0,-0.33
2018-07-18,8452.3,8462.59,8471.14,8435.55,107310000.0,-0.12
2018-07-19,8449.97,8452.3,8457.31,8426.93,111740000.0,-0.03
2018-07-22,8466.62,8449.97,8487.13,8450.05,104960000.0,0.2
2018-07-23,8448.48,8466.62,8502.92,8444.74,160800000.0,-0.21
2018-07-24,8405.82,8448.48,8455.75,8402.6,125760000.0,-0.5
2018-07-25,8399.83,8405.82,8420.32,8389.01,105280000.0,-0.07
2018-07-26,8367.7,8399.83,8404.95,8346.79,120840000.0,-0.38
2018-07-29,8307.42,8367.7,8372.34,8286.42,144090000.0,-0.72
2018-07-30,8309.37,8307.42,8334.31,8284.69,158520000.0,0.02
2018-07-31,8294.83,8309.37,8332.61,8293.73,132039999.99999999,-0.17
2018-08-01,8288.98,8294.83,8313.57,8284.98,125160000.0,-0.07
2018-08-02,8253.54,8288.98,8288.55,8232.36,126610000.0,-0.43
2018-08-05,8242.71,8253.54,8262.86,8230.9,131090000.0,-0.13
2018-08-06,8230.13,8242.71,8250.48,8221.16,145750000.0,-0.15
2018-08-07,8242.82,8230.13,8242.82,8208.82,155780000.0,0.15
2018-08-08,8210.29,8242.82,8258.34,8205.46,155660000.0,-0.39
2018-08-09,8176.18,8210.29,8205.1,8165.9,171670000.0,-0.42
2018-08-12,8064.92,8176.18,8141.4,8056.79,133750000.0,-1.36
2018-08-13,7872.79,8064.92,8062.67,7839.58,141740000.0,-2.38
2018-08-14,7893.18,7872.79,7962.93,7862.88,126790000.0,0.26
2018-08-15,7865.68,7893.18,7912.94,7834.48,90880000.0,-0.35
2018-08-16,7867.16,7865.68,7867.16,7826.34,92390000.0,0.02
2018-08-26,7978.83,7903.85,7988.1,7903.53,74680000.0,1.42
2018-08-27,8000.13,7978.83,8045.16,7967.83,76840000.0,0.27
2018-08-28,8036.56,8000.13,8036.56,8002.76,90180000.0,0.46
2018-08-29,8018.54,8036.56,8037.05,7970.59,94150000.0,-0.22
2018-08-30,7948.25,8018.54,8015.21,7921.99,87810000.0,-0.88
2018-09-02,7915.07,7948.25,7943.7,7876.7,91690000.0,-0.42
2018-09-03,7942.43,7915.07,7955.28,7914.4,90250000.0,0.35
2018-09-04,7968.24,7942.43,8002.38,7934.99,109590000.0,0.32
2018-09-05,7719.1,7968.24,7976.52,7601.82,176140000.0,-3.13
2018-09-06,7687.76,7719.1,7754.94,7552.47,159040000.0,-0.41
2018-09-09,7729.07,7687.76,7737.19,7616.32,94700000.0,0.54
2018-09-10,7706.34,7729.07,7775.54,7684.18,104480000.0,-0.29
2018-09-11,7693.07,7706.34,7719.14,7675.14,79710000.0,-0.17
2018-09-12,7635.38,7693.07,7726.68,7600.05,104240000.0,-0.75
2018-09-13,7590.65,7635.38,7631.27,7535.43,92330000.0,-0.59
2018-09-16,7469.81,7590.65,7601.92,7451.46,116830000.0,-1.59
2018-09-17,7609.65,7469.81,7609.68,7407.27,142020000.0,1.87
2018-09-18,7643.4,7609.65,7667.8,7581.52,124370000.0,0.44
2018-09-19,7729.65,7643.4,7732.26,7637.05,118250000.0,1.13
2018-09-20,7768.31,7729.65,7769.33,7706.61,103020000.0,0.5
2018-09-25,7905.27,7768.31,7908.42,7782.09,121410000.0,1.76
2018-09-26,7893.55,7905.27,7940.64,7867.9,114230000.0,-0.15
2018-09-27,7898.68,7893.55,7930.45,7882.68,169080000.0,0.06
2018-09-30,7999.54,7898.68,8007.33,7915.11,118760000.0,1.28
2018-10-01,8038.07,7999.54,8038.59,7987.74,124580000.0,0.48
2018-10-02,7981.19,8038.07,8062.28,7967.17,133850000.0,-0.71
2018-10-03,8008.55,7981.19,8010.47,7940.43,126530000.0,0.34
2018-10-04,7997.61,8008.55,8028.36,7982.06,104150000.0,-0.14
2018-10-07,7893.62,7997.61,8005.31,7869.4,129960000.00000001,-1.3
2018-10-08,7939.17,7893.62,7943.98,7862.21,117920000.0,0.58
2018-10-09,7904.74,7939.17,7948.31,7896.34,117700000.0,-0.43
2018-10-10,7834.79,7904.74,7907.87,7824.89,103230000.0,-0.88
2018-10-11,7530.8,7834.79,7834.48,7511.23,171590000.0,-3.88
2018-10-14,7266.59,7530.8,7471.84,7001.94,251110000.0,-3.51
2018-10-15,7567.57,7266.59,7567.57,7305.9,225840000.0,4.14
2018-10-16,7666.8,7567.57,7666.8,7262.65,286060000.0,1.31
2018-10-17,7657.87,7666.8,7702.99,7628.58,156650000.0,-0.12
2018-10-18,7648.15,7657.87,7673.99,7620.35,114550000.0,-0.13
2018-10-21,7660.21,7648.15,7660.21,7355.47,188750000.0,0.16
2018-10-22,7648.64,7660.21,7648.64,7403.79,211140000.0,-0.15
2018-10-23,7549.77,7648.64,7701.11,7514.84,198100000.0,-1.29
2018-10-24,7512.52,7549.77,7613.94,7503.36,127660000.0,-0.49
2018-10-25,7835.55,7512.52,7854.25,7574.03,319600000.0,4.3
2018-10-28,7802.65,7835.55,7837.75,7767.75,129590000.0,-0.42
2018-10-29,7847.51,7802.65,7904.97,7818.25,187570000.0,0.57
2018-10-30,7832.98,7847.51,7861.89,7813.39,148330000.0,-0.19
2018-10-31,7907.01,7832.98,7917.99,7836.74,182290000.0,0.95
2018-11-01,7879.37,7907.01,7924.48,7868.05,166160000.0,-0.35
2018-11-04,7846.93,7879.37,7887.26,7839.46,117110000.0,-0.41
2018-11-05,7802.27,7846.93,7853.48,7784.75,138680000.0,-0.57
2018-11-06,7812.34,7802.27,7836.24,7798.57,127050000.0,0.13
2018-11-07,7792.56,7812.34,7818.65,7780.77,133110000.00000001,-0.25
2018-11-08,7743.39,7792.56,7802.16,7743.39,123110000.0,-0.63
2018-11-11,7711.11,7743.39,7735.8,7657.06,123690000.0,-0.42
2018-11-12,7774.99,7711.11,7774.99,7714.41,125540000.0,0.83
2018-11-13,7750.95,7774.99,7786.09,7731.79,141690000.0,-0.31
2018-11-14,7659.88,7750.95,7701.45,7642.66,151800000.0,-1.17
2018-11-15,7662.17,7659.88,7684.9,7628.69,128500000.0,0.03
2018-11-18,7496.91,7662.17,7664.41,7494.94,142750000.0,-2.16
2018-11-19,7560.13,7496.91,7570.41,7473.27,120750000.0,0.84
2018-11-20,7504.94,7560.13,7567.39,7504.94,106010000.0,-0.73
2018-11-21,7514.36,7504.94,7514.76,7464.04,119590000.0,0.13
2018-11-22,7607.32,7514.36,7608.01,7522.02,124510000.0,1.24
2018-11-25,7512.57,7607.32,7579.71,7501.52,101840000.0,-1.25
2018-11-26,7528.9,7512.57,7548.78,7517.61,96130000.0,0.22
2018-11-27,7573.48,7528.9,7578.63,7536.49,104960000.0,0.59
2018-11-28,7632.5,7573.48,7640.43,7575.39,151370000.0,0.78
2018-11-29,7702.99,7632.5,7702.99,7628.48,155580000.0,0.92
2018-12-02,7845.02,7702.99,7853.69,7715.79,130470000.0,1.84
2018-12-03,7916.79,7845.02,7931.56,7867.76,159250000.0,0.91
2018-12-04,7905.12,7916.79,7921.51,7886.23,165960000.0,-0.15
2018-12-05,7883.63,7905.12,7892.24,7823.25,118030000.0,-0.27
2018-12-06,7848.98,7883.63,7872.72,7828.25,144840000.0,-0.44
2018-12-09,7839.27,7848.98,7875.41,7828.39,95880000.0,-0.12
2018-12-10,7819.67,7839.27,7851.93,7804.62,98160000.0,-0.25
2018-12-11,7838.94,7819.67,7838.94,7793.0,99340000.0,0.25
2018-12-12,7890.09,7838.94,7890.09,7840.93,126480000.0,0.65
2018-12-13,7914.29,7890.09,7926.79,7888.92,105400000.0,0.31
2018-12-16,7908.07,7914.29,7920.1,7872.46,135270000.0,-0.08
2018-12-17,7968.26,7908.07,7972.17,7914.05,136390000.0,0.76
2018-12-18,7943.39,7968.26,7975.24,7934.3,127230000.0,-0.31
2018-12-19,7860.35,7943.39,7925.45,7854.5,112420000.0,-1.05
2018-12-20,7753.36,7860.35,7851.81,7724.21,133320000.0,-1.36
2018-12-23,7730.58,7753.36,7732.94,7589.23,115700000.0,-0.29
2018-12-24,7764.51,7730.58,7773.83,7722.35,110400000.0,0.44
2018-12-25,7717.75,7764.51,7724.88,7677.3,114090000.0,-0.6
2018-12-26,7710.93,7717.75,7740.49,7698.44,88170000.0,-0.09
2018-12-27,7749.32,7710.93,7813.85,7749.32,97410000.0,0.5
2018-12-30,7809.77,7749.32,7814.87,7763.32,64420000.0,0.78
2018-12-31,7826.73,7809.77,7837.92,7806.62,75260000.0,0.22
2019-01-01,7798.39,7826.73,7832.24,7795.02,62440000.0,-0.36
2019-01-02,7790.86,7798.39,7795.83,7765.84,66310000.0,-0.1
2019-01-03,7830.47,7790.86,7834.53,7774.88,72170000.0,0.51
2019-01-06,7932.24,7830.47,7933.9,7894.05,98080000.0,1.3
2019-01-07,8047.58,7932.24,8050.72,7936.02,130100000.0,1.45
2019-01-08,8057.04,8047.58,8071.97,8007.34,139840000.0,0.12
2019-01-09,8146.68,8057.04,8146.68,8058.03,141930000.0,1.11
2019-01-10,8210.16,8146.68,8230.13,8153.88,134560000.0,0.78
2019-01-13,8291.66,8210.16,8310.99,8195.05,118550000.0,0.99
2019-01-14,8270.55,8291.66,8306.51,8262.87,121520000.0,-0.25
2019-01-15,8347.25,8270.55,8352.62,8261.97,117890000.0,0.93
2019-01-16,8406.47,8347.25,8423.62,8356.88,137610000.0,0.71
2019-01-17,8448.02,8406.47,8448.02,8380.58,107180000.0,0.49
2019-01-20,8383.52,8448.02,8468.62,8372.51,104900000.0,-0.76
2019-01-21,8402.04,8383.52,8402.04,8267.63,173720000.0,0.22
2019-01-22,8399.4,8402.04,8419.71,8386.43,114270000.0,-0.03
2019-01-23,8466.1,8399.4,8466.1,8406.08,115250000.0,0.79
2019-01-24,8434.89,8466.1,8456.43,8420.28,106390000.0,-0.37
2019-01-27,8509.43,8434.89,8528.3,8408.84,166690000.0,0.88
2019-01-28,8623.93,8509.43,8623.93,8504.78,199580000.0,1.35
2019-01-29,8581.48,8623.93,8635.59,8539.6,152130000.0,-0.49
2019-01-30,8583.63,8581.48,8604.01,8556.43,152170000.0,0.03
2019-01-31,8559.95,8583.63,8623.18,8559.95,149820000.0,-0.28
2019-02-03,8526.71,8559.95,8590.66,8514.63,109550000.0,-0.39
2019-02-04,8520.64,8526.71,8568.61,8506.78,108300000.0,-0.07
2019-02-05,8623.92,8520.64,8624.77,8523.98,131289999.99999999,1.21
2019-02-06,8633.33,8623.92,8677.73,8616.5,125900000.0,0.11
2019-02-07,8612.84,8633.33,8648.79,8609.26,101430000.0,-0.24
2019-02-10,8573.21,8612.84,8633.77,8558.43,91360000.0,-0.46
2019-02-11,8543.39,8573.21,8586.86,8531.39,91530000.0,-0.35
2019-02-12,8600.32,8543.39,8600.32,8532.35,119740000.0,0.67
2019-02-13,8617.22,8600.32,8661.31,8600.9,104580000.0,0.2
2019-02-14,8626.28,8617.22,8630.01,8579.1,92490000.0,0.11
2019-02-17,8592.01,8626.28,8635.98,8589.03,77330000.0,-0.4
2019-02-18,8569.83,8592.01,8607.45,8562.65,123100000.0,-0.26
2019-02-19,8516.6,8569.83,8570.77,8506.26,105880000.0,-0.62
2019-02-20,8567.24,8516.6,8567.24,8509.32,75200000.0,0.59
2019-02-21,8547.48,8567.24,8573.82,8512.72,77320000.0,-0.23
2019-02-24,8513.27,8547.48,8556.25,8513.27,93870000.0,-0.4
2019-02-25,8433.09,8513.27,8515.51,8410.34,112050000.0,-0.94
2019-02-26,8456.22,8433.09,8456.95,8375.44,81850000.0,0.27
2019-02-27,8472.5,8456.22,8472.5,8389.99,104280000.0,0.19
2019-02-28,8492.7,8472.5,8502.42,8444.31,111640000.0,0.24
2019-03-03,8534.27,8492.7,8554.72,8497.18,112920000.0,0.49
2019-03-04,8565.42,8534.27,8565.42,8517.21,112200000.0,0.37
2019-03-05,8561.37,8565.42,8567.16,8539.4,118910000.0,-0.05
2019-03-06,8534.16,8561.37,8560.38,8516.0,99040000.0,-0.32
2019-03-07,8479.16,8534.16,8524.55,8437.93,119020000.0,-0.64
2019-03-10,8465.75,8479.16,8515.25,8461.33,130400000.0,-0.16
2019-03-11,8426.29,8465.75,8466.86,8410.81,113140000.0,-0.47
2019-03-12,8446.07,8426.29,8446.07,8412.16,115380000.0,0.23
2019-03-13,8526.68,8446.07,8526.68,8456.93,136060000.0,0.95
2019-03-14,8582.88,8526.68,8585.7,8536.94,185790000.0,0.66
2019-03-17,8563.44,8582.88,8606.45,8553.37,135470000.0,-0.23
2019-03-18,8653.16,8563.44,8653.16,8539.12,159300000.0,1.05
2019-03-19,8658.95,8653.16,8666.54,8630.13,177610000.0,0.07
2019-03-20,8640.52,8658.95,8655.16,8614.32,164170000.0,-0.21
2019-03-21,8708.66,8640.52,8714.13,8635.17,118730000.0,0.79
2019-03-24,8647.17,8708.66,8686.15,8643.66,115430000.0,-0.71
2019-03-25,8666.69,8647.17,8668.81,8591.03,127640000.0,0.23
2019-03-26,8678.88,8666.69,8685.35,8647.96,130810000.0,0.14
2019-03-27,8766.33,8678.88,8766.33,8667.87,122120000.0,1.01
2019-03-28,8788.84,8766.33,8826.65,8749.24,123030000.0,0.26
2019-03-31,8819.44,8788.84,8826.71,8782.24,108420000.0,0.35
2019-04-01,8896.55,8819.44,8896.55,8816.91,109890000.0,0.87
2019-04-02,8934.69,8896.55,8934.69,8865.25,129979999.99999999,0.43
2019-04-03,8985.48,8934.69,8989.67,8934.99,178060000.0,0.57
2019-04-04,9063.88,8985.48,9065.69,8936.21,141250000.0,0.87
2019-04-07,9011.11,9063.88,9100.83,8988.42,120480000.0,-0.58
2019-04-08,9037.97,9011.11,9037.97,8944.45,117540000.0,0.3
2019-04-09,9047.58,9037.97,9054.45,9022.69,112130000.0,0.11
2019-04-10,9077.2,9047.58,9077.2,9020.38,116310000.0,0.33
2019-04-11,9087.97,9077.2,9099.81,9064.85,132539999.99999999,0.12
2019-04-14,9055.34,9087.97,9083.27,9042.65,100690000.0,-0.36
2019-04-15,9088.13,9055.34,9092.96,9051.27,123840000.0,0.36
2019-04-16,9139.55,9088.13,9141.67,9082.87,133340000.0,0.57
2019-04-17,9238.05,9139.55,9238.05,9133.27,166560000.0,1.08
2019-04-18,9196.53,9238.05,9245.63,9177.63,106730000.0,-0.45
2019-04-21,9239.67,9196.53,9241.18,9182.54,119730000.0,0.47
2019-04-22,9195.02,9239.67,9258.77,9186.09,158640000.0,-0.48
2019-04-23,9227.93,9195.02,9252.79,9195.97,122490000.0,0.36
2019-04-24,9237.77,9227.93,9255.1,9204.16,119590000.0,0.11
2019-04-25,9275.54,9237.77,9275.69,9198.33,176820000.0,0.41
2019-04-28,9265.79,9275.54,9304.71,9249.44,91380000.0,-0.11
2019-04-29,9276.5,9265.79,9288.75,9230.36,108570000.0,0.12
2019-04-30,9304.2,9276.5,9364.83,9279.88,216900000.0,0.3
2019-05-01,9361.96,9304.2,9361.96,9270.51,143160000.0,0.62
2019-05-02,9336.9,9361.96,9403.05,9329.82,139850000.0,-0.27
2019-05-05,9178.96,9336.9,9327.25,9142.09,124840000.0,-1.69
2019-05-06,9043.22,9178.96,9141.63,8866.78,148050000.0,-1.48
2019-05-07,8968.86,9043.22,9082.73,8944.39,106990000.0,-0.82
2019-05-08,8899.8,8968.86,8967.62,8860.51,101000000.0,-0.77
2019-05-09,8856.94,8899.8,8936.12,8801.8,119030000.0,-0.48
2019-05-12,8674.66,8856.94,8855.53,8647.13,111700000.0,-2.06
2019-05-13,8366.64,8674.66,8629.93,8366.64,184470000.0,-3.55
2019-05-14,8374.27,8366.64,8545.35,8189.98,208300000.0,0.09
2019-05-15,8480.7,8374.27,8621.39,8457.76,177730000.0,1.27
2019-05-16,8621.85,8480.7,8621.85,8506.42,137220000.0,1.66
2019-05-19,8525.22,8621.85,8694.12,8511.81,101360000.0,-1.12
2019-05-20,8468.93,8525.22,8531.37,8374.81,125370000.0,-0.66
2019-05-21,8609.35,8468.93,8609.35,8480.58,117710000.0,1.66
2019-05-22,8656.17,8609.35,8718.27,8624.03,160750000.0,0.54
2019-05-23,8531.16,8656.17,8662.96,8494.43,153100000.0,-1.44
2019-05-26,8360.19,8531.16,8539.26,8270.05,106220000.0,-2.0
2019-05-27,8381.97,8360.19,8419.55,8215.29,116560000.0,0.26
2019-05-28,8550.9,8381.97,8550.9,8316.25,731690000.0,2.02
2019-05-29,8413.88,8550.9,8510.36,8366.95,114840000.0,-1.6
2019-05-30,8516.48,8413.88,8516.48,8391.44,95070000.0,1.22
2019-06-09,8699.22,8516.48,8699.22,8549.37,99680000.0,2.15
2019-06-10,8849.21,8699.22,8866.1,8702.34,170000000.0,1.72
2019-06-11,8989.72,8849.21,8989.72,8821.72,178940000.0,1.59
2019-06-12,9084.75,8989.72,9084.75,8948.65,184870000.0,1.06
2019-06-13,8941.54,9084.75,9047.43,8939.72,183480000.0,-1.58
2019-06-16,8886.84,8941.54,8978.27,8864.59,130370000.0,-0.61
2019-06-17,8975.63,8886.84,9001.87,8894.56,218810000.0,1.0
2019-06-18,9000.43,8975.63,9018.71,8924.7,204730000.0,0.28
2019-06-19,8936.26,9000.43,9036.54,8936.26,219110000.0,-0.71
2019-06-20,8869.7,8936.26,8953.39,8812.21,307050000.0,-0.74
2019-06-23,8739.16,8869.7,8884.35,8734.91,111210000.0,-1.47
2019-06-24,8598.97,8739.16,8748.91,8495.8,138030000.0,-1.6
2019-06-25,8649.88,8598.97,8649.88,8532.5,155950000.0,0.59
2019-06-26,8687.08,8649.88,8719.61,8661.17,177390000.0,0.43
2019-06-27,8796.61,8687.08,8811.76,8703.64,100530000.0,1.26
2019-06-30,8821.76,8796.61,8889.0,8813.78,109290000.0,0.29
2019-07-01,8852.69,8821.76,8852.69,8808.62,102870000.0,0.35
2019-07-02,8834.26,8852.69,8861.88,8811.18,119610000.0,-0.21
2019-07-03,8853.47,8834.26,8854.76,8807.34,84280000.0,0.22
2019-07-04,8846.53,8853.47,8880.73,8834.87,87540000.0,-0.08
2019-07-07,8811.11,8846.53,8855.87,8804.89,89280000.0,-0.4
2019-07-08,8827.01,8811.11,8827.01,8767.16,116160000.0,0.18
2019-07-09,8854.49,8827.01,8854.49,8823.93,131490000.00000001,0.31
2019-07-10,8905.57,8854.49,8906.26,8850.94,121120000.0,0.58
2019-07-11,8968.23,8905.57,8970.0,8903.89,135090000.0,0.7
2019-07-14,9015.16,8968.23,9050.56,8974.5,124490000.0,0.52
2019-07-15,9044.21,9015.16,9048.27,8969.85,114430000.0,0.32
2019-07-16,9073.01,9044.21,9090.4,9035.76,125900000.0,0.32
2019-07-17,9075.55,9073.01,9089.43,9053.83,125260000.0,0.03
2019-07-18,9033.83,9075.55,9070.14,9033.83,131199999.99999999,-0.46
2019-07-21,8957.8,9033.83,8986.71,8907.85,109320000.0,-0.84
2019-07-22,8907.46,8957.8,8985.85,8907.46,95930000.0,-0.56
2019-07-23,8796.06,8907.46,8921.18,8796.06,87870000.0,-1.25
2019-07-24,8785.74,8796.06,8838.15,8763.56,89680000.0,-0.12
2019-07-25,8819.0,8785.74,8819.0,8731.72,135180000.0,0.38
2019-07-28,8859.32,8819.0,8859.32,8755.79,80310000.0,0.46
2019-07-29,8729.12,8859.32,8843.62,8714.27,121220000.0,-1.47
2019-07-30,8740.93,8729.12,8771.75,8704.17,108520000.0,0.14
2019-07-31,8732.62,8740.93,8771.11,8723.75,91640000.0,-0.1
2019-08-01,8666.39,8732.62,8719.61,8631.7,87620000.0,-0.76
2019-08-04,8557.09,8666.39,8621.36,8514.74,95570000.0,-1.26
2019-08-05,8465.25,8557.09,8560.03,8441.27,116220000.0,-1.07
2019-08-06,8394.07,8465.25,8412.13,8320.49,120840000.0,-0.84
2019-08-07,8482.95,8394.07,8517.28,8412.94,111430000.0,1.06
2019-08-08,8550.23,8482.95,8554.44,8448.84,118810000.0,0.79
2019-08-18,8527.41,8550.23,8571.63,8505.39,94990000.0,-0.27
2019-08-19,8565.79,8527.41,8625.18,8544.74,118620000.0,0.45
2019-08-20,8589.75,8565.79,8627.47,8574.35,117840000.0,0.28
2019-08-21,8508.93,8589.75,8596.92,8508.93,106710000.0,-0.94
2019-08-22,8445.66,8508.93,8530.4,8371.29,202650000.0,-0.74
2019-08-25,8241.67,8445.66,8410.6,8233.49,99550000.0,-2.42
2019-08-26,8257.86,8241.67,8264.81,8143.4,125950000.0,0.2
2019-08-27,8285.54,8257.86,8320.96,8086.91,766040000.0,0.34
2019-08-28,8171.17,8285.54,8268.78,8149.13,167140000.0,-1.38
2019-08-29,8019.77,8171.17,8193.19,8013.69,146930000.0,-1.85
2019-09-01,7912.3,8019.77,8032.77,7893.45,93700000.0,-1.34
2019-09-02,7971.14,7912.3,7972.98,7857.96,132720000.0,0.74
2019-09-03,7924.18,7971.14,8000.72,7924.18,133470000.0,-0.59
2019-09-04,8058.39,7924.18,8058.39,7929.17,137370000.0,1.69
2019-09-05,8054.75,8058.39,8122.08,8010.35,146050000.0,-0.05
2019-09-08,8050.88,8054.75,8099.63,8040.52,110920000.0,-0.05
2019-09-09,8055.24,8050.88,8055.24,7999.18,104480000.0,0.05
2019-09-10,7965.13,8055.24,8049.93,7939.27,118050000.0,-1.12
2019-09-11,7855.3,7965.13,7953.49,7767.37,121560000.0,-1.38
2019-09-12,7831.8,7855.3,7873.7,7803.63,97310000.0,-0.3
2019-09-15,7749.46,7831.8,7770.92,7589.5,106950000.0,-1.05
2019-09-16,7827.17,7749.46,7835.22,7720.15,121060000.0,1.0
2019-09-17,7770.55,7827.17,7834.09,7713.89,107870000.0,-0.72
2019-09-18,7821.23,7770.55,7835.06,7783.55,104280000.0,0.65
2019-09-19,7926.82,7821.23,7926.82,7769.18,260850000.00000003,1.35
2019-09-22,7954.14,7926.82,7959.52,7884.04,78130000.0,0.34
2019-09-24,8069.55,7954.14,8073.25,7948.93,109720000.0,1.45
2019-09-25,8030.29,8069.55,8073.26,7994.92,129770000.00000001,-0.49
2019-09-26,8028.19,8030.29,8060.03,8010.28,100490000.0,-0.03
2019-09-29,8055.26,8028.19,8068.73,8022.98,86250000.0,0.34
2019-09-30,8091.76,8055.26,8111.61,8059.91,135000000.0,0.45
2019-10-01,8052.71,8091.76,8128.37,8052.71,121900000.0,-0.48
2019-10-02,7984.43,8052.71,8056.33,7964.95,116900000.0,-0.85
2019-10-03,7921.15,7984.43,7957.37,7903.09,111620000.0,-0.79
2019-10-06,7962.77,7921.15,7985.77,7941.12,103920000.0,0.53
2019-10-07,7878.23,7962.77,7973.32,7878.23,106330000.0,-1.06
2019-10-08,7832.93,7878.23,7884.58,7771.34,109800000.0,-0.57
2019-10-09,7715.89,7832.93,7833.03,7715.89,91700000.0,-1.49
2019-10-10,7695.48,7715.89,7727.04,7634.78,89300000.0,-0.26
2019-10-13,7631.02,7695.48,7763.44,7631.02,74350000.0,-0.84
2019-10-14,7599.06,7631.02,7645.81,7578.05,133340000.0,-0.42
2019-10-15,7481.53,7599.06,7604.54,7481.53,90450000.0,-1.55
2019-10-16,7518.37,7481.53,7524.85,7396.6,104240000.0,0.49
2019-10-17,7635.82,7518.37,7635.82,7493.51,100820000.0,1.56
2019-10-20,7784.94,7635.82,7812.39,7708.91,132960000.00000001,1.95
2019-10-21,7764.09,7784.94,7796.25,7693.26,109210000.0,-0.27
2019-10-22,7872.74,7764.09,7877.62,7766.81,134320000.0,1.4
2019-10-23,7887.36,7872.74,7892.63,7824.51,116690000.0,0.19
2019-10-24,7913.28,7887.36,7913.28,7858.45,101370000.0,0.33
2019-10-27,7891.73,7913.28,7924.14,7879.14,86700000.0,-0.27
2019-10-28,7784.71,7891.73,7893.14,7779.95,104960000.0,-1.36
2019-10-29,7693.61,7784.71,7786.66,7652.91,131120000.0,-1.17
2019-10-30,7792.76,7693.61,7792.76,7659.01,103380000.0,1.29
2019-10-31,7744.08,7792.76,7777.37,7719.04,80830000.0,-0.62
2019-11-03,7590.33,7744.08,7691.94,7558.08,85800000.0,-1.99
2019-11-04,7653.21,7590.33,7653.21,7559.16,92040000.0,0.83
2019-11-05,7782.28,7653.21,7782.28,7642.52,108450000.0,1.69
2019-11-06,7749.26,7782.28,7793.88,7737.81,87950000.0,-0.42
2019-11-07,7798.25,7749.26,7844.7,7739.75,117210000.0,0.63
2019-11-10,7874.58,7798.25,7904.07,7819.72,106850000.0,0.98
2019-11-11,7922.41,7874.58,7922.41,7878.76,106190000.0,0.61
2019-11-12,7981.31,7922.41,7990.68,7909.86,112320000.0,0.74
2019-11-13,7932.52,7981.31,8020.88,7907.46,119670000.0,-0.61
2019-11-14,7924.19,7932.52,7988.02,7908.04,149470000.0,-0.11
2019-11-17,7927.95,7924.19,7952.64,7871.28,76370000.0,0.05
2019-11-18,8000.33,7927.95,8000.33,7933.83,110370000.0,0.91
2019-11-19,8045.32,8000.33,8045.32,7993.01,120000000.0,0.56
2019-11-20,8054.06,8045.32,8054.49,8018.21,105730000.0,0.11
2019-11-21,8062.61,8054.06,8062.61,8030.91,177280000.0,0.11
2019-11-24,7999.57,8062.61,8084.89,7999.57,82460000.0,-0.78
2019-11-25,8013.69,7999.57,8026.62,7944.93,104950000.0,0.18
2019-11-26,7877.83,8013.69,8024.69,7877.83,190100000.0,-1.7
2019-11-27,7853.08,7877.83,7927.6,7825.72,90160000.0,-0.31
2019-11-28,7859.06,7853.08,7889.1,7823.28,82000000.0,0.08
2019-12-01,7901.93,7859.06,7910.63,7859.16,62060000.0,0.55
2019-12-02,7833.38,7901.93,7916.51,7827.66,80780000.0,-0.87
2019-12-03,7883.03,7833.38,7888.41,7831.18,103270000.0,0.63
2019-12-04,7871.2,7883.03,7885.72,7808.54,102350000.0,-0.15
2019-12-05,7905.51,7871.2,7924.94,7845.77,94270000.0,0.44
2019-12-08,8098.74,7905.51,8114.2,7907.58,129820000.0,2.44
2019-12-09,8120.01,8098.74,8209.32,8112.32,160570000.0,0.26
2019-12-10,8066.42,8120.01,8132.86,8066.42,107850000.0,-0.66
2019-12-11,8133.72,8066.42,8167.94,8078.78,179050000.0,0.83
2019-12-12,8005.77,8133.72,8161.05,8005.77,540680000.0,-1.57
2019-12-15,8049.5,8005.77,8100.4,8023.6,194840000.0,0.55
2019-12-16,8138.99,8049.5,8211.73,8056.76,234280000.0,1.11
2019-12-17,8197.39,8138.99,8197.39,8130.05,281270000.0,0.72
2019-12-18,8253.43,8197.39,8267.72,8169.96,243300000.0,0.68
2019-12-19,8291.39,8253.43,8307.85,8223.73,294000000.0,0.46
2019-12-22,8300.73,8291.39,8300.73,8272.77,173490000.0,0.11
2019-12-23,8416.39,8300.73,8416.39,8303.94,219690000.0,1.39
2019-12-24,8419.84,8416.39,8439.75,8389.19,222340000.0,0.04
2019-12-25,8342.79,8419.84,8424.0,8333.28,200420000.0,-0.92
2019-12-26,8353.14,8342.79,8370.23,8316.75,155850000.0,0.12
2019-12-29,8411.94,8353.14,8423.37,8358.33,190680000.0,0.7
2019-12-30,8345.01,8411.94,8419.75,8345.01,179160000.0,-0.8
2019-12-31,8389.23,8345.01,8389.23,8323.89,156030000.0,0.53
2020-01-01,8358.85,8389.23,8389.86,8354.95,146530000.0,-0.36
2020-01-02,8397.01,8358.85,8397.01,8368.21,147580000.0,0.46
2020-01-05,8193.72,8397.01,8305.33,8189.95,175920000.0,-2.42
2020-01-06,8206.13,8193.72,8210.81,8123.91,157830000.0,0.15
2020-01-07,8198.97,8206.13,8269.31,8181.94,143520000.0,-0.09
2020-01-08,8124.11,8198.97,8169.16,8076.79,160900000.0,-0.91
2020-01-09,8345.77,8124.11,8345.77,8226.28,183500000.0,2.73
2020-01-12,8371.13,8345.77,8406.23,8358.88,168530000.0,0.3
2020-01-13,8441.14,8371.13,8455.24,8370.12,189620000.0,0.84
2020-01-14,8474.81,8441.14,8479.35,8419.82,206940000.0,0.4
2020-01-15,8432.56,8474.81,8480.85,8432.56,217030000.0,-0.5
2020-01-16,8459.8,8432.56,8459.8,8423.46,168720000.0,0.32
2020-01-19,8449.29,8459.8,8490.38,8441.55,158060000.0,-0.12
2020-01-20,8469.71,8449.29,8473.5,8437.69,174430000.0,0.24
2020-01-21,8445.33,8469.71,8465.72,8431.01,174820000.0,-0.29
2020-01-22,8428.21,8445.33,8470.57,8428.21,170020000.0,-0.2
2020-01-23,8386.35,8428.21,8412.6,8356.32,181020000.0,-0.5
2020-01-26,8326.97,8386.35,8360.52,8319.22,175170000.0,-0.71
2020-01-27,8178.47,8326.97,8335.2,8178.47,174690000.0,-1.78
2020-01-28,8166.08,8178.47,8206.14,8153.03,133750000.0,-0.15
2020-01-29,8185.51,8166.08,8216.66,8156.42,143040000.0,0.24
2020-01-30,8246.59,8185.51,8255.41,8166.76,145690000.0,0.75
2020-02-02,8157.51,8246.59,8187.98,8138.62,157670000.0,-1.08
2020-02-03,8112.69,8157.51,8194.73,8112.69,151230000.0,-0.55
2020-02-04,8138.4,8112.69,8149.08,8120.95,148540000.0,0.32
2020-02-05,8094.36,8138.4,8179.31,8084.91,153270000.0,-0.54
2020-02-06,8053.09,8094.36,8123.87,8036.52,171720000.0,-0.51
2020-02-09,7952.52,8053.09,8085.39,7890.09,152180000.0,-1.25
2020-02-10,7971.93,7952.52,7979.68,7919.58,120650000.0,0.24
2020-02-11,7895.64,7971.93,7956.38,7895.64,136600000.0,-0.96
2020-02-12,7915.36,7895.64,7923.06,7876.81,148130000.0,0.25
2020-02-13,7874.41,7915.36,7937.53,7839.47,188560000.0,-0.52
2020-02-16,7836.96,7874.41,7886.89,7819.31,121360000.0,-0.48
2020-02-17,7872.55,7836.96,7895.61,7843.56,99230000.0,0.45
2020-02-18,7858.93,7872.55,7877.64,7845.24,96870000.0,-0.17
2020-02-19,7967.6,7858.93,7967.6,7862.47,111910000.0,1.38
2020-02-20,8007.39,7967.6,8031.02,7975.18,147730000.0,0.5
2020-02-23,7982.95,8007.39,8015.03,7953.81,122260000.0,-0.31
2020-02-24,7747.1,7982.95,7965.56,7745.51,181570000.0,-2.95
2020-02-25,7758.15,7747.1,7776.3,7687.54,143730000.0,0.14
2020-02-26,7711.12,7758.15,7729.36,7655.84,157350000.0,-0.61
2020-02-27,7628.34,7711.12,7678.51,7561.5,179730000.0,-1.07
2020-03-01,7345.1,7628.34,7461.16,7314.88,184110000.0,-3.71
2020-03-02,7349.19,7345.1,7561.9,7349.19,198260000.0,0.06
2020-03-03,7556.52,7349.19,7561.31,7475.49,171030000.0,2.82
2020-03-04,7524.5,7556.52,7531.43,7416.59,174560000.0,-0.42
2020-03-05,7467.52,7524.5,7571.19,7457.62,145770000.0,-0.76
2020-03-08,6846.36,7467.52,7027.98,6835.33,295730000.0,-8.32
2020-03-09,6315.51,6846.36,6461.5,6196.98,283910000.0,-7.75
2020-03-10,6762.03,6315.51,6779.43,6486.95,345460000.0,7.07
2020-03-11,6552.49,6762.03,6828.11,6492.32,282570000.0,-3.1
2020-03-12,6357.06,6552.49,6456.65,6178.07,255980000.0,-2.98
2020-03-15,6287.36,6357.06,6497.71,6287.36,211460000.0,-1.1
2020-03-16,5959.69,6287.36,6184.37,5959.69,253770000.0,-5.21
2020-03-17,6107.05,5959.69,6182.01,5971.61,258600000.00000003,2.47
2020-03-18,6154.85,6107.05,6235.3,6097.61,226120000.0,0.78
2020-03-19,6267.56,6154.85,6347.89,6105.16,359730000.0,1.83
2020-03-22,6171.91,6267.56,6284.4,6159.21,165160000.0,-1.53
2020-03-23,5990.23,6171.91,6173.11,5974.78,190440000.0,-2.94
2020-03-24,6193.66,5990.23,6213.22,6095.29,204970000.0,3.4
2020-03-25,6208.65,6193.66,6401.82,6171.91,330440000.0,0.24
2020-03-26,6326.92,6208.65,6326.92,6254.81,146670000.0,1.9
2020-03-29,6376.62,6326.92,6385.94,6260.45,161300000.0,0.79
2020-03-30,6373.29,6376.62,6404.41,6354.35,164720000.0,-0.05
2020-03-31,6505.35,6373.29,6529.26,6396.27,219730000.0,2.07
2020-04-01,6569.39,6505.35,6569.39,6479.28,170890000.0,0.98
2020-04-02,6749.69,6569.39,6749.69,6600.57,262640000.0,2.74
2020-04-05,6752.19,6749.69,6881.39,6738.7,278740000.0,0.04
2020-04-06,6860.92,6752.19,6860.92,6731.47,212840000.0,1.61
2020-04-07,6986.4,6860.92,6986.4,6854.15,262769999.99999997,1.83
2020-04-08,6999.34,6986.4,6999.34,6926.61,238610000.0,0.19
2020-04-09,7006.24,6999.34,7073.95,6988.96,239310000.0,0.1
2020-04-12,6865.74,7006.24,7012.51,6855.85,195000000.0,-2.01
2020-04-13,6804.54,6865.74,6914.17,6804.54,169320000.0,-0.89
2020-04-14,6874.64,6804.54,6874.64,6791.82,175010000.0,1.03
2020-04-15,6813.67,6874.64,6913.88,6804.97,176550000.0,-0.89
2020-04-16,6631.69,6813.67,6806.35,6631.69,162600000.0,-2.67
2020-04-19,6678.44,6631.69,6712.47,6652.98,140650000.0,0.7
2020-04-20,6601.07,6678.44,6665.35,6576.2,152060000.0,-1.16
2020-04-21,6496.72,6601.07,6554.6,6454.93,189540000.0,-1.58
2020-04-22,6541.47,6496.72,6564.0,6444.71,199490000.0,0.69
2020-04-23,6604.9,6541.47,6640.64,6587.31,201610000.0,0.97
2020-04-26,6838.67,6604.9,6843.59,6698.51,234070000.0,3.54
2020-04-27,6827.8,6838.67,6899.32,6813.67,268820000.0,-0.16
2020-04-28,6884.82,6827.8,6884.82,6809.36,233880000.0,0.84
2020-04-29,6985.33,6884.82,7013.95,6898.68,271510000.0,1.46
2020-04-30,7112.9,6985.33,7112.9,7024.98,300440000.0,1.83
2020-05-03,6585.58,7112.9,6726.67,6575.31,305740000.0,-7.41
2020-05-04,6595.97,6585.58,6672.83,6492.53,252060000.0,0.16
2020-05-05,6710.51,6595.97,6762.41,6700.88,228550000.0,1.74
2020-05-06,6655.11,6710.51,6810.46,6655.11,223460000.0,-0.83
2020-05-07,6628.53,6655.11,6677.85,6602.67,177480000.0,-0.4
2020-05-10,6682.91,6628.53,6706.51,6658.13,148050000.0,0.82
2020-05-11,6603.96,6682.91,6634.91,6448.66,223160000.0,-1.18
2020-05-12,6684.42,6603.96,6724.78,6622.86,222870000.0,1.22
2020-05-13,6721.24,6684.42,6762.71,6719.65,192590000.0,0.55
2020-05-14,6716.98,6721.24,6731.82,6680.75,158060000.0,-0.06
2020-05-17,6824.7,6716.98,6825.47,6778.75,198540000.0,1.6
2020-05-18,6921.15,6824.7,6944.16,6862.5,230180000.0,1.41
2020-05-19,7044.56,6921.15,7057.61,6961.79,242300000.0,1.78
2020-05-20,7050.17,7044.56,7073.5,7014.65,190720000.0,0.08
2020-05-21,7050.66,7050.17,7084.0,7037.81,274850000.0,0.01
2020-05-31,7213.03,7050.66,7338.96,7149.71,307440000.0,2.3
2020-06-01,7288.81,7213.03,7288.81,7202.14,349590000.0,1.05
2020-06-02,7285.23,7288.81,7321.36,7277.63,343520000.0,-0.05
2020-06-03,7222.41,7285.23,7311.85,7202.39,286850000.0,-0.86
2020-06-04,7207.78,7222.41,7207.78,7129.25,234180000.0,-0.2
2020-06-07,7267.86,7207.78,7277.7,7233.67,225870000.0,0.83
2020-06-08,7300.48,7267.86,7306.43,7247.47,275320000.0,0.45
2020-06-09,7329.38,7300.48,7329.38,7277.88,264660000.00000003,0.4
2020-06-10,7328.09,7329.38,7339.29,7287.17,264529999.99999997,-0.02
2020-06-11,7309.8,7328.09,7309.8,7254.85,259730000.00000003,-0.25
2020-06-14,7292.54,7309.8,7306.5,7252.78,2350000000.0,-0.24
2020-06-15,7263.65,7292.54,7272.18,7229.17,296980000.0,-0.4
2020-06-16,7308.21,7263.65,7358.16,7284.4,351330000.0,0.61
2020-06-17,7309.67,7308.21,7355.14,7291.95,331250000.0,0.02
2020-06-18,7355.66,7309.67,7355.66,7293.39,398580000.0,0.63
2020-06-21,7345.88,7355.66,7381.98,7343.93,255000000.0,-0.13
2020-06-22,7260.09,7345.88,7342.07,7244.51,265529999.99999997,-1.17
2020-06-23,7265.08,7260.09,7276.7,7218.63,217190000.0,0.07
2020-06-24,7213.36,7265.08,7272.55,7196.69,246310000.0,-0.71
2020-06-25,7232.34,7213.36,7244.35,7155.32,223500000.0,0.26
2020-06-28,7292.62,7232.34,7298.86,7259.66,217660000.0,0.83
2020-06-29,7287.41,7292.62,7307.54,7269.49,326470000.0,-0.07
2020-06-30,7224.09,7287.41,7328.28,7224.09,315090000.0,-0.87
2020-07-01,7253.33,7224.09,7283.68,7213.99,215520000.0,0.4
2020-07-02,7312.24,7253.33,7312.24,7271.41,211100000.0,0.81
2020-07-05,7388.49,7312.24,7388.67,7329.71,303520000.0,1.04
2020-07-06,7390.59,7388.49,7424.79,7375.01,395530000.0,0.03
2020-07-07,7400.53,7390.59,7427.42,7391.17,267130000.0,0.13
2020-07-08,7394.26,7400.53,7415.52,7391.47,317680000.0,-0.08
2020-07-09,7416.67,7394.26,7439.73,7405.27,314260000.0,0.3
2020-07-12,7431.58,7416.67,7453.52,7425.33,303430000.0,0.2
2020-07-13,7412.21,7431.58,7443.47,7406.01,341350000.0,-0.26
2020-07-14,7380.35,7412.21,7410.09,7357.0,267920000.00000003,-0.43
2020-07-15,7418.04,7380.35,7418.04,7383.01,269850000.0,0.51
2020-07-16,7426.76,7418.04,7439.32,7416.85,272740000.0,0.12
2020-07-19,7423.23,7426.76,7449.29,7417.46,273940000.0,-0.05
2020-07-20,7377.36,7423.23,7409.89,7257.16,419030000.0,-0.62
2020-07-21,7417.26,7377.36,7417.26,7373.83,328000000.0,0.54
2020-07-22,7427.89,7417.26,7436.03,7411.93,320820000.0,0.14
2020-07-23,7426.78,7427.89,7430.47,7406.71,232580000.0,-0.01
2020-07-26,7434.05,7426.78,7444.21,7403.78,223260000.0,0.1
2020-07-27,7455.74,7434.05,7463.16,7423.95,186590000.0,0.29
2020-07-28,7459.21,7455.74,7459.26,7437.54,201690000.0,0.05
2020-08-05,7470.26,7459.21,7505.22,7459.77,229080000.0,0.15
2020-08-06,7499.97,7470.26,7518.13,7486.39,242260000.0,0.4
2020-08-09,7530.31,7499.97,7533.86,7490.8,282120000.0,0.4
2020-08-10,7535.96,7530.31,7545.31,7517.3,297460000.0,0.08
2020-08-11,7626.23,7535.96,7626.23,7536.34,386550000.0,1.2
2020-08-12,7645.55,7626.23,7646.51,7601.67,312720000.0,0.25
2020-08-13,7704.25,7645.55,7708.78,7652.35,339680000.0,0.77
2020-08-16,7759.48,7704.25,7760.35,7716.02,312370000.0,0.72
2020-08-17,7757.26,7759.48,7800.91,7700.9,407840000.0,-0.03
2020-08-18,7853.57,7757.26,7853.57,7734.22,328380000.0,1.24
2020-08-19,7853.05,7853.57,7890.79,7842.15,388120000.0,-0.01
2020-08-20,7842.84,7853.05,7848.3,7812.27,299450000.0,-0.13
2020-08-23,7901.93,7842.84,7901.93,7848.7,364920000.0,0.75
2020-08-24,7957.38,7901.93,7957.38,7892.48,396870000.0,0.7
2020-08-25,7938.36,7957.38,7995.71,7938.36,393940000.0,-0.24
2020-08-26,7955.04,7938.36,7955.04,7908.01,388650000.0,0.21
2020-08-27,7934.43,7955.04,7977.04,7924.68,420280000.0,-0.26
2020-08-30,7983.82,7934.43,7984.27,7929.61,369580000.0,0.62
2020-08-31,7940.7,7983.82,8017.28,7940.7,546490000.0,-0.54
2020-09-01,7898.86,7940.7,7995.55,7898.86,514150000.0,-0.53
2020-09-02,8013.44,7898.86,8013.44,7861.61,497720000.0,1.45
2020-09-03,8045.09,8013.44,8053.71,8001.43,564100000.0,0.39
2020-09-06,8024.62,8045.09,8034.54,7977.37,401630000.0,-0.25
2020-09-07,8050.14,8024.62,8066.24,8026.06,433540000.0,0.32
2020-09-08,8089.54,8050.14,8103.94,8054.74,529049999.99999994,0.49
2020-09-09,8079.74,8089.54,8079.74,8022.46,508050000.0,-0.12
2020-09-10,8135.16,8079.74,8151.61,8090.21,543590000.0,0.69
2020-09-13,8203.57,8135.16,8206.0,8157.22,516120000.0,0.84
2020-09-14,8256.07,8203.57,8265.53,8140.16,782260000.0,0.64
2020-09-15,8321.74,8256.07,8328.53,8252.09,613210000.0,0.8
2020-09-16,8311.21,8321.74,8377.97,8290.2,593960000.0,-0.13
2020-09-17,8337.88,8311.21,8339.29,8279.64,519539999.99999994,0.32
2020-09-20,8364.61,8337.88,8376.83,8332.59,439640000.0,0.32
2020-09-21,8291.35,8364.61,8390.25,8291.35,512400000.0,-0.88
2020-09-22,8244.82,8291.35,8287.44,8213.14,407810000.0,-0.56
2020-09-24,8236.17,8244.82,8265.33,8199.48,407320000.0,-0.1
2020-09-27,8293.62,8236.17,8302.5,8244.56,560800000.0,0.7
2020-09-28,8334.65,8293.62,8373.34,8313.04,672460000.0,0.49
2020-09-29,8284.34,8334.65,8360.93,8284.34,627750000.0,-0.6
2020-09-30,8299.08,8284.34,8312.54,8272.59,542690000.0,0.18
2020-10-01,8295.05,8299.08,8340.31,8263.37,712340000.0,-0.05
2020-10-04,8177.76,8295.05,8287.97,8177.76,496820000.0,-1.41
2020-10-05,8257.67,8177.76,8257.67,8095.88,505840000.0,0.98
2020-10-06,8369.33,8257.67,8369.33,8249.48,482530000.0,1.35
2020-10-07,8358.79,8369.33,8381.18,8338.31,431480000.0,-0.13
2020-10-08,8412.55,8358.79,8420.14,8349.61,436520000.0,0.64
2020-10-11,8513.26,8412.55,8513.97,8436.83,454640000.0,1.2
2020-10-12,8544.94,8513.26,8548.52,8481.29,479300000.0,0.37
2020-10-13,8601.07,8544.94,8614.5,8533.3,477830000.0,0.66
2020-10-14,8592.1,8601.07,8613.77,8577.13,543230000.0,-0.1
2020-10-15,8553.79,8592.1,8593.62,8516.64,533110000.0,-0.45
2020-10-18,8560.81,8553.79,8598.58,8546.84,415130000.0,0.08
2020-10-19,8547.61,8560.81,8581.55,8531.23,377310000.0,-0.15
2020-10-20,8533.0,8547.61,8533.0,8466.28,440550000.0,-0.17
2020-10-21,8496.85,8533.0,8567.3,8496.85,372730000.0,-0.42
2020-10-22,8505.18,8496.85,8505.18,8439.43,324880000.0,0.1
2020-10-25,8154.59,8505.18,8487.49,8154.59,364100000.0,-4.12
2020-10-26,8155.31,8154.59,8267.09,8020.41,498720000.0,0.01
2020-10-27,8198.9,8155.31,8198.9,8101.02,318750000.0,0.53
2020-10-28,8123.05,8198.9,8223.6,8113.19,319830000.0,-0.93
2020-10-29,7907.72,8123.05,8039.41,7907.72,356350000.0,-2.65
2020-11-01,7864.78,7907.72,7920.53,7842.69,229680000.0,-0.54
2020-11-02,8021.02,7864.78,8032.99,7874.3,305730000.0,1.99
2020-11-03,7998.59,8021.02,8082.83,7998.59,291330000.0,-0.28
2020-11-04,8088.73,7998.59,8118.73,8046.48,319790000.0,1.13
2020-11-05,8089.15,8088.73,8091.58,8029.84,262880000.0,0.01
2020-11-08,8160.35,8089.15,8160.35,8065.27,287360000.0,0.88
2020-11-09,8366.46,8160.35,8366.46,8178.33,440960000.0,2.53
2020-11-10,8405.04,8366.46,8510.68,8326.01,618920000.0,0.46
2020-11-11,8449.66,8405.04,8453.01,8376.97,407550000.0,0.53
2020-11-12,8434.9,8449.66,8449.94,8409.17,346240000.0,-0.17
2020-11-15,8501.58,8434.9,8507.67,8454.27,456270000.0,0.79
2020-11-16,8526.64,8501.58,8526.64,8458.45,507400000.0,0.29
2020-11-17,8572.73,8526.64,8582.48,8534.19,551700000.0,0.54
2020-11-18,8621.19,8572.73,8621.19,8548.28,529220000.0,0.57
2020-11-19,8578.42,8621.19,8616.23,8571.47,429890000.0,-0.5
2020-11-22,8588.17,8578.42,8629.18,8580.83,452250000.0,0.11
2020-11-23,8610.84,8588.17,8623.69,8547.51,483850000.0,0.26
2020-11-24,8636.14,8610.84,8675.36,8618.84,496530000.0,0.29
2020-11-25,8688.76,8636.14,8721.45,8667.6,533909999.99999994,0.61
2020-11-26,8693.47,8628.06,8693.47,8608.45,487460000.0,0.05
2020-11-29,8708.59,8693.47,8730.54,8694.84,444730000.0,0.17
2020-11-30,8747.09,8708.59,8747.09,8660.72,505900000.0,0.44
2020-12-01,8722.12,8747.09,8731.36,8692.59,649870000.0,-0.29
2020-12-02,8694.13,8722.12,8720.33,8658.75,357240000.0,-0.32
2020-12-03,8674.97,8694.13,8691.96,8638.27,352910000.0,-0.22
2020-12-06,8581.68,8674.97,8703.33,8580.92,376340000.0,-1.08
2020-12-07,8633.38,8581.68,8633.38,8536.92,369440000.0,0.6
2020-12-08,8612.13,8633.38,8636.37,8584.49,391850000.0,-0.25
2020-12-09,8660.21,8612.13,8663.86,8613.57,367760000.0,0.56
2020-12-10,8643.97,8660.21,8667.98,8637.23,338730000.0,-0.19
2020-12-13,8644.47,8643.97,8680.98,8633.77,321960000.0,0.01
2020-12-14,8660.31,8644.47,8660.31,8632.52,315500000.0,0.18
2020-12-15,8659.37,8660.31,8699.62,8649.13,347100000.0,-0.01
2020-12-16,8721.18,8659.37,8721.18,8673.84,372830000.0,0.71
2020-12-17,8711.58,8721.18,8765.8,8711.58,424720000.0,-0.11
2020-12-20,8686.89,8711.58,8761.84,8684.42,365920000.0,-0.28
2020-12-21,8538.68,8686.89,8585.99,8464.32,482150000.0,-1.71
2020-12-22,8680.45,8538.68,8680.45,8527.39,349390000.0,1.66
2020-12-23,8720.67,8680.45,8730.7,8648.44,367340000.0,0.46
2020-12-24,8702.68,8720.67,8733.1,8678.8,365220000.0,-0.21
2020-12-27,8740.66,8702.68,8751.97,8707.61,396770000.0,0.44
2020-12-28,8715.38,8740.66,8750.53,8709.62,326680000.0,-0.29
2020-12-29,8746.76,8715.38,8746.76,8692.25,282540000.0,0.36
2020-12-30,8760.08,8746.76,8760.08,8718.17,247090000.0,0.15
2020-12-31,8689.53,8760.08,8755.49,8689.53,210650000.0,-0.81
2021-01-03,8612.82,8689.53,8698.34,8600.56,264779999.99999997,-0.88
2021-01-04,8667.66,8612.82,8670.77,8621.55,245610000.0,0.64
2021-01-05,8682.11,8667.66,8695.23,8632.67,220960000.0,0.17
2021-01-06,8670.8,8682.11,8692.9,8664.94,198220000.0,-0.13
2021-01-07,8737.2,8670.8,8737.2,8659.6,256250000.0,0.77
2021-01-10,8817.05,8737.2,8841.22,8768.89,280200000.0,0.91
2021-01-11,8869.47,8817.05,8869.47,8804.26,301600000.0,0.59
2021-01-12,8884.46,8869.47,8884.46,8854.34,221950000.0,0.17
2021-01-13,8914.29,8884.46,8914.29,8880.91,257000000.0,0.34
2021-01-14,8898.68,8914.29,8912.78,8873.42,222480000.0,-0.18
2021-01-17,8874.9,8898.68,8901.48,8866.66,242170000.0,-0.27
2021-01-18,8931.29,8874.9,8931.29,8853.89,332270000.0,0.64
2021-01-19,8901.87,8931.29,8955.44,8901.87,229890000.0,-0.33
2021-01-20,8878.3,8901.87,8916.39,8878.3,206200000.0,-0.26
2021-01-21,8876.49,8878.3,8909.86,8876.49,183090000.0,-0.02
2021-01-24,8829.52,8876.49,8886.02,8819.56,188990000.0,-0.53
2021-01-25,8846.95,8829.52,8872.71,8837.69,169000000.0,0.2
2021-01-26,8789.87,8846.95,8844.73,8789.87,160050000.0,-0.65
2021-01-27,8784.12,8789.87,8820.48,8784.12,142290000.0,-0.07
2021-01-28,8807.02,8784.12,8816.76,8739.4,177800000.0,0.26
2021-01-31,8702.55,8807.02,8781.46,8677.51,251180000.0,-1.19
2021-02-01,8648.43,8702.55,8755.98,8648.43,218640000.0,-0.62
2021-02-02,8618.57,8648.43,8714.79,8611.06,206580000.0,-0.35
2021-02-03,8542.55,8618.57,8622.71,8542.55,230930000.0,-0.88
2021-02-04,8617.87,8542.55,8626.29,8464.47,233520000.0,0.88
2021-02-07,8687.93,8617.87,8719.62,8619.72,200020000.0,0.81
2021-02-08,8809.34,8687.93,8822.2,8692.74,276190000.0,1.4
2021-02-09,8892.92,8809.34,8918.16,8825.72,313300000.0,0.95
2021-02-10,8901.63,8892.92,8972.26,8889.92,304660000.0,0.1
2021-02-11,8943.85,8901.63,8943.85,8891.48,292080000.0,0.47
2021-02-14,9035.53,8943.85,9047.7,8956.49,324150000.0,1.03
2021-02-15,9081.78,9035.53,9142.21,9054.76,386140000.0,0.51
2021-02-16,9101.96,9081.78,9117.63,9027.34,480100000.0,0.22
2021-02-17,9084.31,9101.96,9134.41,9058.28,489110000.0,-0.19
2021-02-18,9024.23,9084.31,9118.23,9024.23,382320000.0,-0.66
2021-02-21,9085.97,9067.92,9108.32,9061.8,313220000.0,0.68
2021-02-22,9077.62,9090.13,9114.01,9064.02,382520000.0,-0.09
2021-02-23,9151.71,9096.86,9177.91,9095.43,465770000.0,0.82
2021-02-24,9115.76,9166.81,9217.03,9078.54,545870000.0,-0.39
2021-02-25,9194.92,9161.6,9263.16,9161.14,449560000.0,0.87
2021-02-28,9144.99,9115.61,9198.65,9099.14,408620000.0,-0.54
2021-03-01,9138.37,9161.8,9222.98,9132.03,497680000.0,-0.07
2021-03-02,9248.28,9159.46,9266.99,9158.98,570400000.0,1.2
2021-03-03,9310.28,9267.84,9314.75,9257.27,531200000.00000006,0.67
2021-03-04,9242.28,9311.16,9311.92,9242.28,507270000.0,-0.73
2021-03-07,9351.08,9320.56,9375.35,9320.19,572990000.0,1.18
2021-03-08,9374.37,9353.07,9397.17,9320.35,582330000.0,0.25
2021-03-09,9473.2,9381.64,9487.65,9380.74,571870000.0,1.05
2021-03-10,9595.45,9486.59,9617.31,9486.09,536309999.99999994,1.29
2021-03-11,9587.79,9605.62,9639.88,9549.62,455910000.0,-0.08
2021-03-14,9664.61,9611.32,9666.58,9611.32,450290000.0,0.8
2021-03-15,9645.74,9678.5,9678.7,9610.72,508450000.0,-0.2
2021-03-16,9660.27,9640.31,9698.68,9619.71,727290000.0,0.15
2021-03-17,9602.26,9666.49,9673.57,9566.66,472280000.0,-0.6
2021-03-18,9485.96,9604.45,9624.14,9485.96,355780000.0,-1.21
2021-03-21,9498.85,9462.19,9508.42,9454.25,289280000.0,0.14
2021-03-22,9547.42,9500.56,9565.69,9466.84,344720000.0,0.51
2021-03-23,9489.63,9546.12,9571.88,9489.63,376550000.0,-0.61
2021-03-24,9464.08,9462.58,9498.71,9430.66,290920000.0,-0.27
2021-03-25,9417.71,9463.52,9495.43,9417.71,253310000.0,-0.49
2021-03-28,9482.95,9438.6,9508.2,9422.91,252810000.0,0.69
2021-03-29,9615.63,9496.36,9615.63,9492.07,314740000.0,1.4
2021-03-30,9635.34,9610.66,9635.34,9592.28,355300000.0,0.2
2021-03-31,9907.82,9810.52,9909.64,9762.37,507950000.0,2.83
2021-04-01,9895.56,9908.07,9938.5,9869.47,328300000.0,-0.12
2021-04-04,9962.77,9891.1,9986.16,9862.77,373200000.0,0.68
2021-04-05,9964.84,9969.51,9984.14,9939.6,364400000.0,0.02
2021-04-06,9988.98,9965.18,9995.84,9958.93,396760000.0,0.24
2021-04-07,10014.3,9992.51,10030.35,9979.16,336290000.0,0.25
2021-04-08,10012.13,10011.35,10039.23,9977.15,282440000.0,-0.02
2021-04-11,9938.32,10010.59,10015.76,9921.27,302390000.0,-0.74
2021-04-12,9907.62,9927.02,9929.65,9846.57,285600000.0,-0.31
2021-04-13,9838.28,9911.53,9922.0,9838.28,254230000.0,-0.7
2021-04-14,9847.62,9820.03,9847.62,9767.01,202950000.0,0.09
2021-04-15,9987.92,9863.29,9987.92,9862.29,225510000.0,1.42
2021-04-18,10048.7,10009.61,10065.05,10006.1,237440000.0,0.61
2021-04-19,10097.65,10062.16,10097.65,10007.38,338520000.0,0.49
2021-04-20,10116.98,10097.01,10125.57,10086.86,345980000.0,0.19
2021-04-21,10095.36,10127.94,10142.16,10095.36,251780000.0,-0.21
2021-04-22,10134.08,10109.59,10136.66,10092.22,260560000.0,0.38
2021-04-25,10142.48,10139.08,10173.3,10128.99,275140000.0,0.08
2021-04-26,10231.06,10155.11,10231.06,10139.97,309560000.0,0.87
2021-04-27,10267.17,10226.35,10267.17,10205.03,359500000.0,0.35
2021-04-28,10531.22,10328.49,10540.17,10308.6,457400000.0,2.57
2021-04-29,10418.98,10493.64,10503.33,10382.49,356290000.0,-1.07
2021-05-02,10365.51,10406.06,10416.48,10330.72,321050000.0,-0.51
2021-05-03,10309.37,10381.4,10386.34,10309.37,270270000.0,-0.54
2021-05-04,10318.94,10320.96,10354.03,10253.32,238910000.0,0.09
2021-05-05,10252.15,10324.7,10332.38,10252.15,241250000.0,-0.65
2021-05-06,10228.35,10254.88,10258.27,10170.53,245640000.0,-0.23
2021-05-09,10228.19,10244.86,10273.28,10209.91,172400000.0,0.0
2021-05-10,10322.68,10235.72,10322.68,10233.15,222050000.0,0.92
2021-05-17,10396.44,10332.98,10413.19,10318.47,298200000.0,0.71
2021-05-18,10423.51,10424.23,10492.97,10401.38,317840000.0,0.26
2021-05-19,10372.54,10427.04,10431.19,10360.29,263019999.99999997,-0.49
2021-05-20,10339.85,10369.58,10381.15,10313.11,297880000.0,-0.32
2021-05-23,10343.86,10352.67,10367.67,10307.83,356680000.0,0.04
2021-05-24,10318.51,10349.07,10375.53,10318.51,382710000.0,-0.25
2021-05-25,10448.0,10332.21,10448.0,10331.98,319700000.0,1.25
2021-05-26,10471.55,10452.61,10490.16,10447.57,302150000.0,0.23
2021-05-27,10519.52,10472.41,10519.52,10461.53,382970000.0,0.46
2021-05-30,10547.67,10529.76,10571.98,10519.24,408590000.0,0.27
2021-05-31,10551.23,10561.46,10569.5,10514.97,464240000.0,0.03
2021-06-01,10597.42,10560.85,10644.34,10552.67,499940000.0,0.44
2021-06-02,10656.81,10617.28,10680.2,10610.29,267440000.0,0.56
2021-06-03,10698.3,10657.78,10700.84,10648.23,412520000.0,0.39
2021-06-06,10685.45,10705.47,10743.26,10676.95,441910000.0,-0.12
2021-06-07,10719.85,10689.92,10719.85,10681.94,418630000.0,0.32
2021-06-08,10735.39,10719.3,10753.71,10599.15,512090000.00000006,0.14
2021-06-09,10790.24,10749.78,10790.24,10746.95,431160000.0,0.51
2021-06-10,10796.33,10796.99,10839.24,10780.47,387080000.0,0.06
2021-06-13,10897.47,10825.72,10903.42,10816.87,382230000.0,0.94
2021-06-14,10913.56,10908.89,10989.61,10844.63,426150000.0,0.15
2021-06-15,10831.38,10918.19,10932.82,10816.73,370350000.0,-0.75
2021-06-16,10855.95,10848.73,10870.13,10811.08,264269999.99999997,0.23
2021-06-17,10853.12,10862.49,10894.61,10847.31,419030000.0,-0.03
2021-06-20,10790.75,10858.15,10863.73,10770.63,342020000.0,-0.57
2021-06-21,10859.18,10777.96,10872.9,10745.92,328090000.0,0.63
2021-06-22,10891.64,10874.08,10916.9,10873.95,345730000.0,0.3
2021-06-23,10894.2,10922.57,10935.89,10881.28,474870000.0,0.02
2021-06-24,10919.68,10913.06,10932.73,10895.66,390340000.0,0.23
2021-06-27,10966.71,10926.64,10990.14,10925.3,429810000.0,0.43
2021-06-28,10957.07,10981.2,10985.79,10939.69,373940000.0,-0.09
2021-06-29,10996.38,10963.93,10996.38,10934.73,366370000.0,0.36
2021-06-30,10984.15,11002.74,11009.7,10940.44,374660000.0,-0.11
2021-07-01,10979.05,10987.13,11006.66,10968.11,352200000.0,-0.05
2021-07-04,11031.73,10993.75,11063.86,10993.59,364680000.0,0.48
2021-07-05,11001.03,11031.33,11043.25,10955.75,381630000.0,-0.28
2021-07-06,10971.21,11002.77,11020.99,10971.21,285680000.0,-0.27
2021-07-07,10958.55,10953.35,10967.35,10904.9,277040000.0,-0.12
2021-07-08,10825.01,10946.67,10946.78,10814.9,304560000.0,-1.22
2021-07-11,10688.34,10871.24,10883.32,10659.12,248870000.0,-1.26
2021-07-12,10698.54,10670.05,10766.35,10589.38,245170000.0,0.1
2021-07-13,10735.85,10707.6,10767.84,10690.68,192040000.0,0.35
2021-07-14,10778.07,10734.27,10802.04,10721.09,199000000.0,0.39
2021-07-15,10794.51,10792.03,10873.82,10782.74,236230000.0,0.15
2021-07-25,10876.36,10867.22,10955.97,10867.22,216680000.0,0.76
2021-07-26,10897.87,10920.55,10923.11,10841.99,223770000.0,0.2
2021-07-27,10916.67,10899.75,10927.7,10887.34,223380000.0,0.17
2021-07-28,10933.73,10911.05,10948.81,10905.02,205670000.0,0.16
2021-07-29,11012.71,10939.51,11012.71,10921.11,208600000.0,0.72
2021-08-01,11066.93,11041.85,11100.03,11033.71,252170000.0,0.49
2021-08-02,11157.02,11091.66,11157.02,11091.66,265060000.0,0.81
2021-08-03,11208.76,11151.66,11208.76,11123.5,247570000.0,0.46
2021-08-04,11162.38,11206.21,11210.54,11128.71,207790000.0,-0.41
2021-08-05,11209.42,11155.34,11209.42,11066.77,213780000.0,0.42
2021-08-08,11215.33,11202.59,11235.41,11191.77,205470000.0,0.05
2021-08-09,11197.97,11215.37,11225.3,11174.61,225560000.0,-0.15
2021-08-10,11299.87,11200.8,11299.87,11198.33,189870000.0,0.91
2021-08-11,11325.1,11299.41,11348.66,11292.19,206420000.0,0.22
2021-08-12,11323.7,11326.86,11391.58,11270.5,220670000.0,-0.01
2021-08-15,11351.63,11314.71,11354.22,11295.43,165020000.0,0.25
2021-08-16,11321.85,11341.49,11384.89,11312.08,171470000.0,-0.26
2021-08-17,11392.83,11310.09,11392.83,11270.85,167300000.0,0.63
2021-08-18,11344.94,11391.31,11402.65,11308.31,143800000.0,-0.42
2021-08-19,11201.64,11305.12,11305.22,11164.89,196940000.0,-1.26
2021-08-22,11076.55,11191.11,11213.56,11049.05,150360000.0,-1.12
2021-08-23,11062.99,11090.76,11179.24,11032.67,160580000.0,-0.12
2021-08-24,11141.03,11092.11,11141.03,11057.57,133770000.00000001,0.71
2021-08-25,11156.63,11153.24,11183.11,11103.23,139780000.0,0.14
2021-08-26,11128.59,11169.27,11169.54,11104.03,118040000.0,-0.25
2021-08-29,11180.19,11141.95,11180.19,11138.77,138490000.0,0.46
2021-08-30,11255.05,11195.48,11255.05,11169.83,153930000.0,0.67
2021-08-31,11319.24,11253.82,11319.24,11251.63,224830000.0,0.57
2021-09-01,11310.54,11315.66,11327.88,11292.74,166580000.0,-0.08
2021-09-02,11319.87,11300.76,11324.09,11285.01,175080000.0,0.08
2021-09-05,11335.92,11324.38,11346.87,11315.71,192650000.0,0.14
2021-09-06,11407.91,11336.74,11407.91,11332.93,195900000.0,0.64
2021-09-07,11414.34,11416.58,11458.68,11402.92,192920000.0,0.06
2021-09-08,11455.65,11425.54,11455.65,11408.3,174310000.0,0.36
2021-09-09,11417.79,11446.05,11450.78,11397.65,181570000.0,-0.33
2021-09-12,11342.85,11424.4,11428.09,11325.6,159470000.0,-0.66
2021-09-13,11386.38,11343.27,11386.38,11294.72,182780000.0,0.38
2021-09-14,11373.18,11394.42,11418.7,11357.22,180280000.0,-0.12
2021-09-15,11410.98,11382.46,11414.58,11358.61,176400000.0,0.33
2021-09-16,11422.11,11409.92,11435.57,11378.08,223090000.0,0.1
2021-09-19,11397.84,11424.2,11434.98,11371.22,184050000.0,-0.21
2021-09-20,11328.33,11370.58,11372.66,11293.66,183130000.0,-0.61
2021-09-21,11315.81,11284.49,11354.53,11239.29,176890000.0,-0.11
2021-09-22,11270.57,11311.15,11345.43,11270.57,140810000.0,-0.4
2021-09-26,11352.86,11342.94,11370.83,11323.12,169400000.0,0.73
2021-09-27,11369.09,11366.55,11391.32,11333.48,238150000.0,0.14
2021-09-28,11382.41,11383.72,11444.2,11355.83,263190000.0,0.12
2021-09-29,11383.65,11363.01,11390.53,11331.35,181260000.0,0.01
2021-09-30,11495.76,11388.12,11495.76,11379.61,181900000.0,0.98
2021-10-03,11453.25,11494.11,11497.74,11428.09,182580000.0,-0.37
2021-10-04,11466.91,11448.4,11514.99,11421.53,198020000.0,0.12
2021-10-05,11555.53,11471.08,11573.13,11470.7,198930000.0,0.77
2021-10-06,11571.88,11577.36,11654.98,11538.45,219520000.0,0.14
2021-10-07,11591.33,11585.34,11629.35,11544.45,167670000.0,0.17
2021-10-10,11566.02,11602.39,11675.48,11502.08,205600000.0,-0.22
2021-10-11,11512.11,11571.51,11590.24,11330.63,261100000.00000003,-0.47
2021-10-12,11542.88,11559.14,11568.89,11485.92,213590000.0,0.27
2021-10-13,11624.98,11539.14,11624.98,11531.96,172520000.0,0.71
2021-10-14,11699.11,11641.39,11699.11,11636.99,194660000.0,0.64
2021-10-17,11773.36,11748.27,11782.79,11741.11,218210000.0,0.63
2021-10-18,11758.02,11759.13,11774.78,11707.94,193490000.0,-0.13
2021-10-19,11792.54,11781.66,11836.3,11744.66,198610000.0,0.29
2021-10-20,11903.74,11822.56,11903.74,11810.26,189750000.0,0.94
2021-10-21,11939.58,11919.29,11939.58,11877.53,202420000.0,0.3
2021-10-24,11848.05,11950.65,11954.88,11832.9,221430000.0,-0.77
2021-10-25,11889.84,11845.93,11898.66,11783.48,178920000.0,0.35
2021-10-26,11846.69,11890.4,11922.07,11846.69,156850000.0,-0.36
2021-10-27,11807.79,11851.68,11886.26,11779.29,174450000.0,-0.33
2021-10-28,11758.82,11745.5,11783.0,11671.08,185910000.0,-0.41
2021-10-31,11704.14,11757.16,11807.27,11699.36,153680000.0,-0.47
2021-11-01,11722.95,11708.62,11759.74,11695.97,129590000.0,0.16
2021-11-02,11752.12,11726.19,11789.21,11724.45,130699999.99999999,0.25
2021-11-03,11685.66,11750.75,11758.64,11627.38,156970000.0,-0.57
2021-11-04,11752.23,11674.99,11752.23,11636.34,130220000.0,0.57
2021-11-07,11841.6,11785.15,11843.27,11755.86,140860000.0,0.76
2021-11-08,11846.53,11849.82,11912.44,11794.09,191610000.0,0.04
2021-11-09,11753.18,11856.67,11872.28,11753.18,181470000.0,-0.79
2021-11-10,11857.51,11751.22,11863.19,11741.23,151150000.0,0.89
2021-11-11,11898.94,11855.57,11914.13,11841.94,131889999.99999999,0.35
2021-11-14,11913.05,11928.49,11936.0,11883.74,115990000.0,0.12
2021-11-15,11836.58,11903.08,11920.15,11836.58,170200000.0,-0.64
2021-11-16,11827.48,11839.63,11859.67,11752.43,159590000.0,-0.08
2021-11-17,11833.54,11805.93,11850.57,11778.88,143330000.0,0.05
2021-11-18,11710.45,11814.19,11839.3,11700.78,144060000.0,-1.04
2021-11-21,11485.94,11640.63,11641.56,11417.58,161490000.0,-1.92
2021-11-22,11171.76,11457.98,11514.12,11149.32,206070000.0,-2.74
2021-11-23,11256.52,11127.25,11302.18,11036.61,184890000.0,0.76
2021-11-24,11369.38,11328.02,11425.49,11281.56,150240000.0,1.0
2021-11-25,11299.45,11368.18,11472.35,11299.45,140070000.0,-0.62
2021-11-28,10787.79,10668.4,10952.01,10668.4,223130000.0,-4.53
2021-11-29,10810.6,10870.62,10986.56,10779.79,189950000.0,0.21
2021-11-30,10761.8,10789.1,10789.82,10599.73,289150000.0,-0.45
2021-12-01,10849.96,10809.19,10866.98,10753.02,184740000.0,0.82
2021-12-02,10882.79,10838.11,10914.82,10796.27,139640000.0,0.3
2021-12-05,11142.47,10926.06,11142.47,10925.08,189520000.0,2.39
2021-12-06,11021.07,11196.72,11278.37,11021.07,236300000.0,-1.09
2021-12-07,11108.2,11125.08,11149.13,11081.64,208860000.0,0.79
2021-12-08,10991.8,11130.97,11132.34,10991.8,218190000.0,-1.05
2021-12-09,10938.88,11007.53,11049.19,10892.58,174790000.0,-0.48
2021-12-12,10969.06,10916.08,10974.35,10880.0,305580000.0,0.28
2021-12-13,11019.86,11030.37,11096.91,11019.86,232270000.0,0.46
2021-12-14,11024.68,11035.48,11058.95,10975.46,182350000.0,0.04
2021-12-15,11143.38,11027.02,11149.93,11012.06,187550000.0,1.08
2021-12-16,11311.89,11200.75,11365.33,11199.77,255180000.0,1.51
2021-12-19,11160.24,11241.41,11267.37,11150.93,176440000.0,-1.34
2021-12-20,11170.48,11121.06,11171.23,11036.3,188170000.0,0.09
2021-12-21,11261.28,11175.15,11261.28,11170.57,142760000.0,0.81
2021-12-22,11204.43,11287.75,11336.45,11181.22,165940000.0,-0.5
2021-12-23,11271.46,11215.58,11286.67,11198.62,128639999.99999999,0.6
2021-12-26,11168.3,11272.55,11298.18,11158.05,113810000.0,-0.92
2021-12-27,11161.04,11156.28,11175.85,11086.96,138680000.0,-0.07
2021-12-28,11315.32,11193.93,11315.32,11193.48,144980000.0,1.38
2021-12-29,11199.84,11312.1,11343.72,11144.98,224480000.0,-1.02
2021-12-30,11281.71,11199.56,11281.71,11167.14,132210000.00000001,0.73
2022-01-02,11331.91,11280.35,11345.86,11257.02,129750000.0,0.44
2022-01-03,11327.52,11320.25,11407.66,11264.42,188430000.0,-0.04
2022-01-04,11356.8,11351.62,11380.51,11317.46,134430000.0,0.26
2022-01-05,11453.08,11358.58,11453.08,11358.58,139970000.0,0.85
2022-01-06,11430.51,11427.73,11468.52,11371.71,142590000.0,-0.2
2022-01-09,11560.47,11452.98,11560.47,11451.54,172460000.0,1.14
2022-01-10,11664.83,11577.0,11664.83,11576.23,204540000.0,0.9
2022-01-11,11843.55,11675.81,11843.55,11641.7,185960000.0,1.53
2022-01-12,11957.08,11845.46,11957.08,11819.39,193830000.0,0.96
2022-01-13,12079.01,11965.23,12079.01,11946.97,197930000.0,1.02
2022-01-16,12110.15,12107.24,12209.54,12045.49,229040000.0,0.26
2022-01-17,12165.84,12137.57,12165.84,12048.81,192860000.0,0.46
2022-01-18,12193.75,12174.52,12260.34,12166.1,209760000.0,0.23
2022-01-19,12260.13,12186.3,12260.13,12135.34,170340000.0,0.54
2022-01-20,12290.96,12274.27,12291.05,12218.3,150860000.0,0.25
2022-01-23,12139.83,12276.16,12276.18,12113.09,130940000.0,-1.23
2022-01-24,12068.43,12127.11,12174.81,12031.45,109810000.0,-0.59
2022-01-25,12108.56,12051.95,12108.56,11976.56,117980000.0,0.33
2022-01-26,12182.51,12119.35,12222.39,12093.53,134009999.99999999,0.61
2022-01-27,12179.32,12156.23,12195.82,12147.34,162820000.0,-0.03
2022-01-30,12259.25,12218.81,12274.8,12218.18,197410000.0,0.66
2022-01-31,12271.84,12269.92,12359.97,12269.92,229530000.0,0.1
2022-02-01,12293.38,12310.14,12348.66,12246.28,189840000.0,0.18
2022-02-02,12192.61,12287.44,12316.26,12192.61,166190000.0,-0.82
2022-02-03,12142.38,12178.04,12219.24,12142.38,135170000.0,-0.41
2022-02-06,12204.45,12179.84,12214.97,12109.64,147300000.0,0.51
2022-02-07,12249.19,12224.49,12258.12,12194.88,173940000.0,0.37
2022-02-08,12225.88,12258.41,12274.94,12181.75,154870000.0,-0.19
2022-02-09,12205.47,12240.4,12245.35,12168.84,142070000.0,-0.17
2022-02-10,12268.71,12203.52,12268.71,12174.29,153950000.0,0.52
2022-02-13,12029.04,12182.54,12184.89,11910.47,225160000.0,-1.95
2022-02-14,12204.58,12020.46,12204.58,11967.5,190160000.0,1.46
2022-02-15,12350.64,12187.51,12358.17,12160.46,191510000.0,1.2
2022-02-16,12495.22,12362.75,12511.58,12344.33,243450000.0,1.17
2022-02-17,12476.54,12519.46,12519.46,12428.35,218850000.0,-0.15
2022-02-20,12463.17,12530.44,12616.61,12463.17,228180000.0,-0.11
2022-02-21,12561.6,12475.23,12640.81,12475.23,295940000.0,0.79
2022-02-23,12527.63,12521.36,12591.46,12470.81,254690000.0,-0.27
2022-02-24,12297.62,12269.27,12368.38,12190.37,384610000.0,-1.84
2022-02-27,12417.56,12497.38,12570.31,12400.58,235880000.0,0.98
2022-02-28,12590.26,12415.16,12590.26,12344.4,264760000.0,1.39
2022-03-01,12674.34,12594.7,12748.0,12583.64,266790000.00000003,0.67
2022-03-02,12654.65,12700.03,12750.16,12607.46,277670000.0,-0.16
2022-03-03,12756.31,12724.96,12781.46,12694.91,303810000.0,0.8
2022-03-06,12804.22,12841.83,12862.68,12798.76,276190000.0,0.38
2022-03-07,12808.03,12858.59,12881.92,12684.33,285820000.0,0.03
2022-03-08,12851.22,12795.88,12879.39,12718.2,262209999.99999997,0.34
2022-03-09,12738.59,12864.11,12928.0,12738.59,229460000.0,-0.88
2022-03-10,12684.16,12734.64,12791.74,12641.33,203090000.0,-0.43
2022-03-13,12605.4,12725.43,12771.51,12605.18,209290000.0,-0.62
2022-03-14,12492.14,12626.18,12637.09,12479.24,194100000.0,-0.9
2022-03-15,12407.6,12458.87,12484.8,12390.65,156490000.0,-0.68
2022-03-16,12656.23,12459.8,12656.23,12447.71,264399999.99999997,2.0
2022-03-17,12769.21,12719.76,12831.8,12674.05,345680000.0,0.89
2022-03-20,12875.8,12836.39,12919.4,12808.4,188050000.0,0.83
2022-03-21,12831.69,12905.55,12959.96,12828.81,211830000.0,-0.34
2022-03-22,12881.45,12851.03,12881.45,12791.69,170740000.0,0.39
2022-03-23,12944.16,12875.4,12944.16,12862.6,158200000.0,0.49
2022-03-24,12948.37,12957.36,12968.15,12914.05,171140000.0,0.03
2022-03-27,12999.73,12916.1,13000.1,12901.3,198570000.0,0.4
2022-03-28,13064.11,12999.81,13064.11,12972.88,207250000.0,0.5
2022-03-29,13101.36,13065.16,13114.89,13039.64,235200000.0,0.29
2022-03-30,13038.22,13096.78,13101.06,12992.27,216180000.0,-0.48
2022-03-31,13090.4,13029.14,13090.4,12981.91,209380000.0,0.4
2022-04-03,13082.76,13132.42,13147.97,13063.52,116980000.0,-0.06
2022-04-04,13165.34,13087.63,13165.34,13057.01,183400000.0,0.63
2022-04-05,13206.88,13189.72,13226.12,13159.79,214400000.0,0.32
2022-04-06,13255.96,13198.42,13271.95,13167.81,285120000.0,0.37
2022-04-07,13313.98,13250.63,13328.23,13231.17,183620000.0,0.44
2022-04-10,13395.46,13350.9,13422.59,13342.83,169830000.0,0.61
2022-04-11,13483.23,13412.3,13511.52,13399.67,217590000.0,0.66
2022-04-12,13646.12,13500.72,13646.12,13489.47,241920000.0,1.21
2022-04-13,13540.27,13648.97,13680.02,13509.5,240230000.0,-0.78
2022-04-14,13621.08,13540.1,13621.08,13436.45,201090000.0,0.6
2022-04-17,13682.39,13644.85,13707.66,13584.07,174210000.0,0.45
2022-04-18,13733.14,13670.2,13742.25,13658.11,158340000.0,0.37
2022-04-19,13505.57,13752.12,13783.56,13505.57,180240000.0,-1.66
2022-04-20,13668.54,13552.67,13672.81,13483.54,182210000.0,1.21
2022-04-21,13534.4,13680.54,13701.93,13534.4,181370000.0,-0.98
2022-04-24,13463.09,13491.86,13504.82,13388.65,124070000.0,-0.53
2022-04-25,13543.25,13451.11,13543.25,13371.16,181600000.0,0.6
2022-04-26,13503.49,13585.58,13635.76,13417.1,158460000.0,-0.29
2022-04-27,13643.91,13533.74,13675.74,13515.75,149650000.0,1.04
2022-04-28,13733.87,13708.73,13765.7,13652.95,151720000.0,0.66
2022-05-08,13820.35,13790.83,13832.79,13747.77,140100000.0,0.63
2022-05-09,13814.85,13853.06,13949.13,13812.63,223500000.0,-0.04
2022-05-10,13509.31,13760.97,13769.05,13462.51,184890000.0,-2.21
2022-05-11,13379.08,13493.01,13595.4,13377.69,164500000.0,-0.96
2022-05-12,12835.3,13391.49,13393.0,12835.3,209810000.0,-4.06
2022-05-15,13149.29,13017.07,13211.58,12895.88,141540000.0,2.45
2022-05-16,12914.89,13229.41,13286.34,12914.46,174710000.0,-1.78
2022-05-17,12689.87,12937.48,12953.89,12575.65,204800000.0,-1.74
2022-05-18,12713.38,12750.69,12919.26,12700.72,190600000.0,0.19
2022-05-19,12427.96,12484.9,12545.06,12349.28,191150000.0,-2.25
2022-05-22,12334.94,12536.22,12539.7,12243.78,784680000.0,-0.75
2022-05-23,12235.91,12386.1,12456.7,12178.51,178940000.0,-0.8
2022-05-24,12300.86,12251.21,12355.23,12199.5,157930000.0,0.53
2022-05-25,12588.89,12333.28,12631.44,12325.13,184340000.0,2.34
2022-05-26,12530.34,12655.7,12730.14,12472.88,167920000.0,-0.47
2022-05-29,12689.01,12633.85,12717.13,12633.84,151470000.0,1.27
2022-05-30,12907.17,12711.77,12922.64,12710.41,226700000.0,1.72
2022-05-31,12921.74,12967.78,13034.5,12806.05,386640000.0,0.11
2022-06-01,12766.47,12911.45,12912.92,12766.47,182270000.0,-1.2
2022-06-02,12605.01,12766.2,12768.96,12605.01,178890000.0,-1.26
2022-06-05,12656.05,12610.21,12673.84,12557.52,138080000.0,0.4
2022-06-06,12821.96,12679.49,12851.7,12677.87,180130000.0,1.31
2022-06-07,12662.75,12832.04,12838.83,12651.31,152060000.0,-1.24
2022-06-08,12596.3,12690.72,12748.9,12584.27,141340000.0,-0.52
2022-06-09,12603.89,12597.6,12612.74,12497.45,151190000.0,0.06
2022-06-12,12322.35,12530.66,12530.66,12322.35,173570000.0,-2.23
2022-06-13,12053.44,12278.52,12286.19,11983.3,209740000.0,-2.18
2022-06-14,12020.68,12038.42,12114.78,11708.78,231210000.0,-0.27
2022-06-15,11978.51,12036.02,12131.74,11978.23,184150000.0,-0.35
2022-06-16,11824.42,12029.14,12116.94,11809.8,219610000.0,-1.29
2022-06-19,11299.18,11668.14,11676.39,11299.18,178910000.0,-4.44
2022-06-20,11361.53,11298.97,11456.11,11217.91,155670000.0,0.55
2022-06-21,11659.64,11441.71,11683.32,11439.61,173780000.0,2.62
2022-06-22,11319.88,11641.56,11641.56,11319.88,219790000.0,-2.91
2022-06-23,11310.67,11348.21,11379.04,11229.55,143590000.0,-0.08
2022-06-26,11513.01,11515.18,11566.69,11480.31,155310000.0,1.79
2022-06-27,11427.26,11573.04,11588.53,11406.07,189520000.0,-0.74
2022-06-28,11671.15,11425.5,11671.15,11380.67,149620000.0,2.13
2022-06-29,11727.19,11654.86,11783.99,11618.8,167170000.0,0.48
2022-06-30,11523.25,11740.17,11756.3,11523.25,177870000.0,-1.74
2022-07-03,11464.98,11590.31,11609.93,11451.6,124210000.0,-0.51
2022-07-04,11358.4,11466.33,11480.42,11294.91,136340000.0,-0.93
2022-07-05,11344.57,11361.22,11413.45,11311.12,143360000.0,-0.12
2022-07-06,11416.54,11261.91,11420.19,11223.69,144200000.0,0.63
2022-07-13,11289.75,11418.81,11531.08,11289.75,135370000.0,-1.11
2022-07-14,11163.02,11280.09,11316.89,11096.74,121220000.0,-1.12
2022-07-17,11292.41,11308.2,11365.45,11239.13,107280000.0,1.16
2022-07-18,11555.08,11297.43,11555.08,11296.62,163240000.0,2.33
2022-07-19,11761.35,11582.51,11761.41,11530.6,190990000.0,1.79
2022-07-20,11864.34,11810.1,11995.29,11780.48,217390000.0,0.88
2022-07-21,11987.97,11930.99,11987.97,11834.92,166680000.0,1.04
2022-07-24,11975.14,11982.09,12052.9,11955.54,152860000.0,-0.11
2022-07-25,11874.22,11961.79,11962.15,11858.52,163760000.0,-0.84
2022-07-26,11964.21,11912.85,11977.68,11886.08,164320000.0,0.76
2022-07-27,12052.18,12004.92,12097.62,11984.31,138650000.0,0.74
2022-07-28,12155.02,12122.98,12195.68,12111.81,316770000.0,0.85
2022-07-31,12199.08,12225.31,12268.51,12186.2,177790000.0,0.36
2022-08-01,12338.95,12236.73,12338.95,12197.35,209350000.0,1.15
2022-08-02,12310.63,12334.02,12334.47,12221.21,210260000.0,-0.23
2022-08-03,12291.93,12290.3,12299.24,12202.37,200010000.0,-0.15
2022-08-04,12291.54,12292.72,12329.22,12243.41,183520000.0,0.0
2022-08-07,12216.84,12314.08,12315.97,12201.49,147510000.0,-0.61
2022-08-08,12297.29,12230.02,12324.9,12226.74,156640000.0,0.66
2022-08-09,12329.99,12314.47,12344.08,12277.38,167980000.0,0.27
2022-08-10,12431.45,12346.11,12431.45,12314.86,178840000.0,0.82
2022-08-11,12530.76,12471.84,12538.32,12469.15,213740000.0,0.8
2022-08-14,12514.37,12548.38,12568.17,12497.17,223680000.0,-0.13
2022-08-15,12543.77,12512.98,12543.77,12454.21,192540000.0,0.23
2022-08-16,12545.14,12542.15,12574.52,12506.8,214890000.0,0.01
2022-08-17,12646.74,12554.49,12652.44,12550.12,182260000.0,0.81
2022-08-18,12621.73,12659.95,12714.56,12621.73,186360000.0,-0.2
2022-08-21,12554.5,12626.98,12644.37,12549.02,129650000.0,-0.53
2022-08-22,12560.48,12537.27,12606.4,12503.03,138140000.0,0.05
2022-08-23,12420.77,12541.38,12616.13,12420.77,156640000.0,-1.11
2022-08-24,12443.77,12420.43,12450.54,12347.32,153840000.0,0.19
2022-08-25,12591.74,12480.55,12591.74,12473.61,135270000.0,1.19
2022-08-28,12526.11,12475.16,12574.22,12459.79,137740000.0,-0.52
2022-08-29,12530.66,12534.53,12597.63,12516.97,161930000.0,0.04
2022-08-30,12455.65,12561.1,12594.61,12455.65,144900000.0,-0.6
2022-08-31,12283.33,12431.98,12453.18,12273.49,192380000.0,-1.38
2022-09-01,12142.65,12253.13,12283.7,12116.14,162610000.0,-1.15
2022-09-04,12194.29,12107.74,12225.87,12073.12,112380000.0,0.43
2022-09-05,12099.84,12185.2,12227.59,12099.84,115340000.0,-0.77
2022-09-06,11994.72,12115.74,12169.16,11994.72,135140000.0,-0.87
2022-09-07,11863.81,11983.86,12034.21,11862.13,131750000.0,-1.09
2022-09-08,11834.26,11886.51,11927.63,11748.5,126520000.0,-0.25
2022-09-11,11940.36,11951.03,12014.6,11935.42,121240000.0,0.9
2022-09-12,12022.12,11956.63,12022.12,11930.63,112070000.0,0.68
2022-09-13,12084.45,12035.45,12089.66,11985.36,137010000.0,0.52
2022-09-14,11893.27,11871.41,11987.71,11846.15,121830000.0,-1.58
2022-09-15,11829.54,11920.15,12016.12,11829.54,162480000.0,-0.54
2022-09-18,11572.18,11807.59,11814.84,11554.56,137870000.0,-2.18
2022-09-19,11446.33,11545.32,11602.22,11404.06,125000000.0,-1.09
2022-09-20,11503.6,11523.93,11615.45,11503.6,126950000.0,0.5
2022-09-21,11461.09,11498.37,11543.42,11402.57,118140000.0,-0.37
2022-09-25,11161.38,11201.19,11218.09,11121.94,128310000.0,-2.62
2022-09-26,10909.18,11113.68,11193.42,10909.18,172340000.0,-2.26
2022-09-27,11017.38,10981.28,11085.96,10932.34,161140000.0,0.99
2022-09-28,11170.08,11121.36,11241.11,11032.52,165840000.0,1.39
2022-09-29,11405.32,11253.33,11411.35,11252.8,172240000.0,2.11
2022-10-02,11487.07,11420.66,11530.18,11325.68,148680000.0,0.72
2022-10-03,11607.96,11544.69,11647.41,11533.94,184540000.0,1.05
2022-10-04,11780.41,11711.15,11785.91,11679.16,195960000.0,1.49
2022-10-05,11770.32,11862.97,11880.52,11709.64,186500000.0,-0.09
2022-10-06,11757.79,11802.63,11824.22,11747.23,135220000.0,-0.11
2022-10-09,11566.45,11758.44,11769.26,11555.15,115450000.0,-1.63
2022-10-10,11530.37,11554.0,11628.74,11471.89,139850000.0,-0.31
2022-10-11,11514.26,11542.79,11560.08,11456.51,124150000.0,-0.14
2022-10-12,11551.34,11533.0,11590.21,11502.62,143750000.0,0.32
2022-10-13,11421.78,11548.12,11564.52,11421.78,112890000.0,-1.12
2022-10-16,11405.88,11440.18,11467.87,11331.23,98770000.0,-0.14
2022-10-17,11566.38,11421.96,11591.61,11416.3,111560000.0,1.41
2022-10-18,11809.95,11624.66,11809.95,11623.61,148250000.0,2.11
2022-10-19,11795.1,11814.28,11851.16,11769.38,130250000.0,-0.13
2022-10-20,11963.68,11801.39,11963.68,11798.35,140540000.0,1.43
2022-10-23,12006.59,12035.59,12076.04,11989.53,129979999.99999999,0.36
2022-10-24,12075.27,11979.28,12075.27,11927.81,147920000.0,0.57
2022-10-25,11973.86,12080.05,12099.6,11909.36,164790000.0,-0.84
2022-10-26,11798.77,11983.52,12004.85,11732.1,160380000.0,-1.46
2022-10-27,11709.5,11781.16,11839.83,11703.2,187310000.0,-0.76
2022-10-30,11632.33,11728.53,11773.87,11630.79,104020000.0,-0.66
2022-10-31,11667.8,11647.78,11667.8,11549.39,145610000.0,0.3
2022-11-01,11530.44,11677.03,11681.08,11462.96,182170000.0,-1.18
2022-11-02,11530.29,11500.32,11553.7,11333.38,198720000.0,0.0
2022-11-03,11439.19,11463.48,11506.05,11411.8,138930000.0,-0.79
2022-11-06,11521.28,11560.72,11609.42,11508.44,113710000.0,0.72
2022-11-07,11598.76,11516.69,11598.76,11440.62,142680000.0,0.67
2022-11-08,11486.53,11592.06,11597.28,11430.04,146350000.0,-0.97
2022-11-09,11407.18,11467.88,11467.92,11358.87,120030000.0,-0.69
2022-11-10,11211.7,11369.53,11369.67,11178.78,129150000.0,-1.71
2022-11-13,11246.93,11346.94,11365.56,11238.83,119830000.0,0.31
2022-11-14,11197.46,11234.05,11246.9,11093.38,139300000.0,-0.44
2022-11-15,11096.58,11213.53,11217.22,11046.88,121440000.0,-0.9
2022-11-16,11151.24,11074.91,11151.24,10975.5,130449999.99999999,0.49
2022-11-17,11142.02,11163.32,11169.03,11093.85,107520000.0,-0.08
2022-11-20,11053.16,11139.72,11142.82,11022.83,86420000.0,-0.8
2022-11-21,10930.51,11034.36,11034.49,10876.84,101730000.0,-1.11
2022-11-22,10965.41,10921.21,10965.41,10835.61,80080000.0,0.32
2022-11-24,10938.75,10944.69,10946.02,10799.57,143590000.0,-0.24
2022-11-27,10796.46,10935.48,10936.52,10744.86,74790000.0,-1.3
2022-11-28,10746.64,10683.82,10837.48,10577.76,111180000.0,-0.46
2022-11-29,10752.01,10761.95,10826.9,10718.84,109810000.0,0.05
2022-11-30,10896.91,10749.86,10896.91,10683.47,169560000.0,1.35
2022-12-01,10822.65,10928.97,10957.64,10822.65,123160000.0,-0.68
2022-12-04,10723.95,10853.78,10858.66,10722.67,85620000.0,-0.91
2022-12-05,10419.15,10735.57,10737.98,10419.15,116630000.0,-2.84
2022-12-06,10444.27,10405.83,10444.27,10265.63,133300000.00000001,0.24
2022-12-07,10185.14,10443.52,10466.64,10185.14,115300000.0,-2.48
2022-12-08,10246.61,10209.21,10308.63,10089.12,113400000.0,0.6
2022-12-11,10138.31,10263.99,10326.44,10122.0,84260000.0,-1.06
2022-12-12,10033.19,10168.17,10168.17,9950.17,642150000.0,-1.04
2022-12-13,10221.14,10077.88,10303.6,10067.47,534380000.0,1.87
2022-12-14,10248.12,10289.82,10386.11,10204.87,347940000.0,0.26
2022-12-15,10290.42,10232.49,10294.65,10181.92,231700000.0,0.41
2022-12-18,10251.68,10268.56,10316.61,10233.96,117490000.0,-0.38
2022-12-19,10186.18,10265.17,10267.41,10128.14,163850000.0,-0.64
2022-12-20,10280.15,10159.91,10280.15,10051.08,136790000.0,0.92
2022-12-21,10276.94,10298.12,10323.38,10248.62,137820000.0,-0.03
2022-12-22,10215.79,10297.28,10315.3,10215.79,100380000.0,-0.6
2022-12-25,10234.52,10230.96,10255.63,10208.77,79760000.0,0.18
2022-12-26,10228.64,10239.11,10254.25,10220.33,85570000.0,-0.06
2022-12-27,10359.26,10236.61,10392.35,10210.44,104450000.0,1.28
2022-12-28,10485.29,10355.5,10485.29,10321.74,134960000.0,1.22
2022-12-29,10478.46,10482.07,10542.65,10447.63,115000000.0,-0.07
2023-01-01,10546.67,10505.57,10565.61,10500.21,77060000.0,0.65
2023-01-02,10578.34,10556.56,10588.96,10515.82,149280000.0,0.3
2023-01-03,10660.94,10584.96,10667.08,10581.35,144950000.0,0.78
2023-01-04,10531.9,10644.61,10697.71,10514.09,242420000.0,-1.21
2023-01-05,10531.83,10530.43,10531.83,10441.64,176450000.0,0.0
2023-01-08,10536.91,10544.66,10580.12,10517.23,109730000.0,0.05
2023-01-09,10647.18,10545.86,10647.18,10541.08,136630000.0,1.05
2023-01-10,10634.06,10659.39,10660.37,10595.52,143990000.0,-0.12
2023-01-11,10617.49,10644.36,10676.64,10602.18,213750000.0,-0.16
2023-01-12,10744.22,10630.62,10744.22,10624.32,186390000.0,1.19
2023-01-15,10726.87,10762.94,10808.5,10721.11,141860000.0,-0.16
2023-01-16,10728.45,10720.03,10744.82,10681.74,146250000.0,0.01
2023-01-17,10682.9,10718.15,10722.02,10610.79,171140000.0,-0.42
2023-01-18,10664.04,10674.17,10713.8,10644.76,127830000.0,-0.18
2023-01-19,10682.01,10609.01,10686.76,10579.26,101070000.0,0.17
2023-01-22,10724.62,10716.73,10748.39,10701.53,98280000.0,0.4
2023-01-23,10765.77,10727.44,10765.77,10692.95,128009999.99999999,0.38
2023-01-24,10795.6,10767.71,10813.86,10767.26,115470000.0,0.28
2023-01-25,10809.15,10795.57,10822.72,10735.78,144170000.0,0.13
2023-01-26,10821.65,10814.05,10837.61,10774.61,125940000.0,0.12
2023-01-29,10839.49,10855.91,10858.34,10809.91,117350000.0,0.16
2023-01-30,10810.68,10839.91,10842.75,10719.79,164070000.0,-0.27
2023-01-31,10792.85,10795.96,10795.96,10717.3,147580000.0,-0.16
2023-02-01,10783.73,10788.79,10800.14,10739.82,132310000.0,-0.08
2023-02-02,10701.79,10757.05,10768.91,10650.08,172360000.0,-0.76
2023-02-05,10558.58,10681.17,10682.3,10526.78,213300000.0,-1.34
2023-02-06,10555.71,10543.08,10566.57,10451.33,175420000.0,-0.03
2023-02-07,10469.5,10589.01,10596.27,10468.1,164700000.0,-0.82
2023-02-08,10507.72,10476.45,10520.33,10443.4,157420000.0,0.37
2023-02-09,10412.16,10518.05,10518.44,10391.88,117330000.0,-0.91
2023-02-12,10419.44,10406.52,10438.16,10364.16,143630000.0,0.07
2023-02-13,10519.74,10426.57,10531.47,10426.5,190530000.0,0.96
2023-02-14,10496.59,10538.78,10559.69,10476.09,128419999.99999999,-0.22
2023-02-15,10573.05,10454.13,10573.05,10451.41,157980000.0,0.73
2023-02-16,10548.45,10572.3,10589.8,10547.23,165950000.0,-0.23
2023-02-19,10493.17,10551.3,10551.3,10471.9,124900000.0,-0.52
2023-02-20,10370.97,10488.2,10492.9,10366.55,127440000.0,-1.16
2023-02-21,10269.73,10370.43,10370.97,10235.06,117770000.0,-0.98
2023-02-23,10153.3,10234.86,10234.88,10148.96,136900000.0,-1.13
2023-02-26,10051.78,10155.83,10172.19,10040.3,105780000.0,-1.0
2023-02-27,9994.79,10052.85,10065.96,9963.58,161140000.0,-0.57
2023-02-28,10102.7,9984.81,10118.75,9930.86,237060000.0,1.08
2023-03-01,10192.26,10123.27,10216.23,10094.52,168640000.0,0.89
2023-03-02,10277.76,10238.71,10330.82,10235.08,171390000.0,0.84
2023-03-05,10411.26,10345.82,10411.26,10335.24,114100000.0,1.3
2023-03-06,10447.96,10420.87,10447.96,10397.6,168030000.0,0.35
2023-03-07,10473.32,10453.39,10533.84,10446.96,175920000.0,0.24
2023-03-08,10410.21,10420.07,10420.67,10327.5,148270000.0,-0.6
2023-03-09,10463.18,10411.87,10513.45,10400.59,142860000.0,0.51
2023-03-12,10383.82,10432.13,10451.8,10358.73,134430000.0,-0.76
2023-03-13,10305.09,10414.66,10462.89,10305.09,169010000.0,-0.76
2023-03-14,10207.17,10284.01,10326.55,10207.17,146520000.0,-0.95
2023-03-15,10048.5,10233.13,10264.8,10046.44,197780000.0,-1.55
2023-03-16,9976.65,10042.63,10083.09,9932.88,231180000.0,-0.72
2023-03-19,10157.73,10012.86,10163.67,10008.38,118010000.0,1.82
2023-03-20,10218.12,10122.74,10218.12,10098.31,178870000.0,0.59
2023-03-21,10359.74,10242.22,10371.36,10242.22,157680000.0,1.39
2023-03-22,10350.51,10352.94,10422.76,10334.43,154460000.0,-0.09
2023-03-23,10446.39,10334.83,10446.39,10302.2,128340000.0,0.93
2023-03-26,10459.36,10441.3,10476.42,10426.4,122200000.0,0.12
2023-03-27,10463.61,10456.91,10533.96,10440.12,231410000.0,0.04
2023-03-28,10468.08,10486.67,10531.23,10416.11,232030000.0,0.04
2023-03-29,10503.18,10472.89,10503.18,10452.21,250910000.0,0.34
2023-03-30,10590.1,10515.75,10590.1,10508.92,218780000.0,0.83
2023-04-02,10636.62,10616.35,10690.02,10616.35,178340000.0,0.44
2023-04-03,10806.89,10701.03,10806.89,10698.96,229550000.0,1.6
2023-04-04,10948.6,10835.69,10948.6,10832.57,232170000.0,1.31
2023-04-05,10920.63,10965.86,10967.63,10879.73,202510000.0,-0.26
2023-04-06,10906.15,10902.35,10923.27,10860.69,170880000.0,-0.13
2023-04-09,10965.78,10917.5,10987.93,10916.98,211570000.0,0.55
2023-04-10,10905.48,10973.43,10977.44,10894.9,207740000.0,-0.55
2023-04-11,10849.05,10895.2,10905.33,10816.16,168090000.0,-0.52
2023-04-12,10935.39,10844.24,10935.39,10843.81,153980000.0,0.8
2023-04-13,10964.67,10942.87,10989.77,10909.46,164730000.0,0.27
2023-04-16,11032.57,10979.61,11040.01,10968.75,158580000.0,0.62
2023-04-17,11163.57,11029.07,11163.57,11028.0,178160000.0,1.19
2023-04-25,11265.11,11178.7,11265.11,11141.9,214600000.0,0.91
2023-04-26,11307.22,11264.05,11330.66,11216.92,245940000.0,0.37
2023-04-27,11271.19,11278.24,11291.61,11238.49,208170000.0,-0.32
2023-04-30,11307.77,11301.38,11350.25,11300.97,174620000.0,0.32
2023-05-01,11285.61,11316.03,11325.87,11245.44,202260000.0,-0.2
2023-05-02,11218.61,11283.74,11302.74,11170.34,190540000.0,-0.59
2023-05-03,11073.17,11144.78,11159.39,11039.16,231530000.0,-1.3
2023-05-04,11118.77,11026.46,11118.77,10999.59,175740000.0,0.41
2023-05-07,11256.65,11164.61,11259.82,11164.14,184640000.0,1.24
2023-05-08,11256.39,11256.76,11299.79,11220.53,209480000.0,0.0
2023-05-09,11305.28,11390.38,11390.83,11261.33,244520000.0,0.43
2023-05-10,11293.18,11299.05,11301.87,11233.6,222210000.0,-0.11
2023-05-11,11392.78,11297.87,11396.27,11268.13,224260000.0,0.88
2023-05-14,11348.43,11442.06,11450.5,11346.44,154360000.0,-0.39
2023-05-15,11230.2,11347.47,11354.88,11230.2,220770000.0,-1.04
2023-05-16,11206.02,11263.2,11315.13,11147.86,241450000.0,-0.22
2023-05-17,11277.6,11201.61,11277.6,11187.16,204380000.0,0.64
2023-05-18,11344.4,11295.08,11358.14,11295.08,216860000.0,0.59
2023-05-21,11341.82,11351.36,11368.28,11315.06,167420000.0,-0.02
2023-05-22,11329.19,11334.22,11345.02,11296.94,212040000.0,-0.11
2023-05-23,11275.77,11333.8,11343.13,11275.77,215420000.0,-0.47
2023-05-24,11236.27,11271.28,11275.05,11184.94,176230000.0,-0.35
2023-05-25,11184.57,11226.72,11230.67,11181.47,168450000.0,-0.46
2023-05-28,11138.05,11196.04,11223.34,11133.63,158580000.0,-0.42
2023-05-29,11135.67,11139.42,11171.28,11121.54,157160000.0,-0.02
2023-05-30,11139.98,11156.09,11202.99,11139.98,150880000.0,0.04
2023-05-31,11014.13,11119.84,11122.66,10987.02,341610000.0,-1.13
2023-06-01,11014.95,11034.48,11085.7,11014.95,174950000.0,0.01
2023-06-04,11221.96,11092.83,11221.96,11087.33,140620000.0,1.88
2023-06-05,11293.59,11235.44,11340.35,11229.62,182010000.0,0.64
2023-06-06,11316.87,11300.94,11316.87,11267.85,190670000.0,0.21
2023-06-07,11372.83,11340.23,11378.77,11327.6,180780000.0,0.49
2023-06-08,11397.14,11379.25,11397.14,11336.2,188360000.0,0.21
2023-06-11,11396.13,11393.02,11440.25,11388.51,167520000.0,-0.01
2023-06-12,11423.13,11400.27,11424.78,11345.11,196500000.0,0.24
2023-06-13,11413.82,11421.12,11464.85,11412.32,241710000.0,-0.08
2023-06-14,11533.03,11430.53,11542.33,11427.76,282840000.0,1.04
2023-06-15,11516.14,11541.34,11572.41,11491.06,586980000.0,-0.15
2023-06-18,11516.89,11535.36,11572.89,11511.3,449970000.0,0.01
2023-06-19,11421.7,11501.61,11510.2,11388.33,303050000.0,-0.83
2023-06-20,11431.37,11395.46,11431.37,11354.88,233730000.0,0.08
2023-06-21,11466.17,11428.09,11466.17,11411.6,193640000.0,0.3
2023-06-22,11458.98,11462.14,11493.91,11445.24,235140000.0,-0.06
2023-07-02,11493.91,11491.76,11522.87,11481.73,181420000.0,0.3
2023-07-03,11545.13,11508.35,11545.13,11463.83,265700000.0,0.45
2023-07-04,11618.72,11557.8,11618.72,11552.6,247290000.0,0.64
2023-07-05,11591.55,11615.91,11637.41,11568.0,292730000.0,-0.23
2023-07-06,11597.91,11596.0,11598.61,11553.97,281860000.0,0.05
2023-07-09,11609.35,11590.76,11618.03,11557.67,317880000.0,0.1
2023-07-10,11586.93,11594.38,11624.22,11565.82,474240000.0,-0.19
2023-07-11,11664.5,11604.16,11673.27,11603.25,354980000.0,0.67
2023-07-12,11727.19,11685.53,11758.79,11678.72,443510000.0,0.54
2023-07-13,11707.87,11740.65,11750.37,11695.62,410120000.0,-0.16
2023-07-16,11715.5,11733.2,11754.37,11694.07,275380000.0,0.07
2023-07-17,11780.27,11713.39,11784.99,11671.15,273980000.0,0.55
2023-07-18,11768.71,11794.96,11826.34,11726.76,326490000.0,-0.1
2023-07-19,11752.63,11768.5,11786.26,11733.82,254020000.0,-0.14
2023-07-20,11755.94,11767.83,11775.56,11723.65,245370000.0,0.03
2023-07-23,11760.3,11757.07,11773.25,11715.77,167710000.0,0.04
2023-07-24,11801.9,11761.42,11819.51,11740.82,273000000.0,0.35
2023-07-25,11882.68,11842.11,11896.87,11834.82,243220000.0,0.68
2023-07-26,11906.13,11892.58,11917.29,11848.73,251320000.0,0.2
2023-07-27,11847.72,11894.32,11933.68,11847.72,234060000.0,-0.49
2023-07-30,11789.28,11854.55,11869.09,11763.21,173090000.0,-0.49
2023-07-31,11692.23,11786.5,11786.5,11640.15,215810000.0,-0.82
2023-08-01,11636.07,11674.88,11707.21,11602.01,212810000.0,-0.48
2023-08-02,11478.28,11610.17,11613.71,11472.53,204560000.0,-1.36
2023-08-03,11375.78,11441.86,11496.28,11375.78,257940000.0,-0.89
2023-08-06,11351.48,11408.39,11437.72,11344.44,168550000.0,-0.21
2023-08-07,11271.94,11350.83,11425.45,11235.15,271440000.0,-0.7
2023-08-08,11244.27,11302.31,11379.04,11244.27,219910000.0,-0.25
2023-08-09,11286.21,11263.98,11310.35,11194.2,246170000.0,0.37
2023-08-10,11424.12,11283.49,11450.77,11283.49,215990000.0,1.22
2023-08-13,11546.15,11440.07,11554.34,11439.11,231680000.0,1.07
2023-08-14,11493.82,11532.96,11549.5,11474.66,232350000.0,-0.45
2023-08-15,11412.88,11491.45,11494.68,11398.59,198070000.0,-0.7
2023-08-16,11392.76,11391.1,11488.14,11348.87,194430000.0,-0.18
2023-08-17,11451.31,11375.92,11467.59,11352.73,232390000.0,0.51
2023-08-20,11501.42,11454.35,11514.75,11449.95,151140000.0,0.44
2023-08-21,11408.45,11529.64,11536.68,11408.45,213730000.0,-0.81
2023-08-22,11377.55,11394.61,11432.89,11364.84,181340000.0,-0.27
2023-08-23,11367.07,11382.23,11450.17,11367.07,201160000.0,-0.09
2023-08-24,11405.3,11395.98,11446.52,11392.41,227280000.0,0.34
2023-08-27,11470.11,11424.48,11487.37,11424.48,163650000.0,0.57
2023-08-28,11464.26,11479.57,11506.45,11462.57,176710000.0,-0.05
2023-08-29,11442.56,11477.15,11488.45,11415.75,169120000.0,-0.19
2023-08-30,11574.75,11463.36,11579.26,11458.53,182320000.0,1.16
2023-08-31,11491.2,11572.83,11593.02,11491.2,306560000.0,-0.72
2023-09-03,11455.78,11488.48,11511.16,11432.3,154050000.0,-0.31
2023-09-04,11430.87,11466.69,11492.79,11412.86,188740000.0,-0.22
2023-09-05,11410.98,11444.6,11451.87,11376.68,190530000.0,-0.17
2023-09-06,11298.16,11403.56,11415.97,11281.01,212240000.0,-0.99
2023-09-07,11215.56,11300.99,11308.46,11199.7,209020000.0,-0.73
2023-09-10,11154.05,11210.63,11218.68,11124.56,169780000.0,-0.55
2023-09-11,11235.14,11161.47,11235.14,11132.75,231710000.0,0.73
2023-09-12,11156.26,11240.6,11246.57,11121.83,233920000.0,-0.7
2023-09-13,11122.23,11131.3,11158.2,11086.66,235280000.0,-0.31
2023-09-14,11154.54,11132.11,11154.54,11095.14,233770000.0,0.29
2023-09-17,11104.15,11159.63,11165.22,11099.52,147980000.0,-0.45
2023-09-18,11036.04,11105.71,11148.51,11002.96,204630000.0,-0.61
2023-09-19,11070.77,11029.28,11082.83,10992.25,186120000.0,0.31
2023-09-20,11061.5,11081.77,11082.01,11026.16,182550000.0,-0.08
2023-09-21,10949.42,11090.14,11090.59,10946.03,166030000.0,-1.01
2023-09-25,10877.94,10931.24,11004.31,10877.94,190120000.0,-0.65
2023-09-26,10918.24,10875.17,10963.27,10819.68,203840000.0,0.37
2023-09-27,11076.94,10922.09,11076.94,10905.01,204640000.0,1.45
2023-09-28,11055.96,11103.35,11146.29,11049.96,181090000.0,-0.19
2023-10-01,11040.17,11078.23,11079.89,11026.12,143240000.0,-0.14
2023-10-02,11005.94,11028.99,11101.45,11005.94,170810000.0,-0.31
2023-10-03,10952.34,10998.77,11007.12,10943.54,166330000.0,-0.49
2023-10-04,10840.27,10932.98,10935.77,10826.64,323100000.0,-1.02
2023-10-05,10764.85,10848.32,10851.36,10760.05,151160000.0,-0.7
2023-10-08,10596.02,10759.23,10770.48,10576.22,201080000.0,-1.57
2023-10-09,10575.34,10578.62,10651.19,10532.51,193330000.0,-0.2
2023-10-10,10640.06,10617.23,10679.63,10584.76,218600000.0,0.61
2023-10-11,10572.7,10651.9,10699.3,10523.83,289660000.0,-0.63
2023-10-12,10586.22,10566.42,10600.89,10466.77,284440000.0,0.13
2023-10-15,10542.86,10585.75,10588.53,10510.57,153210000.0,-0.41
2023-10-16,10622.12,10532.93,10622.12,10501.64,179180000.0,0.75
2023-10-17,10731.4,10626.48,10774.04,10614.05,207960000.0,1.03
2023-10-18,10714.06,10729.8,10784.32,10687.15,197820000.0,-0.16
2023-10-19,10654.56,10708.81,10737.17,10621.85,144510000.0,-0.56
2023-10-22,10496.16,10637.32,10643.99,10494.46,150800000.0,-1.49
2023-10-23,10293.19,10482.94,10552.44,10293.19,212840000.0,-1.93
2023-10-24,10379.71,10300.57,10396.15,10262.38,195390000.0,0.84
2023-10-25,10504.76,10422.38,10504.76,10368.56,187240000.0,1.2
2023-10-26,10408.94,10471.06,10499.72,10395.83,156160000.0,-0.91
2023-10-29,10482.85,10418.79,10492.24,10354.04,118170000.0,0.71
2023-10-30,10535.87,10501.03,10626.53,10500.25,171950000.0,0.51
2023-10-31,10690.09,10561.73,10700.08,10534.47,215150000.0,1.46
2023-11-01,10814.89,10700.25,10866.87,10601.45,274550000.0,1.17
2023-11-02,10853.36,10828.58,10990.41,10819.59,219250000.0,0.36
2023-11-05,10938.95,10916.26,10950.12,10877.09,181590000.0,0.79
2023-11-06,10948.86,10921.69,10974.48,10874.14,255480000.0,0.09
2023-11-07,10945.97,10957.02,10988.05,10898.98,185290000.0,-0.03
2023-11-08,10928.76,10939.44,10979.61,10878.29,217620000.0,-0.16
2023-11-09,10840.76,10913.2,10922.96,10814.28,173900000.0,-0.81
2023-11-12,10833.64,10836.21,10883.01,10820.14,202650000.0,-0.07
2023-11-13,10789.75,10845.42,10846.96,10758.46,221950000.0,-0.41
2023-11-14,10857.1,10791.5,10902.87,10786.84,263190000.0,0.62
2023-11-15,11022.89,10904.16,11022.89,10902.32,242760000.0,1.53
2023-11-16,11081.97,11014.91,11081.97,11001.78,247170000.0,0.54
2023-11-19,11137.03,11095.02,11145.53,11091.82,264720000.00000003,0.5
2023-11-20,11118.94,11111.68,11126.08,11084.69,275280000.0,-0.16
2023-11-21,11129.1,11119.19,11149.34,11090.07,266120000.0,0.09
2023-11-22,11099.98,11125.7,11131.65,11067.75,200520000.0,-0.26
2023-11-23,11078.08,11093.24,11116.45,11050.19,167880000.0,-0.2
2023-11-26,11090.42,11078.04,11103.39,11069.21,225140000.0,0.11
2023-11-27,11080.74,11079.9,11105.52,11049.73,226320000.0,-0.09
2023-11-28,11100.92,11087.22,11112.94,11063.63,207220000.0,0.18
2023-11-29,11103.05,11140.39,11145.98,11072.4,301130000.0,0.02
2023-11-30,11177.48,11092.68,11177.48,11061.78,295680000.0,0.67
2023-12-03,11219.02,11178.19,11226.84,11162.38,218120000.0,0.37
2023-12-04,11191.39,11225.43,11242.6,11191.39,234760000.0,-0.25
2023-12-05,11143.83,11199.22,11213.12,11118.94,235920000.0,-0.42
2023-12-06,11174.02,11146.87,11198.87,11138.07,243740000.0,0.27
2023-12-07,11225.35,11162.29,11229.15,11145.33,242800000.0,0.46
2023-12-10,11296.72,11223.44,11307.38,11216.99,227440000.0,0.64
2023-12-11,11380.95,11302.48,11396.87,11274.42,258640000.0,0.75
2023-12-12,11395.0,11386.5,11423.16,11346.59,252130000.0,0.12
2023-12-13,11401.47,11398.69,11414.47,11349.37,203190000.0,0.06
2023-12-14,11542.93,11439.31,11554.08,11435.22,308510000.0,1.24
2023-12-17,11600.72,11579.37,11637.08,11572.21,194520000.0,0.5
2023-12-18,11676.34,11596.41,11683.84,11543.75,260540000.00000003,0.65
2023-12-19,11713.46,11654.0,11713.46,11642.36,234550000.0,0.32
2023-12-20,11702.9,11725.36,11725.47,11673.91,228970000.0,-0.09
2023-12-21,11621.93,11660.13,11667.81,11593.98,200990000.0,-0.69
2023-12-24,11690.65,11636.7,11696.26,11632.47,173250000.0,0.59
2023-12-25,11813.09,11696.21,11816.41,11695.19,199220000.0,1.05
2023-12-26,11872.63,11827.7,11914.06,11824.57,241600000.0,0.5
2023-12-27,11889.35,11904.18,11944.1,11830.14,280670000.0,0.14
2023-12-28,11931.92,11896.55,11931.92,11865.7,244140000.0,0.36
2023-12-31,11967.39,11941.79,11982.06,11934.45,205200000.0,0.3
2024-01-01,12037.04,12003.36,12051.95,12001.99,248890000.0,0.58
2024-01-02,12123.08,12049.66,12123.08,12011.36,366620000.0,0.71
2024-01-03,11928.89,12091.54,12137.68,11928.89,604140000.0,-1.6
2024-01-04,12145.45,11863.01,12145.45,11821.26,464990000.0,1.82
2024-01-07,12285.07,12201.2,12323.79,12189.13,378520000.0,1.15
2024-01-08,12252.06,12291.06,12344.38,12231.73,402900000.0,-0.27
2024-01-09,12197.61,12258.72,12299.93,12197.61,433900000.0,-0.44
2024-01-10,12136.9,12214.36,12239.59,12136.9,427840000.0,-0.5
2024-01-11,12116.09,12166.73,12213.62,12116.09,414830000.0,-0.17
2024-01-14,12060.03,12073.54,12087.73,12017.94,336010000.0,-0.46
2024-01-15,12122.11,12066.06,12158.2,12057.74,311910000.0,0.51
2024-01-16,12077.58,12126.4,12139.01,12054.63,365430000.0,-0.37
2024-01-17,12063.0,12093.86,12125.77,12048.49,365740000.0,-0.12
2024-01-18,11959.07,12063.36,12095.66,11869.24,399120000.0,-0.86
2024-01-21,12003.66,12010.14,12061.09,11984.84,278190000.0,0.37
2024-01-22,12110.32,12054.66,12127.98,12037.81,337480000.0,0.89
2024-01-23,12105.33,12137.25,12164.95,12066.04,307020000.0,-0.04
2024-01-24,12174.18,12114.84,12198.8,12099.11,241430000.0,0.57
2024-01-25,12161.56,12174.48,12195.73,12140.58,318990000.0,-0.1
2024-01-28,12264.17,12182.2,12283.25,12180.0,261170000.00000003,0.84
2024-01-29,12252.81,12281.91,12313.28,12235.11,286620000.0,-0.09
2024-01-30,11985.97,12261.99,12279.76,11951.44,355880000.0,-2.18
2024-01-31,11796.63,11938.34,12033.66,11796.63,282470000.0,-1.58
2024-02-01,11914.29,11786.64,11928.48,11770.9,362520000.0,1.0
2024-02-04,11962.72,11913.72,11962.72,11898.59,237870000.0,0.41
2024-02-05,12024.91,12012.9,12071.92,11963.15,294830000.0,0.52
2024-02-06,12071.41,12035.49,12071.41,11943.34,320850000.0,0.39
2024-02-07,12165.93,12031.58,12165.93,12026.47,306740000.0,0.78
2024-02-08,12202.78,12174.95,12274.62,12149.81,345730000.0,0.3
2024-02-11,12209.06,12223.96,12272.34,12179.23,274200000.0,0.05
2024-02-12,12295.91,12209.17,12295.91,12195.25,377990000.0,0.71
2024-02-13,12404.59,12299.85,12413.11,12299.85,388470000.0,0.88
2024-02-14,12438.77,12351.03,12451.84,12312.29,335400000.0,0.28
2024-02-15,12484.59,12447.09,12516.64,12438.7,456140000.0,0.37
2024-02-18,12502.0,12494.91,12534.05,12483.65,386400000.0,0.14
2024-02-19,12594.57,12502.62,12594.57,12455.65,422620000.0,0.74
2024-02-20,12606.5,12611.58,12619.94,12533.55,364940000.0,0.09
2024-02-21,12634.33,12612.66,12660.48,12582.24,301110000.0,0.22
2024-02-25,12604.59,12641.04,12661.87,12591.61,385400000.0,-0.24
2024-02-26,12531.76,12597.21,12668.91,12531.76,468770000.0,-0.58
2024-02-27,12601.55,12526.36,12622.89,12503.69,462240000.0,0.56
2024-02-28,12611.42,12594.44,12612.49,12572.1,490030000.0,0.08
2024-02-29,12630.86,12615.06,12654.38,12607.87,549480000.0,0.15
2024-03-03,12555.2,12630.4,12645.45,12545.64,346820000.0,-0.6
2024-03-04,12434.59,12568.35,12606.06,12426.73,403110000.0,-0.96
2024-03-05,12470.15,12436.47,12488.5,12399.46,386640000.0,0.29
2024-03-06,12561.9,12474.13,12574.25,12434.26,343890000.0,0.74
2024-03-07,12577.88,12569.77,12638.55,12532.38,439820000.0,0.13
2024-03-10,12618.62,12617.47,12653.98,12599.56,312330000.0,0.32
2024-03-11,12555.72,12631.12,12631.94,12505.61,419220000.0,-0.5
2024-03-12,12613.94,12571.37,12627.14,12553.28,356150000.0,0.46
2024-03-13,12723.15,12631.67,12752.24,12628.52,425420000.0,0.87
2024-03-14,12728.53,12724.16,12788.21,12677.29,469380000.0,0.04
2024-03-17,12762.43,12744.29,12799.02,12722.37,379820000.0,0.27
2024-03-18,12772.46,12783.22,12808.15,12656.93,672040000.0,0.08
2024-03-19,12804.0,12774.45,12823.3,12735.99,456180000.0,0.25
2024-03-20,12739.33,12815.37,12830.28,12736.33,353330000.0,-0.51
2024-03-21,12835.65,12773.26,12879.9,12772.97,371480000.0,0.76
2024-03-24,12796.09,12869.09,12883.29,12779.07,340480000.0,-0.31
2024-03-25,12656.94,12727.52,12776.96,12656.94,334680000.0,-1.09
2024-03-26,12585.54,12660.02,12733.69,12583.88,349450000.0,-0.56
2024-03-27,12607.98,12590.22,12635.52,12551.51,294080000.0,0.18
2024-03-28,12565.89,12682.96,12717.02,12507.3,424240000.0,-0.33
2024-03-31,12401.56,12552.21,12564.89,12378.12,339620000.0,-1.31
2024-04-01,12423.01,12389.58,12526.1,12373.39,246760000.0,0.17
2024-04-02,12476.59,12406.6,12476.59,12379.56,274680000.0,0.43
2024-04-03,12622.22,12498.47,12633.48,12483.74,279120000.0,1.17
2024-04-04,12705.42,12664.01,12725.72,12609.92,271120000.0,0.66
2024-04-14,12666.9,12465.72,12727.52,12458.98,243170000.0,-0.3
2024-04-15,12708.34,12665.89,12812.13,12640.44,346580000.0,0.33
2024-04-16,12500.43,12721.87,12734.4,12495.68,371830000.0,-1.64
2024-04-17,12465.98,12518.01,12544.11,12346.13,367270000.0,-0.28
2024-04-18,12502.35,12481.58,12540.09,12450.26,311280000.0,0.29
2024-04-21,12518.22,12565.16,12583.65,12489.35,316890000.0,0.13
2024-04-22,12508.93,12544.57,12574.8,12469.49,518789999.99999994,-0.07
2024-04-23,12484.41,12535.43,12625.29,12454.49,409660000.0,-0.2
2024-04-24,12355.69,12506.72,12548.95,12302.84,388760000.0,-1.03
2024-04-25,12254.53,12389.14,12433.7,12238.4,271280000.0,-0.82
2024-04-28,12231.54,12263.16,12285.35,12185.13,189220000.0,-0.19
2024-04-29,12369.46,12273.7,12394.23,12251.77,316450000.0,1.13
2024-04-30,12394.91,12401.15,12403.88,12307.92,277940000.0,0.21
2024-05-01,12345.65,12374.39,12411.67,12316.02,258800000.0,-0.4
2024-05-02,12352.33,12350.8,12380.08,12331.44,254590000.0,0.05
2024-05-05,12373.11,12386.96,12439.68,12352.37,210630000.0,0.17
2024-05-06,12372.5,12386.02,12432.11,12334.09,261980000.00000003,0.0
2024-05-07,12357.99,12386.68,12391.43,12306.8,315160000.0,-0.12
2024-05-08,12460.11,12363.1,12460.11,12358.72,297610000.0,0.83
2024-05-09,12284.41,12464.26,12467.88,12284.41,295860000.0,-1.41
2024-05-12,12217.05,12278.23,12284.03,12192.82,231140000.0,-0.55
2024-05-13,12259.6,12207.78,12280.92,12146.66,269610000.0,0.35
2024-05-14,12120.91,12263.47,12286.69,12097.31,285170000.0,-1.13
2024-05-15,12103.2,12114.53,12176.99,12089.01,246750000.0,-0.15
2024-05-16,12198.44,12146.1,12222.78,12124.5,263800000.0,0.79
2024-05-19,12198.38,12195.46,12222.63,12105.92,200180000.0,0.0
2024-05-20,12125.36,12154.65,12179.43,12059.17,207320000.0,-0.6
2024-05-21,12122.48,12119.04,12145.45,12085.34,191550000.0,-0.02
2024-05-22,12157.03,12116.64,12157.03,12066.02,214940000.0,0.29
2024-05-23,11995.99,12152.61,12156.2,11994.82,221720000.0,-1.32
2024-05-26,11850.64,11998.05,12017.71,11831.52,164900000.0,-1.21
2024-05-27,11831.22,11890.96,11903.97,11769.38,214780000.0,-0.16
2024-05-28,11659.94,11852.52,11863.35,11659.94,208460000.0,-1.45
2024-05-29,11696.51,11674.82,11735.38,11594.35,246480000.0,0.31
2024-05-30,11503.49,11697.23,11703.48,11503.49,416050000.0,-1.65
2024-06-02,11625.1,11556.51,11625.1,11443.55,223920000.0,1.06
2024-06-03,11808.25,11682.16,11831.21,11655.84,388980000.0,1.58
2024-06-04,11612.03,11809.43,11812.37,11612.03,306640000.0,-1.66
2024-06-05,11553.16,11650.54,11655.07,11467.87,285280000.0,-0.51
2024-06-06,11560.39,11564.07,11655.43,11525.78,249360000.0,0.06
2024-06-09,11855.11,11569.4,11899.05,11556.15,1960000000.0,2.55
2024-06-10,11853.82,11889.96,11954.2,11835.18,370650000.0,-0.01
2024-06-11,11775.47,11839.93,11907.34,11768.95,494340000.0,-0.66
2024-06-12,11651.81,11777.96,11799.66,11651.81,529059999.99999994,-1.05
2024-06-13,11498.93,11674.05,11691.19,11498.93,403330000.0,-1.31
2024-06-23,11729.97,11646.1,11741.05,11633.33,205740000.0,2.01
2024-06-24,11697.04,11724.41,11821.35,11639.29,292440000.0,-0.28
2024-06-25,11730.77,11670.1,11750.44,11659.72,261160000.00000003,0.29
2024-06-26,11656.35,11732.73,11733.85,11652.51,287590000.0,-0.63
2024-06-27,11729.62,11678.04,11763.01,11677.09,300030000.0,0.63
2024-06-30,11679.5,11738.6,11758.67,11679.5,229590000.0,-0.43
2024-07-01,11658.53,11697.91,11763.98,11616.22,273680000.0,-0.18
2024-07-02,11606.09,11661.3,11682.14,11606.09,315310000.0,-0.45
2024-07-03,11595.2,11626.04,11626.04,11557.66,225550000.0,-0.09
2024-07-04,11658.66,11601.94,11658.66,11567.16,186450000.0,0.55
2024-07-07,11688.61,11672.19,11716.77,11645.13,195300000.0,0.26
2024-07-08,11718.17,11680.43,11724.29,11629.62,212690000.0,0.25
2024-07-09,11779.83,11711.16,11779.83,11707.09,209780000.0,0.53
2024-07-10,11784.09,11778.33,11805.04,11747.34,211320000.0,0.04
2024-07-11,11792.41,11767.88,11814.01,11744.75,219350000.0,0.07
2024-07-14,11881.55,11800.03,11891.35,11796.93,215160000.0,0.76
2024-07-15,11947.7,11896.61,11947.7,11831.66,243230000.0,0.56
2024-07-16,12080.37,11958.17,12080.37,11950.71,230580000.0,1.11
2024-07-17,12157.61,12090.22,12177.53,12084.48,239760000.0,0.64
2024-07-18,12188.32,12158.52,12188.32,12117.22,387140000.0,0.25
2024-07-21,12202.93,12170.41,12202.93,12136.47,345020000.0,0.12
2024-07-22,12174.76,12194.25,12234.56,12163.43,439530000.0,-0.23
2024-07-23,12105.54,12167.59,12172.47,12095.14,296330000.0,-0.57
2024-07-24,12101.21,12090.79,12123.9,12047.92,259510000.0,-0.04
2024-07-25,12026.21,12093.19,12094.52,12007.73,277960000.0,-0.62
2024-07-28,12175.43,12047.24,12178.52,12047.24,285350000.0,1.24
2024-07-29,12121.4,12181.88,12205.27,12113.48,303050000.0,-0.44
2024-07-30,12064.65,12114.49,12127.02,12045.59,279220000.0,-0.47
2024-07-31,12109.52,12065.23,12109.52,12004.48,352460000.0,0.37
2024-08-01,12045.78,12102.61,12123.69,11992.63,235060000.0,-0.53
2024-08-04,11754.37,11803.94,11867.83,11722.16,334150000.0,-2.42
2024-08-05,11504.46,11620.87,11648.84,11318.09,453720000.0,-2.13
2024-08-06,11679.16,11543.05,11752.03,11543.05,404090000.0,1.52
2024-08-07,11729.71,11754.3,11791.63,11696.94,311030000.0,0.43
2024-08-08,11667.12,11736.26,11749.0,11632.68,283520000.0,-0.53
2024-08-11,11771.69,11735.18,11798.09,11727.23,240630000.0,0.9
2024-08-12,11740.66,11768.81,11794.21,11721.45,251890000.0,-0.26
2024-08-13,11796.84,11753.22,11798.11,11712.97,209700000.0,0.48
2024-08-14,11849.65,11809.89,11873.44,11793.99,260350000.00000003,0.45
2024-08-15,11915.02,11873.97,11936.82,11872.42,300010000.0,0.55
2024-08-18,11981.4,11919.27,11989.42,11919.27,249560000.0,0.56
2024-08-19,12023.03,11988.91,12023.03,11965.35,346190000.0,0.35
2024-08-20,12103.82,12035.46,12114.06,11997.63,349490000.0,0.67
2024-08-21,12187.44,12092.7,12202.31,12070.72,404020000.0,0.69
2024-08-22,12194.43,12194.16,12220.51,12141.89,325310000.0,0.06
2024-08-25,12262.64,12260.51,12320.11,12245.48,297920000.0,0.56
2024-08-26,12261.18,12302.03,12329.95,12226.06,351770000.0,-0.01
2024-08-27,12182.2,12266.38,12266.82,12179.07,322350000.0,-0.64
2024-08-28,12117.15,12178.74,12209.37,12086.68,248080000.0,-0.53
2024-08-29,12145.15,12122.98,12145.15,12066.68,417480000.0,0.23
2024-09-01,12189.4,12162.65,12193.61,12151.27,227060000.0,0.36
2024-09-02,12167.47,12202.44,12226.99,12139.82,325710000.0,-0.18
2024-09-03,12180.37,12172.18,12203.03,12145.23,450930000.0,0.11
2024-09-04,12128.14,12072.7,12139.85,11976.38,446700000.0,-0.43
2024-09-05,12099.49,12127.26,12136.11,12087.76,604300000.0,-0.24
2024-09-08,11982.3,12035.76,12039.29,11943.6,401060000.0,-0.97
2024-09-09,11962.9,11980.89,12014.97,11947.09,618350000.0,-0.16
2024-09-10,11986.6,11994.12,12019.53,11919.26,368800000.0,0.2
2024-09-11,11766.4,11949.78,11956.6,11766.4,311320000.0,-1.84
2024-09-12,11842.55,11838.1,11885.45,11800.98,631850000.0,0.65
2024-09-15,11900.3,11876.23,11911.97,11869.62,257160000.00000003,0.49
2024-09-16,11867.37,11910.17,11918.78,11844.13,538990000.0,-0.28
2024-09-17,11885.66,11867.89,11891.41,11845.39,432500000.0,0.15
2024-09-18,11920.94,11865.34,11938.56,11837.93,365590000.0,0.3
2024-09-19,12080.47,11968.78,12080.47,11938.08,361600000.0,1.34
2024-09-22,12129.62,12105.12,12138.77,12084.62,233190000.0,0.41
2024-09-24,12268.42,12141.22,12268.42,12135.36,417980000.0,1.14
2024-09-25,12343.72,12269.23,12343.72,12244.15,299900000.0,0.61
2024-09-26,12374.3,12329.42,12390.54,12310.73,573740000.0,0.25
2024-09-29,12271.77,12353.18,12358.27,12263.12,503640000.0,-0.83
2024-09-30,12226.1,12293.3,12311.15,12214.55,1060000000.0,-0.37
2024-10-01,12253.54,12222.18,12279.94,12216.96,705650000.0,0.22
2024-10-02,12044.07,12145.83,12179.75,12019.15,1070000000.0000001,-1.71
2024-10-03,11957.54,12051.3,12100.06,11927.71,856530000.0,-0.72
2024-10-06,11769.04,11976.12,12004.19,11762.82,823480000.0,-1.58
2024-10-07,11913.62,11789.56,11961.58,11774.82,699120000.0,1.23
2024-10-08,12027.17,11931.6,12047.85,11910.94,969400000.0,0.95
2024-10-09,11927.33,12042.54,12052.27,11913.46,628220000.0,-0.83
2024-10-10,11994.22,11930.58,12017.53,11911.56,546940000.0,0.56
2024-10-13,12069.21,12014.01,12094.11,12014.01,690570000.0,0.63
2024-10-14,11959.67,12066.53,12069.9,11938.19,437410000.0,-0.91
2024-10-15,12001.63,11974.26,12014.0,11935.57,422100000.0,0.35
2024-10-16,12038.67,11996.35,12044.48,11987.63,1600000000.0,0.31
2024-10-17,11907.43,12043.37,12076.43,11907.43,622270000.0,-1.09
2024-10-20,11882.93,11918.69,11932.92,11845.81,297630000.0,-0.21
2024-10-21,12008.31,11895.56,12018.27,11895.22,1190000000.0,1.06
2024-10-22,11956.99,12019.68,12023.01,11941.87,504080000.0,-0.43
2024-10-23,11901.77,11953.21,11953.21,11856.45,1380000000.0,-0.46
2024-10-24,11886.06,11885.25,11904.47,11839.84,768010000.0,-0.13
2024-10-27,12068.97,12002.15,12123.23,11997.05,916990000.0,1.54
2024-10-28,12053.15,12096.17,12113.9,12053.15,584880000.0,-0.13
2024-10-29,12062.09,12069.39,12095.01,12010.38,1250000000.0,0.07
2024-10-30,12018.81,12059.82,12075.66,12010.28,571990000.0,-0.36
2024-10-31,12022.11,12024.18,12066.43,12003.56,555830000.0,0.03
2024-11-03,12048.26,12045.34,12076.85,12038.88,458940000.0,0.22
2024-11-04,12039.31,12058.17,12059.34,11960.05,647060000.0,-0.07
2024-11-05,12014.94,12028.14,12055.58,11943.11,984950000.0,-0.2
2024-11-06,12093.35,12054.41,12161.37,12044.37,981170000.0,0.65
2024-11-07,12130.83,12126.67,12158.65,12115.93,1230000000.0,0.31
2024-11-10,12103.16,12132.28,12175.69,12071.81,525600000.0,-0.23
2024-11-11,12106.41,12107.46,12162.28,12063.05,938850000.0,0.03
2024-11-12,12047.67,12104.52,12143.44,12047.67,478290000.0,-0.49
2024-11-13,11930.45,12032.1,12041.18,11923.45,365700000.0,-0.97
2024-11-14,11791.18,11915.52,11941.89,11791.18,504400000.0,-1.17
2024-11-17,11811.98,11754.27,11854.26,11747.52,516840000.00000006,0.18
2024-11-18,11830.38,11826.71,11850.34,11770.55,445480000.0,0.16
2024-11-19,11875.91,11846.74,11906.61,11830.76,635970000.0,0.38
2024-11-20,11867.92,11884.6,11918.22,11843.11,421810000.0,-0.07
2024-11-21,11840.52,11864.56,11875.03,11817.84,691440000.0,-0.23
2024-11-24,11864.9,11860.98,11926.87,11851.25,593830000.0,0.21
2024-11-25,11787.72,11865.65,11870.52,11787.72,637820000.0,-0.65
2024-11-26,11736.07,11797.79,11812.46,11723.31,362750000.0,-0.44
2024-11-27,11590.79,11742.51,11782.26,11590.79,648890000.0,-1.24
2024-11-28,11641.31,11615.83,11657.28,11589.3,376940000.0,0.44
2024-12-01,11741.74,11681.41,11757.72,11671.73,313350000.0,0.86
2024-12-02,11739.35,11748.48,11753.99,11681.55,351570000.0,-0.02
2024-12-03,11815.93,11734.58,11815.93,11725.44,365390000.0,0.65
2024-12-04,11886.86,11825.59,11886.86,11775.12,334520000.0,0.6
2024-12-05,11931.85,11892.82,11935.96,11882.35,410310000.0,0.38
2024-12-08,11955.24,11938.99,11998.62,11933.79,870830000.0,0.2
2024-12-09,12097.4,11986.99,12107.83,11966.28,586260000.0,1.19
2024-12-10,12193.64,12108.67,12202.31,12106.86,572990000.0,0.8
2024-12-11,12149.19,12215.13,12219.15,12149.19,620160000.0,-0.36
2024-12-12,12099.33,12169.97,12211.17,12099.33,373920000.0,-0.41
2024-12-15,12059.53,12108.98,12146.34,12059.03,443080000.0,-0.33
2024-12-16,12096.73,12048.74,12096.73,12046.31,320250000.0,0.31
2024-12-17,11948.72,12094.12,12094.24,11948.72,245540000.0,-1.22
2024-12-18,11961.05,11951.51,11972.05,11896.59,358550000.0,0.1
2024-12-19,11892.44,11889.69,11918.56,11835.15,476750000.0,-0.57
2024-12-22,11849.37,11898.73,11980.03,11848.12,171300000.0,-0.36
2024-12-23,11948.79,11858.72,11948.79,11835.98,194540000.0,0.84
2024-12-24,11913.95,11956.26,11974.87,11907.46,744850000.0,-0.29
2024-12-25,11892.32,11919.91,11934.79,11882.57,949970000.0,-0.18
2024-12-26,11859.47,11893.84,11913.72,11859.47,457450000.0,-0.28
2024-12-29,11892.75,11859.28,11909.77,11843.97,339260000.0,0.28
2024-12-30,12000.92,11896.83,12015.16,11896.83,392730000.0,0.91
2024-12-31,12036.5,12031.3,12082.05,12016.3,335180000.0,0.3
2025-01-01,12077.31,12053.18,12083.08,12042.15,240080000.0,0.34
2025-01-02,12102.55,12087.94,12120.49,12069.71,287050000.0,0.21
2025-01-05,12069.82,12101.88,12106.05,12048.19,254920000.0,-0.27
2025-01-06,12104.69,12076.44,12129.02,12069.49,401480000.0,0.29
2025-01-07,12113.29,12112.12,12161.91,12091.86,384440000.0,0.07
2025-01-08,12088.74,12107.64,12143.25,12076.51,535559999.99999994,-0.2
2025-01-09,12097.75,12094.05,12121.42,12041.35,358740000.0,0.07
2025-01-12,12126.97,12118.94,12143.56,12108.03,218650000.0,0.24
2025-01-13,12109.94,12134.58,12171.07,12101.45,242320000.0,-0.14
2025-01-14,12172.75,12123.6,12172.75,12109.64,375840000.0,0.52
2025-01-15,12212.24,12187.23,12222.56,12169.44,331260000.0,0.32
2025-01-16,12256.06,12236.52,12262.8,12219.49,326470000.0,0.36
2025-01-19,12331.87,12264.38,12346.82,12259.31,370540000.0,0.62
2025-01-20,12379.54,12336.51,12398.84,12335.44,278760000.0,0.39
2025-01-21,12369.63,12393.37,12402.1,12341.84,293390000.0,-0.08
2025-01-22,12362.39,12376.38,12434.54,12362.39,346100000.0,-0.06
2025-01-23,12354.04,12368.25,12392.79,12330.86,252300000.0,-0.07
2025-01-26,12386.16,12366.74,12427.35,12355.28,719840000.0,0.26
2025-01-27,12372.89,12388.31,12439.82,12372.89,455280000.0,-0.11
2025-01-28,12420.64,12391.18,12478.15,12383.92,355070000.0,0.39
2025-01-29,12439.48,12479.81,12536.28,12384.4,326590000.0,0.15
2025-01-30,12415.49,12450.28,12453.35,12401.27,274400000.0,-0.19
2025-02-02,12409.87,12427.41,12448.67,12392.43,237610000.0,-0.05
2025-02-03,12377.03,12395.57,12395.63,12315.29,272190000.0,-0.26
2025-02-04,12433.93,12371.85,12433.93,12356.88,369510000.0,0.46
2025-02-05,12414.4,12419.36,12452.1,12403.85,315560000.0,-0.16
2025-02-06,12433.58,12408.15,12438.15,12381.47,290570000.0,0.15
2025-02-09,12469.14,12438.81,12480.65,12425.9,227830000.0,0.29
2025-02-10,12471.72,12451.0,12481.93,12443.81,277270000.0,0.02
2025-02-11,12424.32,12470.01,12470.18,12415.72,314920000.0,-0.38
2025-02-12,12385.7,12415.58,12424.7,12363.32,292290000.0,-0.31
2025-02-13,12385.0,12371.81,12392.05,12351.05,232180000.0,-0.01
2025-02-16,12372.07,12386.49,12450.62,12362.71,175550000.0,-0.1
2025-02-17,12266.46,12360.97,12366.01,12238.51,219700000.0,-0.85
2025-02-18,12333.67,12279.94,12336.62,12262.92,231100000.0,0.55
2025-02-19,12317.59,12318.67,12348.16,12288.12,236660000.0,-0.13
2025-02-20,12388.15,12309.32,12388.15,12301.62,272340000.0,0.57
2025-02-24,12319.46,12374.42,12430.2,12310.89,255120000.0,-0.55
2025-02-25,12301.23,12313.67,12321.87,12208.93,219520000.0,-0.15
2025-02-26,12232.65,12300.91,12315.84,12199.92,216690000.0,-0.56
2025-02-27,12111.9,12228.12,12232.41,12111.9,303200000.0,-0.99
2025-03-02,12035.45,12124.25,12149.92,12006.09,201370000.0,-0.63
2025-03-03,12123.81,12042.53,12146.35,12007.66,257260000.0,0.73
2025-03-04,11931.7,12092.6,12111.71,11920.93,252510000.0,-1.58
2025-03-05,11898.86,11939.97,11981.76,11870.66,215240000.0,-0.28
2025-03-06,11811.11,11890.83,11907.03,11686.74,256320000.0,-0.74
2025-03-09,11836.52,11803.62,11854.14,11718.01,189150000.0,0.22
2025-03-10,11745.63,11843.21,11849.35,11724.71,259440000.0,-0.77
2025-03-11,11717.96,11671.89,11728.9,11535.39,399470000.0,-0.24
2025-03-12,11704.93,11737.3,11750.21,11659.3,334540000.0,-0.11
2025-03-13,11725.88,11706.36,11757.82,11684.94,270510000.0,0.18
2025-03-16,11853.78,11736.82,11881.35,11714.65,213780000.0,1.09
2025-03-17,11883.04,11882.62,11937.46,11849.83,236430000.0,0.25
2025-03-18,11792.4,11872.23,11880.89,11761.22,261089999.99999997,-0.76
2025-03-19,11709.43,11784.39,11787.46,11665.67,201550000.0,-0.7
2025-03-20,11760.32,11719.11,11763.81,11681.86,229080000.0,0.43
2025-03-23,11694.77,11753.94,11782.83,11694.74,142480000.0,-0.56
2025-03-24,11778.08,11711.67,11778.08,11669.54,174580000.0,0.71
2025-03-25,11706.21,11790.27,11798.88,11706.21,264230000.00000003,-0.61
2025-03-26,11970.19,11727.88,11970.19,11727.88,290190000.0,2.26
2025-03-27,12025.05,11972.79,12075.11,11970.15,251280000.0,0.46
2025-04-03,11882.65,11866.36,12007.26,11836.96,280470000.0,-1.18
2025-04-06,11077.19,11277.81,11348.99,11077.19,450170000.0,-6.78
2025-04-07,11194.02,10847.73,11225.2,10657.2,587920000.0,1.05
2025-04-08,11302.76,11393.87,11533.11,11302.76,495720000.0,0.97
2025-04-09,11096.65,11272.86,11367.01,11066.73,353150000.0,-1.82
2025-04-10,11502.54,11603.81,11605.09,11415.39,429470000.0,3.66
2025-04-13,11592.52,11565.59,11616.98,11558.99,276820000.0,0.78
2025-04-14,11597.35,11605.77,11608.87,11559.22,399250000.0,0.04
2025-04-15,11616.81,11618.78,11641.59,11595.01,340590000.0,0.17
2025-04-16,11634.42,11606.9,11637.21,11559.49,342020000.0,0.15
2025-04-17,11552.98,11595.23,11609.96,11543.28,290050000.0,-0.7
2025-04-20,11626.6,11574.75,11636.32,11574.2,187030000.0,0.64
2025-04-21,11548.66,11633.71,11642.16,11543.17,167910000.0,-0.67
2025-04-22,11586.4,11554.5,11606.53,11523.83,230200000.0,0.33
2025-04-23,11681.11,11667.62,11714.41,11656.56,294550000.0,0.82
2025-04-24,11764.39,11694.05,11774.72,11684.14,398030000.0,0.71
2025-04-27,11756.21,11790.35,11800.71,11748.1,297940000.0,-0.07
2025-04-28,11784.63,11769.96,11796.17,11738.3,382680000.0,0.24
2025-04-29,11746.2,11792.48,11809.4,11745.84,333760000.0,-0.33
2025-04-30,11671.58,11749.35,11765.96,11653.28,298350000.0,-0.64
2025-05-01,11543.67,11664.17,11668.19,11504.18,242920000.0,-1.1
2025-05-04,11411.5,11546.32,11564.68,11411.5,193180000.0,-1.14
2025-05-05,11422.95,11392.23,11454.02,11313.8,263470000.00000003,0.1
2025-05-06,11434.08,11429.35,11480.78,11396.2,221640000.0,0.1
2025-05-07,11398.74,11430.17,11459.78,11389.05,211690000.0,-0.31
2025-05-08,11364.11,11437.0,11454.94,11334.48,199820000.0,-0.3
2025-05-11,11346.59,11401.81,11426.74,11334.4,159360000.0,-0.15
2025-05-12,11488.6,11388.06,11519.46,11388.06,315240000.0,1.25
2025-05-13,11532.27,11528.37,11532.27,11477.71,235720000.0,0.38
2025-05-14,11532.0,11529.17,11551.32,11486.76,272060000.0,0.0
2025-05-15,11485.05,11527.22,11545.52,11458.38,234710000.0,-0.41
2025-05-18,11438.94,11492.4,11516.39,11430.76,158120000.0,-0.4
2025-05-19,11405.28,11433.95,11445.91,11370.73,240130000.0,-0.29
2025-05-20,11438.18,11397.58,11457.64,11371.53,196390000.0,0.29
2025-05-21,11303.68,11421.01,11449.26,11303.68,182190000.0,-1.18
2025-05-22,11188.74,11270.28,11273.65,11179.16,201940000.0,-1.02
2025-05-25,10999.78,11201.26,11207.76,10999.78,144130000.0,-1.69
2025-05-26,11075.96,11035.34,11075.96,10946.94,202020000.0,0.69
2025-05-27,10925.18,11081.99,11086.65,10893.06,209220000.0,-1.36
2025-05-28,11052.76,10943.5,11082.57,10936.84,174260000.0,1.17
2025-05-29,10990.41,11097.28,11107.76,10970.78,338830000.0,-0.56
2025-06-01,10825.27,11005.79,11009.74,10792.03,151080000.0,-1.5
2025-06-02,10850.09,10846.12,10883.26,10816.8,174310000.0,0.23
2025-06-03,10832.43,10874.76,10882.96,10832.43,169970000.0,-0.16
2025-06-04,11004.53,10861.08,11005.48,10858.48,183270000.0,1.59
2025-06-11,11005.02,11090.38,11165.09,10972.11,245520000.0,0.0
2025-06-12,10840.94,10963.42,10963.87,10810.04,256200000.0,-1.49
2025-06-15,10731.59,10429.67,10784.77,10429.11,292230000.0,-1.01
2025-06-16,10867.04,10755.9,10925.78,10753.83,260490000.0,1.26
2025-06-17,10713.82,10859.93,10876.03,10713.82,250800000.0,-1.41
2025-06-18,10591.13,10675.71,10678.74,10572.48,229930000.0,-1.15
2025-06-19,10610.71,10582.37,10633.85,10529.05,265570000.0,0.18
2025-06-22,10574.27,10604.52,10730.86,10572.64,233620000.0,-0.34
2025-06-23,10710.24,10587.63,10712.18,10587.09,229460000.0,1.29
2025-06-24,10964.28,10883.79,10964.28,10848.09,435530000.0,2.37
2025-06-25,10973.98,10999.5,11011.49,10914.8,292440000.0,0.09
2025-06-26,11068.27,10977.67,11068.27,10937.1,311030000.0,0.86
2025-06-29,11202.64,11105.54,11202.64,11094.65,250460000.0,1.21
2025-06-30,11163.96,11204.25,11227.32,11163.96,300740000.0,-0.35
2025-07-01,11121.6,11188.26,11198.88,11104.69,292540000.0,-0.38
2025-07-02,11129.64,11129.76,11159.44,11095.94,330320000.0,0.07
2025-07-03,11244.45,11142.68,11244.45,11135.62,310460000.0,1.03
2025-07-06,11315.73,11239.31,11322.6,11211.82,215380000.0,0.63
2025-07-07,11345.46,11320.59,11370.44,11299.97,415210000.0,0.26
2025-07-08,11294.07,11334.89,11351.9,11275.79,466700000.0,-0.45
2025-07-09,11277.73,11291.56,11297.93,11238.45,347340000.0,-0.14
2025-07-10,11276.91,11271.68,11306.07,11256.21,290620000.0,-0.01
2025-07-13,11252.9,11279.13,11310.16,11229.8,254670000.0,-0.21
2025-07-14,11213.59,11255.01,11257.42,11166.87,238490000.0,-0.35
2025-07-15,11095.41,11200.65,11209.19,11068.23,273450000.0,-1.05
2025-07-16,11038.74,11090.01,11130.87,11030.82,217450000.0,-0.51
2025-07-17,11006.98,11033.02,11042.01,10977.62,255760000.0,-0.29
2025-07-20,10964.71,11020.94,11085.43,10958.75,324410000.0,-0.38
2025-07-21,10981.17,10982.48,11002.57,10932.33,355520000.0,0.15
2025-07-22,10843.2,10990.83,10995.11,10838.86,515700000.00000006,-1.26
2025-07-23,10983.93,10844.31,10983.93,10831.35,564790000.0,1.3
2025-07-24,10945.8,10996.53,11013.18,10921.2,535590000.00000006,-0.35
2025-07-27,10956.22,10956.37,10976.56,10944.22,447000000.0,0.1
2025-07-28,10885.32,10943.19,10977.37,10885.32,546780000.0,-0.65
2025-07-29,10823.91,10894.36,10898.61,10791.22,302330000.0,-0.56
2025-07-30,10914.38,10818.94,10914.38,10779.11,677610000.0,0.84
2025-07-31,10920.27,10907.3,10920.27,10852.32,417320000.0,0.05
2025-08-03,10833.1,10890.24,10890.53,10772.86,272780000.0,-0.8
2025-08-04,10839.45,10796.48,10839.45,10725.34,447000000.0,0.06
2025-08-05,10921.85,10837.97,10921.85,10816.12,527090000.00000006,0.76
2025-08-06,10946.74,10922.17,10949.54,10909.56,357670000.0,0.23
2025-08-07,10930.3,10932.41,10938.56,10911.86,272460000.0,-0.15
2025-08-10,10899.11,10924.68,10929.29,10887.72,234510000.0,-0.29
2025-08-11,10791.64,10886.91,10887.59,10791.64,266740000.0,-0.99
2025-08-12,10769.66,10783.28,10804.45,10747.92,234470000.0,-0.2
2025-08-13,10763.45,10779.44,10815.21,10745.82,233220000.0,-0.06
2025-08-14,10833.59,10765.37,10833.59,10752.43,242980000.0,0.65
2025-08-17,10897.39,10831.56,10898.46,10831.26,190650000.0,0.59
2025-08-18,10885.58,10897.08,10902.52,10847.07,216530000.0,-0.11
2025-08-19,10881.71,10878.35,10896.89,10851.25,256700000.0,-0.04
2025-08-20,10878.07,10855.41,10910.45,10844.54,196580000.0,-0.03
2025-08-21,10866.83,10868.41,10889.57,10860.17,288870000.0,-0.1
2025-08-24,10904.53,10910.79,10966.75,10904.53,227680000.0,0.35
2025-08-25,10898.04,10901.0,10921.5,10887.92,252380000.0,-0.06
2025-08-26,10874.74,10898.52,10900.4,10855.47,380570000.0,-0.21
2025-08-27,10808.45,10882.88,10883.85,10808.45,197810000.0,-0.61
2025-08-28,10732.31,10807.97,10823.7,10732.31,271050000.0,-0.7
2025-08-31,10696.89,10760.09,10771.41,10678.98,236730000.0,-0.33
2025-09-01,10670.56,10699.66,10709.64,10644.26,208270000.0,-0.25
2025-09-02,10667.44,10669.7,10676.51,10611.95,215940000.0,-0.03
2025-09-03,10619.1,10649.54,10695.74,10615.82,168380000.0,-0.45
2025-09-04,10655.61,10620.39,10663.92,10616.62,153190000.0,0.34
2025-09-07,10593.97,10664.75,10674.53,10587.01,126570000.0,-0.58
2025-09-08,10497.05,10593.44,10608.23,10486.17,260529999.99999997,-0.91
2025-09-09,10529.17,10499.99,10529.17,10421.08,253050000.0,0.31
2025-09-10,10498.04,10519.37,10519.52,10456.41,232140000.0,-0.3
2025-09-11,10453.06,10502.62,10517.6,10430.96,192580000.0,-0.43
2025-09-14,10433.98,10436.93,10452.17,10371.16,153510000.0,-0.18
2025-09-15,10427.06,10426.84,10445.05,10366.59,240140000.0,-0.07
2025-09-16,10518.73,10429.59,10518.73,10406.69,242710000.0,0.88
2025-09-17,10650.39,10533.5,10650.39,10524.57,234280000.0,1.25
2025-09-18,10780.69,10667.36,10780.69,10629.54,607400000.0,1.22
2025-09-21,10808.68,10800.13,10862.05,10758.92,272830000.0,0.26
2025-09-22,10876.42,10802.27,10879.03,10777.73,261250000.0,0.63
2025-09-24,11426.45,11045.78,11450.7,11000.48,598310000.0,5.06
2025-09-25,11308.11,11659.56,11661.23,11184.71,529130000.0,-1.04
2025-09-28,11229.54,11272.0,11330.74,11223.87,255580000.0,-0.69
2025-09-29,11434.18,11230.43,11438.05,11213.66,350810000.0,1.82
2025-09-30,11502.97,11439.26,11555.36,11425.07,394000000.0,0.6
2025-10-01,11529.36,11514.19,11563.03,11493.26,356950000.0,0.23
2025-10-02,11495.72,11540.68,11557.76,11480.62,322140000.0,-0.29
2025-10-05,11528.59,11513.9,11560.66,11509.99,248780000.0,0.29
2025-10-06,11605.2,11534.51,11645.14,11533.71,307740000.0,0.66
2025-10-07,11583.23,11615.73,11619.84,11540.97,305660000.0,-0.19
2025-10-08,11559.27,11581.97,11607.66,11543.03,619400000.0,-0.21
2025-10-09,11583.31,11564.07,11602.69,11556.74,254930000.0,0.21
2025-10-12,11494.45,11371.7,11538.86,11320.27,233240000.0,-0.77
2025-10-13,11591.69,11529.84,11607.45,11521.37,282850000.0,0.85
2025-10-14,11596.0,11593.05,11630.36,11592.3,267950000.0,0.04
2025-10-15,11682.23,11603.44,11682.23,11601.13,345570000.0,0.74
2025-10-16,11696.58,11682.9,11723.8,11677.83,306930000.0,0.12
2025-10-19,11690.61,11697.45,11740.24,11679.96,190830000.0,-0.05
2025-10-20,11644.55,11702.55,11715.56,11625.04,226560000.0,-0.39
2025-10-21,11545.8,11664.92,11665.77,11539.43,232780000.0,-0.85
2025-10-22,11585.9,11542.22,11618.28,11492.03,244610000.0,0.35
2025-10-23,11611.68,11599.57,11615.89,11548.95,226170000.0,0.22
2025-10-26,11593.45,11620.3,11643.01,11590.03,168740000.0,-0.16
2025-10-27,11619.82,11603.2,11651.07,11598.49,265510000.0,0.23
2025-10-28,11674.06,11615.38,11693.11,11615.38,257540000.00000003,0.47
2025-10-29,11752.08,11677.23,11752.08,11674.33,198380000.0,0.67
2025-10-30,11655.85,11751.43,11781.68,11628.06,314120000.0,-0.82
2025-11-02,11536.29,11580.77,11637.83,11527.9,259920000.00000003,-1.03
2025-11-03,11483.57,11535.4,11548.29,11441.83,308610000.0,-0.46
2025-11-04,11398.29,11493.15,11528.63,11395.26,289500000.0,-0.74
2025-11-05,11256.74,11358.31,11374.83,11256.74,261709999.99999997,-1.24
2025-11-06,11302.35,11263.2,11321.17,11257.08,220760000.0,0.41
2025-11-09,11244.36,11288.71,11291.1,11183.28,158250000.0,-0.51
2025-11-10,11243.8,11233.73,11258.5,11205.4,197460000.0,0.0
2025-11-11,11270.45,11248.56,11270.45,11225.01,187570000.0,0.24
2025-11-12,11254.88,11261.86,11297.84,11246.72,201590000.0,-0.14
2025-11-13,11177.66,11251.72,11259.83,11177.66,165800000.0,-0.69
2025-11-16,11052.61,11160.64,11160.64,11043.62,157040000.0,-1.12
2025-11-17,11051.13,11034.68,11106.06,11023.79,185780000.0,-0.01
2025-11-18,11098.8,11009.31,11105.93,10979.64,215970000.0,0.43
2025-11-19,10998.67,11105.01,11135.64,10998.06,176600000.0,-0.9
2025-11-20,11010.63,11006.91,11030.86,10977.78,132229999.99999999,0.11
2025-11-23,11010.81,11014.52,11057.83,11000.18,97130000.0,0.0
2025-11-24,10851.76,10999.38,11001.51,10851.76,236210000.0,-1.44
2025-11-25,10686.62,10842.98,10877.98,10686.62,183620000.0,-1.52
2025-11-26,10635.38,10668.0,10696.2,10576.48,276280000.0,-0.48
2025-11-27,10640.65,10655.03,10688.33,10612.08,138060000.0,0.05
2025-11-30,10590.88,10651.19,10687.46,10588.18,129110000.00000001,-0.47
2025-12-01,10543.0,10594.71,10600.32,10499.19,162670000.0,-0.45
2025-12-02,10536.28,10543.41,10575.18,10500.53,179220000.0,-0.06
2025-12-03,10574.79,10522.19,10574.79,10499.41,170420000.0,0.37
2025-12-04,10626.15,10584.24,10700.13,10583.26,207210000.0,0.49
2025-12-07,10631.25,10640.01,10666.53,10612.2,127940000.0,0.05
2025-12-08,10625.5,10633.37,10640.97,10574.86,161430000.0,-0.05
2025-12-09,10699.79,10613.24,10699.79,10610.04,174200000.0,0.7
2025-12-10,10726.16,10710.18,10742.86,10700.12,150570000.0,0.25
2025-12-11,10715.98,10753.61,10755.12,10688.74,159960000.0,-0.09
2025-12-14,10588.83,10696.75,10697.54,10582.19,141770000.0,-1.19
2025-12-15,10590.17,10573.38,10594.94,10504.53,151150000.0,0.01
2025-12-16,10452.91,10600.67,10609.02,10449.62,155390000.0,-1.3
2025-12-17,10414.06,10431.93,10444.9,10376.54,149420000.0,-0.37
2025-12-18,10450.27,10425.98,10461.73,10382.99,211230000.0,0.35
2025-12-21,10484.59,10488.63,10562.14,10472.88,127420000.0,0.33
2025-12-22,10552.26,10492.14,10552.26,10449.01,184600000.0,0.65
2025-12-23,10595.85,10543.7,10596.38,10528.2,161960000.0,0.41
2025-12-24,10540.72,10601.08,10602.75,10521.68,123500000.0,-0.52
2025-12-25,10526.09,10534.25,10553.19,10514.98,80460000.0,-0.14
2025-12-28,10416.65,10526.99,10528.27,10415.99,136020000.0,-1.04
2025-12-29,10489.65,10423.15,10489.65,10384.37,142160000.0,0.7
2025-12-30,10381.51,10460.3,10468.34,10339.14,164700000.0,-1.03
2025-12-31,10490.69,10393.18,10501.22,10391.14,150490000.0,1.05
2026-01-01,10549.08,10502.32,10558.21,10497.27,94730000.0,0.56
2026-01-04,10364.03,10537.72,10539.32,10348.93,170990000.0,-1.75
2026-01-05,10325.2,10370.18,10434.3,10290.36,243300000.0,-0.37
2026-01-06,10290.76,10323.62,10361.81,10281.49,191500000.0,-0.33
2026-01-07,10455.14,10504.18,10547.0,10368.95,280150000.0,1.6
2026-01-08,10473.23,10451.49,10488.53,10368.85,200620000.0,0.17
2026-01-11,10609.76,10502.83,10609.76,10502.67,189210000.0,1.3
2026-01-12,10745.45,10623.1,10745.45,10620.54,261700000.0,1.28
2026-01-13,10893.63,10763.44,10893.63,10718.17,279670000.0,1.38
2026-01-14,10945.15,10906.57,11006.16,10875.18,373930000.0,0.47
2026-01-15,10818.32,10937.57,10938.73,10791.44,218440000.0,-1.16
2026-01-18,10912.18,10847.81,10952.19,10844.48,180000000.0,0.87
2026-01-19,10917.04,10923.99,10925.58,10868.18,200210000.0,0.04
2026-01-20,10912.43,10901.76,10940.31,10896.12,194170000.0,-0.04
2026-01-21,10948.28,10900.01,10958.18,10871.23,234680000.0,0.33
2026-01-22,11133.58,10966.38,11133.58,10963.62,269010000.0,1.69
2026-01-25,11268.48,11139.09,11285.13,11139.01,214070000.0,1.21
2026-01-26,11270.62,11276.2,11277.61,11191.22,252130000.0,0.02
2026-01-27,11381.83,11292.15,11394.52,11288.25,326970000.0,0.99
2026-01-28,11458.11,11415.39,11463.23,11395.69,280000000.0,0.67
2026-01-29,11382.08,11470.22,11484.52,11382.08,299950000.0,-0.66
2026-02-01,11167.48,11344.98,11371.5,11089.27,208090000.0,-1.89
2026-02-02,11321.09,11066.75,11321.09,11022.14,240240000.0,1.38
2026-02-03,11328.52,11339.49,11372.84,11300.68,220360000.0,0.07
2026-02-04,11341.27,11330.43,11381.82,11306.6,219420000.0,0.11
2026-02-05,11188.73,11320.52,11322.09,11164.35,239040000.0,-1.34
2026-02-08,11216.93,11289.41,11320.13,11188.44,150450000.0,0.25
2026-02-09,11195.45,11219.91,11246.04,11130.78,239530000.0,-0.19
2026-02-10,11213.97,11190.54,11213.97,11150.77,303640000.0,0.17
2026-02-11,11167.54,11201.95,11218.92,11130.45,356350000.0,-0.41
2026-02-12,11251.81,11155.74,11251.81,11142.57,341630000.0,0.75
2026-02-15,11228.64,11248.39,11264.72,11221.41,216530000.0,-0.21
2026-02-16,11183.85,11229.74,11230.18,11161.89,235320000.0,-0.4
2026-02-17,11098.06,11165.61,11168.05,11042.84,226030000.0,-0.77
2026-02-18,11155.45,11050.75,11155.45,11018.9,209300000.0,0.52
2026-02-19,10947.25,11146.96,11147.04,10929.79,254830000.0,-1.87
2026-02-23,10984.06,10965.92,11035.61,10878.15,245210000.0,0.34
2026-02-24,10906.44,10947.6,10957.15,10872.91,189120000.0,-0.71
2026-02-25,10847.93,10879.61,10905.17,10802.82,167160000.0,-0.54
2026-02-26,10709.04,10824.37,10830.89,10703.7,271210000.0,-1.28
2026-03-01,10475.55,10195.24,10594.7,10193.83,257029999.99999997,-2.18
2026-03-02,10488.91,10489.8,10586.46,10366.46,277440000.0,0.13
2026-03-03,10565.74,10478.67,10570.24,10469.77,250700000.0,0.73
2026-03-04,10692.69,10586.51,10782.4,10579.1,321340000.0,1.2
2026-03-05,10776.32,10747.39,10846.98,10737.28,252660000.0,0.78
2026-03-08,11007.19,10887.65,11021.99,10885.55,282940000.0,2.14
2026-03-09,10830.73,11037.93,11043.34,10828.31,343870000.0,-1.6
2026-03-10,10930.05,10783.73,10947.06,10779.55,243370000.0,0.92
2026-03-11,10942.0,10944.27,11035.95,10913.25,224780000.0,0.11
2026-03-12,10893.27,10946.16,10986.41,10877.76,236210000.0,-0.45
2026-03-15,10886.63,10884.17,10900.75,10779.03,153170000.0,-0.06
2026-03-16,10946.26,10900.48,10946.26,10849.79,255170000.0,0.55
2026-03-24,10949.38,10954.43,10982.86,10880.5,337040000.0,0.03
2026-03-25,11079.93,10953.18,11087.26,10939.53,262420000.00000003,1.19
2026-03-26,11090.33,11083.18,11112.63,11036.99,263420000.00000003,0.09
2026-03-29,11076.4,11095.64,11140.43,11067.76,199520000.0,-0.13
2026-03-30,11167.27,11097.5,11184.66,11095.56,298200000.0,0.82
2026-03-31,11249.54,11167.84,11275.68,11155.97,366590000.0,0.74
2026-04-01,11275.9,11287.61,11312.77,11242.19,325470000.0,0.23
2026-04-02,11268.38,11276.6,11315.34,11238.58,301570000.0,-0.07
2026-04-05,11271.96,11271.33,11305.44,11247.08,260940000.0,0.03
2026-04-06,11262.62,11273.53,11294.5,11241.05,253840000.0,-0.08
2026-04-07,11087.54,11250.74,11251.75,11086.26,287570000.0,-1.55
2026-04-08,11339.0,11235.1,11339.0,11214.54,407020000.0,2.27
2026-04-09,11343.17,11322.21,11343.17,11285.0,271750000.0,0.04
2026-04-12,11314.64,11299.58,11355.63,11269.41,224930000.0,-0.25
2026-04-13,11426.77,11318.41,11426.77,11309.6,285940000.0,0.99
2026-04-14,11486.18,11427.2,11489.08,11414.9,279370000.0,0.52
2026-04-15,11589.05,11484.01,11592.3,11483.86,374730000.0,0.9
2026-04-16,11554.16,11585.05,11585.05,11519.06,330420000.0,-0.3
2026-04-19,11464.54,11547.17,11566.21,11450.16,252700000.0,-0.78
2026-04-20,11366.79,11466.5,11476.16,11366.79,258029999.99999997,-0.85
2026-04-21,11344.96,11395.19,11466.64,11331.87,275680000.0,-0.19
2026-04-22,11244.99,11348.93,11354.86,11243.13,280790000.0,-0.88
2026-04-23,11109.59,11243.92,11250.12,11102.31,331370000.0,-1.2
2026-04-26,11121.56,11116.77,11146.65,11072.77,216690000.0,0.11
2026-04-27,11168.51,11136.5,11200.61,11100.87,374520000.0,0.42
2026-04-28,11179.95,11199.13,11223.14,11177.66,328690000.0,0.1
2026-04-29,11238.07,11197.35,11241.48,11179.84,357320000.0,0.52
2026-04-30,11187.66,11238.99,11249.3,11187.66,465680000.0,-0.45
2026-05-03,11192.84,11198.14,11224.11,11159.1,250810000.0,0.05
2026-05-04,11090.65,11187.69,11190.78,11076.34,301360000.0,-0.91
2026-05-05,11006.97,11077.54,11081.65,10973.65,285240000.0,-0.75
2026-05-06,10949.27,11024.14,11052.87,10949.27,320960000.0,-0.52
2026-05-07,11031.32,10986.99,11044.8,10965.6,298900000.0,0.75
2026-05-10,11115.07,11060.64,11144.84,11029.52,202190000.0,0.76
2026-05-11,11158.45,11113.59,11192.12,11090.69,319180000.0,0.39
2026-05-12,11039.23,11166.19,11174.69,11039.23,289360000.0,-1.07
2026-05-13,11020.07,11050.71,11068.29,11020.07,273040000.0,-0.17
2026-05-14,10995.44,11038.31,11067.86,10992.76,275780000.0,-0.22
2026-05-17,10967.94,10994.32,10996.46,10946.52,158930000.0,-0.25
2026-05-18,10956.1,10960.91,11001.02,10933.53,214510000.0,-0.11
2026-05-19,10982.3,10956.47,10988.96,10944.33,245880000.0,0.24
2026-05-20,10985.56,10972.66,11013.68,10945.35,249160000.0,0.03
2026-05-21,11027.54,11001.51,11032.07,10973.13,372870000.0,0.38
2026-05-31,11077.91,11077.91,11077.91,11077.91,206870000.0,0.46
2026-06-01,11009.52,11062.11,11083.52,11009.52,388370000.0,-0.62
2026-06-02,11015.55,11022.32,11050.47,10991.01,299610000.0,0.05
2026-06-03,11002.04,11023.83,11047.53,10975.96,229490000.0,-0.12
2026-06-04,10990.45,11006.69,11015.93,10972.84,236910000.0,-0.11
2026-06-07,10928.79,10948.32,10957.35,10907.9,185980000.0,-0.56
2026-06-08,10973.08,10892.44,10982.03,10879.94,268920000.0,0.41
2026-06-09,11115.37,10985.35,11115.37,10982.07,315720000.0,1.3
2026-06-10,11012.64,11115.48,11115.71,11008.2,237690000.0,-0.92
2026-06-11,11042.02,11009.41,11042.02,10995.98,214080000.0,0.27
2026-06-14,11104.42,11090.61,11137.49,11085.62,202950000.0,0.57
2026-06-15,11095.86,11156.38,11159.46,11091.01,307150000.0,-0.08
2026-06-16,11145.55,11106.77,11172.15,11101.35,235360000.0,0.45
2026-06-17,11114.9,11123.12,11148.48,11093.58,181210000.0,-0.27
2026-06-18,11121.13,11117.12,11136.26,11099.8,275070000.0,0.06
2026-06-21,11076.67,11109.06,11128.22,11067.41,166830000.0,-0.4
2026-06-22,11072.4,11082.9,11084.31,11052.74,179890000.0,-0.04
2026-06-23,11033.99,11067.1,11074.18,11022.68,201810000.0,-0.35
2026-06-24,11006.8,11016.54,11072.2,11006.8,241850000.0,-0.25
2026-06-25,10933.23,10987.19,10994.78,10933.23,207570000.0,-0.67
2026-06-28,10907.67,10936.34,10951.01,10877.35,145670000.0,-0.23
2026-06-29,10792.15,10905.52,10918.38,10785.08,246680000.0,-1.06
2026-06-30,10799.92,10791.99,10819.47,10756.51,305090000.0,0.07
2026-07-01,10856.9,10804.9,10879.82,10804.89,294130000.0,0.53
2026-07-02,10826.98,10858.47,10868.11,10826.98,261829999.99999997,-0.28
2026-07-05,10798.97,10830.93,10837.64,10775.19,198130000.0,-0.26
2026-07-06,10813.04,10804.58,10839.89,10793.41,244710000.0,0.13
2026-07-07,10852.41,10817.49,10852.41,10788.08,219520000.0,0.36
2026-07-08,10853.73,10842.4,10854.92,10813.89,228060000.0,0.01
2026-07-09,10808.43,10853.2,10854.05,10788.76,181890000.0,-0.42
2026-07-12,10818.98,10811.5,10838.51,10796.7,126440000.0,0.1
2026-07-13,10801.71,10825.89,10870.45,10794.95,201200000.0,-0.16
2026-07-14,10715.61,10806.36,10813.85,10703.09,259550000.0,-0.8
2026-07-15,10704.51,10725.3,10761.79,10694.62,205790000.0,-0.1
2026-07-16,10720.28,10714.93,10733.28,10693.82,163730000.0,0.15
2026-07-19,10716.82,10713.97,10732.75,10652.41,130919999.99999999,-0.03
2026-07-20,10741.99,10717.22,10754.0,10706.63,239720000.0,0.23
2026-07-21,10698.81,10746.32,10748.82,10675.63,200570000.0,-0.4
2026-07-22,10775.46,10706.5,10775.46,10705.81,167900000.0,0.72
2026-07-23,10804.11,10777.87,10804.11,10732.73,178370000.0,0.27
2026-07-26,10766.84,10781.71,10789.48,10748.21,119510000.0,-0.34
2026-07-27,10769.12,10775.55,10824.23,10741.2,211510000.0,0.02
2026-07-28,10678.11,10754.86,10759.13,10676.08,195890000.0,-0.85
2026-07-29,10544.1,10639.44,10647.35,10497.44,305450000.0,-1.26
2026-07-30,10589.72,10543.53,10590.45,10509.34,212870000.0,0.43
2026-08-02,10705.87,10604.79,10731.55,10574.4,176790000.0,1.1
2026-08-03,10823.62,10710.14,10823.62,10671.59,335660000.0,1.1
2026-08-04,10858.14,10822.1,10894.69,10816.08,297950000.0,0.32
2026-08-05,10887.55,10852.58,10896.1,10836.24,262250000.0,0.27
2026-08-06,10811.57,10899.51,10910.14,10811.57,254270000.0,-0.7
2026-08-09,10817.01,10813.44,10860.37,10809.6,186080000.0,0.05
2026-08-10,10845.58,10832.78,10866.51,10809.39,275260000.0,0.26
2026-08-11,10833.18,10859.64,10874.74,10818.83,255320000.0,-0.11
2026-08-12,10844.12,10822.22,10851.62,10817.03,256390000.0,0.1
2026-08-13,10823.6,10841.52,10857.96,10820.31,245200000.0,-0.19
2026-08-16,10919.68,10888.09,10926.77,10884.21,190000000.0,0.89
2026-08-17,10908.06,10928.94,10931.97,10875.13,258480000.00000003,-0.11
2026-08-18,10911.58,10906.21,10966.74,10898.47,275110000.0,0.03
2026-08-19,10925.69,10912.61,10942.54,10900.63,201990000.0,0.13
2026-08-20,10954.46,10914.46,10961.29,10909.04,261470000.00000003,0.26
2026-08-23,11078.68,10962.88,11084.53,10961.24,223710000.0,1.13
2026-08-24,11174.13,11082.62,11188.1,11076.84,305150000.0,0.86
2026-08-25,11231.61,11170.91,11240.13,11158.1,303850000.0,0.51
2026-08-26,11259.9,11233.15,11286.01,11208.59,306550000.0,0.25
2026-08-27,11237.93,11267.58,11293.9,11235.53,250250000.0,-0.2
2026-08-30,11158.54,11241.66,11256.68,11149.17,192330000.0,-0.71
2026-08-31,11127.08,11163.76,11192.46,11127.08,435620000.0,-0.28
2026-09-01,11100.74,11152.54,11159.83,11072.27,246250000.0,-0.24
2026-09-02,11012.18,11090.41,11095.62,10998.15,204520000.0,-0.8
2026-09-03,11032.91,11019.58,11075.49,11005.23,204320000.0,0.19
2026-09-06,11068.65,11047.07,11077.5,11046.09,160790000.0,0.32
2026-09-07,11024.73,11081.05,11093.13,11024.73,195710000.0,-0.4
2026-09-08,11036.25,11011.09,11047.96,10990.0,164020000.0,0.1
2026-09-09,11015.72,11035.45,11053.63,11003.44,181500000.0,-0.19
2026-09-10,11007.27,11003.88,11059.47,10993.37,180780000.0,-0.08
2026-09-13,10864.57,10957.6,10957.6,10860.16,187140000.0,-1.3
2026-09-14,10878.46,10862.52,10906.23,10838.78,175930000.0,0.13
2026-09-15,10781.62,10872.54,10878.3,10761.53,229510000.0,-0.89
2026-09-16,10779.96,10782.39,10820.9,10751.02,167990000.0,-0.02
2026-09-17,10777.94,10765.62,10808.0,10760.42,226640000.0,-0.02
2026-09-20,10749.51,10756.08,10764.34,10698.69,148510000.0,-0.26
